dataset,state,canonical_district_count,coverage_percentage,direct_observed_count,inherited_count,imputed_count,unmatched_count,mapping_confidence
LGD Master South India,Tamil Nadu,38,100.0,38,0,0,0,CANONICAL_EXACT
LGD Master South India,Telangana,33,100.0,33,0,0,0,CANONICAL_EXACT
LGD Master South India,Karnataka,31,100.0,31,0,0,0,CANONICAL_EXACT
LGD Master South India,Andhra Pradesh,26,100.0,26,0,0,0,CANONICAL_EXACT
LGD Master South India,Kerala,14,100.0,14,0,0,0,CANONICAL_EXACT
LGD Master South India,Puducherry,4,100.0,4,0,0,0,CANONICAL_EXACT
LGD Master South India,Goa,2,100.0,2,0,0,0,CANONICAL_EXACT
NFHS-5 District Factsheets,Tamil Nadu,38,100.0,32,6,0,0,HIGH
NFHS-5 District Factsheets,Telangana,33,100.0,29,4,0,0,HIGH
NFHS-5 District Factsheets,Karnataka,31,100.0,30,1,0,0,HIGH
NFHS-5 District Factsheets,Andhra Pradesh,26,100.0,13,12,1,0,HIGH
NFHS-5 District Factsheets,Kerala,14,100.0,14,0,0,0,CANONICAL_EXACT
NFHS-5 District Factsheets,Puducherry,4,100.0,4,0,0,0,CANONICAL_EXACT
NFHS-5 District Factsheets,Goa,2,100.0,2,0,0,0,CANONICAL_EXACT
MCA21 Corporate Registry,Tamil Nadu,38,100.0,38,0,0,0,HIGH_PINCODE_ADDR
MCA21 Corporate Registry,Telangana,33,100.0,33,0,0,0,HIGH_PINCODE_ADDR
MCA21 Corporate Registry,Karnataka,31,100.0,31,0,0,0,HIGH_PINCODE_ADDR
MCA21 Corporate Registry,Andhra Pradesh,26,100.0,26,0,0,0,HIGH_PINCODE_ADDR
MCA21 Corporate Registry,Kerala,14,100.0,14,0,0,0,HIGH_PINCODE_ADDR
MCA21 Corporate Registry,Puducherry,4,100.0,4,0,0,0,HIGH_PINCODE_ADDR
MCA21 Corporate Registry,Goa,2,100.0,2,0,0,0,HIGH_PINCODE_ADDR
