file_path,file_name,extension,size_bytes,row_count,col_count,columns,schema_summary,category,is_safe_for_prod
.gitignore,.gitignore,,582,,,[],,PROJECT_MISC,True
ahp_pillar_weights.py,ahp_pillar_weights.py,.py,5091,,,[],,PROJECT_MISC,True
build_index.py,build_index.py,.py,1927,,,[],,PROJECT_MISC,True
census_handbook_parser.py,census_handbook_parser.py,.py,8447,,,[],,PROJECT_MISC,True
conftest.py,conftest.py,.py,196,,,[],,PROJECT_MISC,True
dashboard_app.py,dashboard_app.py,.py,202,,,[],,PROJECT_MISC,True
district_crosswalk.py,district_crosswalk.py,.py,10856,,,[],,PROJECT_MISC,True
DLMAI_SOUTH_INDIA_REFACTOR_AUDIT.md,DLMAI_SOUTH_INDIA_REFACTOR_AUDIT.md,.md,24533,,,[],,PROJECT_MISC,True
generate_mock_census_handbook.py,generate_mock_census_handbook.py,.py,3692,,,[],,PROJECT_MISC,True
generate_mock_factsheet.py,generate_mock_factsheet.py,.py,6667,,,[],,PROJECT_MISC,True
generate_mock_kendra_pdf.py,generate_mock_kendra_pdf.py,.py,2411,,,[],,PROJECT_MISC,True
generate_mock_mca21.py,generate_mock_mca21.py,.py,4906,,,[],,PROJECT_MISC,True
generate_mock_rhs_table.py,generate_mock_rhs_table.py,.py,2314,,,[],,PROJECT_MISC,True
imputation_engine.py,imputation_engine.py,.py,9835,,,[],,PROJECT_MISC,True
jan_aushadhi_ingestion.py,jan_aushadhi_ingestion.py,.py,6690,,,[],,PROJECT_MISC,True
LICENSE,LICENSE,,1491,,,[],,PROJECT_MISC,True
manual_aliases.csv,manual_aliases.csv,.csv,263,,,[],"Error reading CSV: Error tokenizing data. C error: Expected 3 fields in line 3, saw 4
",PROJECT_MISC,True
mca21_ingestion.py,mca21_ingestion.py,.py,6067,,,[],,PROJECT_MISC,True
mock_Coimbatore_broken.pdf,mock_Coimbatore_broken.pdf,.pdf,2287,,,[],,PROJECT_MISC,True
mock_Coimbatore_census_handbook.pdf,mock_Coimbatore_census_handbook.pdf,.pdf,2286,,,[],,PROJECT_MISC,True
mock_Coimbatore_factsheet.pdf,mock_Coimbatore_factsheet.pdf,.pdf,2573,,,[],,PROJECT_MISC,True
mock_kendra_export.pdf,mock_kendra_export.pdf,.pdf,2432,,,[],,PROJECT_MISC,True
mock_Kurnool_census_handbook.pdf,mock_Kurnool_census_handbook.pdf,.pdf,2277,,,[],,PROJECT_MISC,True
mock_Kurnool_factsheet.pdf,mock_Kurnool_factsheet.pdf,.pdf,2573,,,[],,PROJECT_MISC,True
mock_mca21_company_master.csv,mock_mca21_company_master.csv,.csv,2041,11.0,6.0,"['CIN', 'Company Name', 'Company Status', 'Principal Business Activity', 'Registered Office Address', 'Registered State']","CIN, Company Name, Company Status, Principal Business Activity, Registered Office Address, Registered State",PROJECT_MISC,True
mock_rhs_district_table.pdf,mock_rhs_district_table.pdf,.pdf,2241,,,[],,PROJECT_MISC,True
nfhs_factsheet_parser.py,nfhs_factsheet_parser.py,.py,7388,,,[],,PROJECT_MISC,True
niti_aspirational_districts.py,niti_aspirational_districts.py,.py,5732,,,[],,PROJECT_MISC,True
README.md,README.md,.md,78159,,,[],,PROJECT_MISC,True
requirements-lock.txt,requirements-lock.txt,.txt,617,,,[],,PROJECT_MISC,True
requirements.txt,requirements.txt,.txt,72,,,[],,PROJECT_MISC,True
reshape_lgd_master.py,reshape_lgd_master.py,.py,6304,,,[],,PROJECT_MISC,True
rhs_parser.py,rhs_parser.py,.py,5837,,,[],,PROJECT_MISC,True
run_pipeline.py,run_pipeline.py,.py,22232,,,[],,PROJECT_MISC,True
sample_lgd_seed.csv,sample_lgd_seed.csv,.csv,1538,22.0,7.0,"['lgd_code', 'state_lgd_code', 'state_name', 'current_name', 'historical_names', 'parent_lgd_code', 'effective_from']","lgd_code, state_lgd_code, state_name, current_name, historical_names, parent_lgd_code, effective_from",PROJECT_MISC,True
scoring_engine.py,scoring_engine.py,.py,22014,,,[],,PROJECT_MISC,True
sensitivity_analysis.py,sensitivity_analysis.py,.py,9169,,,[],,PROJECT_MISC,True
setup_data_dirs.py,setup_data_dirs.py,.py,11255,,,[],,PROJECT_MISC,True
test_census_parser_demo.py,test_census_parser_demo.py,.py,3142,,,[],,PROJECT_MISC,True
test_crosswalk_demo.py,test_crosswalk_demo.py,.py,4472,,,[],,PROJECT_MISC,True
test_entropy_and_montecarlo_missing_data_demo.py,test_entropy_and_montecarlo_missing_data_demo.py,.py,3601,,,[],,PROJECT_MISC,True
test_imputation_demo.py,test_imputation_demo.py,.py,6497,,,[],,PROJECT_MISC,True
test_jan_aushadhi_demo.py,test_jan_aushadhi_demo.py,.py,2242,,,[],,PROJECT_MISC,True
test_mca21_demo.py,test_mca21_demo.py,.py,3151,,,[],,PROJECT_MISC,True
test_multilevel_inheritance_demo.py,test_multilevel_inheritance_demo.py,.py,2940,,,[],,PROJECT_MISC,True
test_niti_demo.py,test_niti_demo.py,.py,2155,,,[],,PROJECT_MISC,True
test_parser_validation.py,test_parser_validation.py,.py,2703,,,[],,PROJECT_MISC,True
test_rhs_parser_demo.py,test_rhs_parser_demo.py,.py,3117,,,[],,PROJECT_MISC,True
test_scoring_demo.py,test_scoring_demo.py,.py,5370,,,[],,PROJECT_MISC,True
test_scoring_missing_data_demo.py,test_scoring_missing_data_demo.py,.py,6220,,,[],,PROJECT_MISC,True
test_sensitivity_demo.py,test_sensitivity_demo.py,.py,4248,,,[],,PROJECT_MISC,True
.venv/.gitignore,.gitignore,,71,,,[],,PROJECT_MISC,True
.venv/pyvenv.cfg,pyvenv.cfg,.cfg,241,,,[],,PROJECT_MISC,True
.venv/Scripts/python.exe,python.exe,.exe,254696,,,[],,PROJECT_MISC,True
.venv/Scripts/pythonw.exe,pythonw.exe,.exe,250360,,,[],,PROJECT_MISC,True
config/geography.yaml,geography.yaml,.yaml,1225,,,[],"YAML config with keys: ['version', 'region_name', 'description', 'target_states', 'summary', 'master_files']",CONFIG_YAML,True
config/indicators.yaml,indicators.yaml,.yaml,6503,,,[],"YAML config with keys: ['version', 'indicators', 'contextual_variables']",CONFIG_YAML,True
config/pillars.yaml,pillars.yaml,.yaml,2206,,,[],"YAML config with keys: ['version', 'pillars']",CONFIG_YAML,True
config/scoring.yaml,scoring.yaml,.yaml,1338,,,[],"YAML config with keys: ['version', 'normalization', 'intra_pillar_weighting', 'aggregation', 'tiering']",CONFIG_YAML,True
config/sensitivity.yaml,sensitivity.yaml,.yaml,1001,,,[],"YAML config with keys: ['version', 'monte_carlo', 'stability_thresholds', 'robustness_models']",CONFIG_YAML,True
config/weights.yaml,weights.yaml,.yaml,1064,,,[],"YAML config with keys: ['version', 'ahp_matrix', 'validation', 'ahp_priority_weights', 'value_driver_weights_renormalized', 'saturation']",CONFIG_YAML,True
dashboard/dashboard_app.py,dashboard_app.py,.py,18720,,,[],,PROJECT_MISC,True
data/.gitkeep,.gitkeep,,0,,,[],,PROJECT_MISC,True
data/census/.gitkeep,.gitkeep,,0,,,[],,RAW_CENSUS_DEMOGRAPHICS,True
data/census/handbooks/.gitkeep,.gitkeep,,0,,,[],,RAW_CENSUS_DEMOGRAPHICS,True
data/census/primary_census_abstract/.gitkeep,.gitkeep,,0,,,[],,RAW_CENSUS_DEMOGRAPHICS,True
data/census/primary_census_abstract/PCA_district_level.csv,PCA_district_level.csv,.csv,70511,108.0,98.0,"['State Code', 'District Code', 'Subdistt Code', 'Town/Village Code', 'State Code.1', 'District Code.1', 'Subdistt Code.1', 'Town/Village Code.1', 'Ward Code', 'EB Code', 'Level', 'Name', 'TRU', 'No of Households', 'Total Population Person', 'Total Population Male', 'Total Population Female', 'Population in the age group 0-6 Person', 'Population in the age group 0-6 Male', 'Population in the age group 0-6 Female', 'Scheduled Castes population Person', 'Scheduled Castes population Male', 'Scheduled Castes populationFemale', 'Scheduled Tribes population Person', 'Scheduled Tribes population Male', 'Scheduled Tribes population Female', 'Literates Population Person', 'Literates Population Male', 'Literates Population Female', 'Illiterate Persons', 'Illiterate Male', 'Illiterate Female', 'Total Worker Population Person', 'Total Worker Population Male', 'Total Worker Population Female', 'Main Working Population Person', 'Main Working Population Male', 'Main Working Population Female', 'Main Cultivator Population Person', 'Main Cultivator Population Male', 'Main Cultivator Population Female', 'Main Agricultural Labourers Population Person', 'Main Agricultural Labourers Population Male', 'Main Agricultural Labourers Population Female', 'Main Household Industries Population Person', 'Main Household Industries Population Male', 'Main Household Industries Population Female', 'Main Other Workers Population Person', 'Main Other Workers Population Male', 'Main Other Workers Population Female', 'Marginal Worker Population Person', 'Marginal Worker Population Male', 'Marginal Worker Population Female', 'Marginal Cultivator Population Person', 'Marginal Cultivator Population Male', 'Marginal Cultivator Population Female', 'Marginal Agriculture Labourers Population Person', 'Marginal Agriculture Labourers Population Male', 'Marginal Agriculture Labourers Population Female', 'Marginal Household Industries Population Person', 'Marginal Household Industries Population Male', 'Marginal Household Industries Population Female', 'Marginal Other Workers Population Person', 'Marginal Other Workers Population Male', 'Marginal Other Workers Population Female', 'Marginal Worker Population 3_6 Person', 'Marginal Worker Population 3_6 Male', 'Marginal Worker Population 3_6 Female', 'Marginal Cultivator Population 3_6 Person', 'Marginal Cultivator Population 3_6 Male', 'Marginal Cultivator Population 3_6 Female', 'Marginal Agriculture Labourers Population 3_6 Person', 'Marginal Agriculture Labourers Population 3_6 Male', 'Marginal Agriculture Labourers Population 3_6 Female', 'Marginal Household Industries Population 3_6 Person', 'Marginal Household Industries Population 3_6 Male', 'Marginal Household Industries Population 3-6 Female', 'Marginal Other Workers Population Person 3_6 Person', 'Marginal Other Workers Population Person 3_6 Male', 'Marginal Other Workers Population Person 3_6 Female', 'Marginal Worker Population 0_3 Person', 'Marginal Worker Population 0_3 Male', 'Marginal Worker Population 0_3_Female', 'Marginal Cultivator Population 0_3 Person', 'Marginal Cultivator Population 0_3 Male', 'Marginal Cultivator Population 0_3_Female', 'Marginal Agriculture Labourers Population 0_3 Person', 'Marginal Agriculture Labourers Population 0_3 Male', 'Marginal Agriculture Labourers Population 0_3 Female', 'Marginal Household Industries Population 0_3 Person', 'Marginal Household Industries Population 0_3 Male', 'Marginal Household Industries Population 0_3 Female', 'Marginal Other Workers Population 0_3 Person', 'Marginal Other Workers Population 0_3 Male', 'Marginal Other Workers Population 0_3 Female', 'Non Working Population Person', 'Non Working Population Male', 'Non Working Population Female']","State Code, District Code, Subdistt Code, Town/Village Code, State Code.1, District Code.1, Subdistt Code.1, Town/Village Code.1, Ward Code, EB Code...",RAW_CENSUS_DEMOGRAPHICS,True
data/census/primary_census_abstract/README.txt,README.txt,.txt,341,,,[],,RAW_CENSUS_DEMOGRAPHICS,True
data/jan_aushadhi/.gitkeep,.gitkeep,,0,,,[],,RAW_JAN_AUSHADHI,True
data/jan_aushadhi/Andhra_Pradesh.pdf,Andhra_Pradesh.pdf,.pdf,58682,,,[],,RAW_JAN_AUSHADHI,True
data/jan_aushadhi/Goa.pdf,Goa.pdf,.pdf,4101,,,[],,RAW_JAN_AUSHADHI,True
data/jan_aushadhi/Karnataka.pdf,Karnataka.pdf,.pdf,323558,,,[],,RAW_JAN_AUSHADHI,True
data/jan_aushadhi/Kerala.pdf,Kerala.pdf,.pdf,299353,,,[],,RAW_JAN_AUSHADHI,True
data/jan_aushadhi/MadhyaPradesh.pdf,MadhyaPradesh.pdf,.pdf,114732,,,[],,RAW_JAN_AUSHADHI,True
data/jan_aushadhi/Maharashtra.pdf,Maharashtra.pdf,.pdf,150943,,,[],,RAW_JAN_AUSHADHI,True
data/jan_aushadhi/Puducherry.pdf,Puducherry.pdf,.pdf,6712,,,[],,RAW_JAN_AUSHADHI,True
data/jan_aushadhi/README.txt,README.txt,.txt,860,,,[],,RAW_JAN_AUSHADHI,True
data/jan_aushadhi/TamilNadu.pdf,TamilNadu.pdf,.pdf,291951,,,[],,RAW_JAN_AUSHADHI,True
data/jan_aushadhi/Telangana.pdf,Telangana.pdf,.pdf,46194,,,[],,RAW_JAN_AUSHADHI,True
data/master/.gitkeep,.gitkeep,,0,,,[],,MASTER_GEOGRAPHY,True
data/master/district_crosswalk_south.csv,district_crosswalk_south.csv,.csv,17042,186.0,9.0,"['source_district_name', 'source_state', 'canonical_lgd_code', 'canonical_district_name', 'mapping_type', 'parent_district_name', 'parent_lgd_code', 'confidence', 'notes']","source_district_name, source_state, canonical_lgd_code, canonical_district_name, mapping_type, parent_district_name, parent_lgd_code, confidence, notes",MASTER_GEOGRAPHY,True
data/master/lgd_districts.csv.csv,lgd_districts.csv.csv,.csv,89622,785.0,8.0,"['state_code', 'state_name_english', 'state_name_local', 'state_census2011_code', 'district_code', 'district_name_english', 'district_name_local', 'district_census2011_code']","state_code, state_name_english, state_name_local, state_census2011_code, district_code, district_name_english, district_name_local, district_census2011_code",MASTER_GEOGRAPHY,True
data/master/lgd_master.csv,lgd_master.csv,.csv,24810,785.0,7.0,"['lgd_code', 'state_lgd_code', 'state_name', 'current_name', 'historical_names', 'parent_lgd_code', 'effective_from']","lgd_code, state_lgd_code, state_name, current_name, historical_names, parent_lgd_code, effective_from",MASTER_GEOGRAPHY,True
data/master/lgd_pincodes.pdf,lgd_pincodes.pdf,.pdf,51267246,,,[],,MASTER_GEOGRAPHY,True
data/master/lgd_south_india.csv,lgd_south_india.csv,.csv,4995,148.0,5.0,"['lgd_district_code', 'district_name', 'state_lgd_code', 'state_name', 'census_2011_code']","lgd_district_code, district_name, state_lgd_code, state_name, census_2011_code",MASTER_GEOGRAPHY,True
data/master/manual_aliases.csv,manual_aliases.csv,.csv,1127,35.0,3.0,"['raw_name', 'lgd_code', 'note']","raw_name, lgd_code, note",MASTER_GEOGRAPHY,True
data/master/README.txt,README.txt,.txt,1084,,,[],,MASTER_GEOGRAPHY,True
data/mca21/.gitkeep,.gitkeep,,0,,,[],,CORPORATE_MCA21,True
data/mca21/Andhra Pradesh.csv,Andhra Pradesh.csv,.csv,21066775,65662.0,16.0,"['CIN', 'CompanyName', 'CompanyROCcode', 'CompanyCategory', 'CompanySubCategory', 'CompanyClass', 'AuthorizedCapital', 'PaidupCapital', 'CompanyRegistrationdate_date', 'Registered_Office_Address', 'Listingstatus', 'CompanyStatus', 'CompanyStateCode', 'CompanyIndian/Foreign Company', 'nic_code', 'CompanyIndustrialClassification']","CIN, CompanyName, CompanyROCcode, CompanyCategory, CompanySubCategory, CompanyClass, AuthorizedCapital, PaidupCapital, CompanyRegistrationdate_date, Registered_Office_Address...",CORPORATE_MCA21,True
data/mca21/Goa.csv,Goa.csv,.csv,4302546,15684.0,16.0,"['CIN', 'CompanyName', 'CompanyROCcode', 'CompanyCategory', 'CompanySubCategory', 'CompanyClass', 'AuthorizedCapital', 'PaidupCapital', 'CompanyRegistrationdate_date', 'Registered_Office_Address', 'Listingstatus', 'CompanyStatus', 'CompanyStateCode', 'CompanyIndian/Foreign Company', 'nic_code', 'CompanyIndustrialClassification']","CIN, CompanyName, CompanyROCcode, CompanyCategory, CompanySubCategory, CompanyClass, AuthorizedCapital, PaidupCapital, CompanyRegistrationdate_date, Registered_Office_Address...",CORPORATE_MCA21,True
data/mca21/Karnataka.csv,Karnataka.csv,.csv,80074516,258327.0,16.0,"['CIN', 'CompanyName', 'CompanyROCcode', 'CompanyCategory', 'CompanySubCategory', 'CompanyClass', 'AuthorizedCapital', 'PaidupCapital', 'CompanyRegistrationdate_date', 'Registered_Office_Address', 'Listingstatus', 'CompanyStatus', 'CompanyStateCode', 'CompanyIndian/Foreign Company', 'nic_code', 'CompanyIndustrialClassification']","CIN, CompanyName, CompanyROCcode, CompanyCategory, CompanySubCategory, CompanyClass, AuthorizedCapital, PaidupCapital, CompanyRegistrationdate_date, Registered_Office_Address...",CORPORATE_MCA21,True
data/mca21/Kerala.csv,Kerala.csv,.csv,36922205,127433.0,16.0,"['CIN', 'CompanyName', 'CompanyROCcode', 'CompanyCategory', 'CompanySubCategory', 'CompanyClass', 'AuthorizedCapital', 'PaidupCapital', 'CompanyRegistrationdate_date', 'Registered_Office_Address', 'Listingstatus', 'CompanyStatus', 'CompanyStateCode', 'CompanyIndian/Foreign Company', 'nic_code', 'CompanyIndustrialClassification']","CIN, CompanyName, CompanyROCcode, CompanyCategory, CompanySubCategory, CompanyClass, AuthorizedCapital, PaidupCapital, CompanyRegistrationdate_date, Registered_Office_Address...",CORPORATE_MCA21,True
data/mca21/Puducherry.csv,Puducherry.csv,.csv,1581494,4981.0,16.0,"['CIN', 'CompanyName', 'CompanyROCcode', 'CompanyCategory', 'CompanySubCategory', 'CompanyClass', 'AuthorizedCapital', 'PaidupCapital', 'CompanyRegistrationdate_date', 'Registered_Office_Address', 'Listingstatus', 'CompanyStatus', 'CompanyStateCode', 'CompanyIndian/Foreign Company', 'nic_code', 'CompanyIndustrialClassification']","CIN, CompanyName, CompanyROCcode, CompanyCategory, CompanySubCategory, CompanyClass, AuthorizedCapital, PaidupCapital, CompanyRegistrationdate_date, Registered_Office_Address...",CORPORATE_MCA21,True
data/mca21/README.txt,README.txt,.txt,875,,,[],,CORPORATE_MCA21,True
data/mca21/Tamilnadu.csv,Tamilnadu.csv,.csv,78718556,251294.0,16.0,"['CIN', 'CompanyName', 'CompanyROCcode', 'CompanyCategory', 'CompanySubCategory', 'CompanyClass', 'AuthorizedCapital', 'PaidupCapital', 'CompanyRegistrationdate_date', 'Registered_Office_Address', 'Listingstatus', 'CompanyStatus', 'CompanyStateCode', 'CompanyIndian/Foreign Company', 'nic_code', 'CompanyIndustrialClassification']","CIN, CompanyName, CompanyROCcode, CompanyCategory, CompanySubCategory, CompanyClass, AuthorizedCapital, PaidupCapital, CompanyRegistrationdate_date, Registered_Office_Address...",CORPORATE_MCA21,True
data/mca21/Telangana.csv,Telangana.csv,.csv,68465351,219893.0,16.0,"['CIN', 'CompanyName', 'CompanyROCcode', 'CompanyCategory', 'CompanySubCategory', 'CompanyClass', 'AuthorizedCapital', 'PaidupCapital', 'CompanyRegistrationdate_date', 'Registered_Office_Address', 'Listingstatus', 'CompanyStatus', 'CompanyStateCode', 'CompanyIndian/Foreign Company', 'nic_code', 'CompanyIndustrialClassification']","CIN, CompanyName, CompanyROCcode, CompanyCategory, CompanySubCategory, CompanyClass, AuthorizedCapital, PaidupCapital, CompanyRegistrationdate_date, Registered_Office_Address...",CORPORATE_MCA21,True
data/nfhs/.gitkeep,.gitkeep,,0,,,[],,RAW_SURVEY_NFHS,True
data/nfhs/district/.gitkeep,.gitkeep,,0,,,[],,RAW_SURVEY_NFHS,True
data/nfhs/district/README.txt,README.txt,.txt,219,,,[],,RAW_SURVEY_NFHS,True
data/nfhs/district/Andhra_Pradesh/NFHS-5_DistFact_Andhra Pradesh_Anantapur__Anantapur.pdf,NFHS-5_DistFact_Andhra Pradesh_Anantapur__Anantapur.pdf,.pdf,857356,,,[],,RAW_SURVEY_NFHS,True
data/nfhs/district/Andhra_Pradesh/NFHS-5_DistFact_Andhra Pradesh_Chittoor__Chittoor.pdf,NFHS-5_DistFact_Andhra Pradesh_Chittoor__Chittoor.pdf,.pdf,857547,,,[],,RAW_SURVEY_NFHS,True
data/nfhs/district/Andhra_Pradesh/NFHS-5_DistFact_Andhra Pradesh_East Godavari__East Godavari.pdf,NFHS-5_DistFact_Andhra Pradesh_East Godavari__East Godavari.pdf,.pdf,857716,,,[],,RAW_SURVEY_NFHS,True
data/nfhs/district/Andhra_Pradesh/NFHS-5_DistFact_Andhra Pradesh_Guntur__Guntur.pdf,NFHS-5_DistFact_Andhra Pradesh_Guntur__Guntur.pdf,.pdf,857628,,,[],,RAW_SURVEY_NFHS,True
data/nfhs/district/Andhra_Pradesh/NFHS-5_DistFact_Andhra Pradesh_Krishna__Krishna.pdf,NFHS-5_DistFact_Andhra Pradesh_Krishna__Krishna.pdf,.pdf,857556,,,[],,RAW_SURVEY_NFHS,True
data/nfhs/district/Andhra_Pradesh/NFHS-5_DistFact_Andhra Pradesh_Kurnool__Kurnool.pdf,NFHS-5_DistFact_Andhra Pradesh_Kurnool__Kurnool.pdf,.pdf,857429,,,[],,RAW_SURVEY_NFHS,True
data/nfhs/district/Andhra_Pradesh/NFHS-5_DistFact_Andhra Pradesh_Prakasam__Prakasam.pdf,NFHS-5_DistFact_Andhra Pradesh_Prakasam__Prakasam.pdf,.pdf,857865,,,[],,RAW_SURVEY_NFHS,True
data/nfhs/district/Andhra_Pradesh/NFHS-5_DistFact_Andhra Pradesh_Sri Potti Sriramulu Nellore__Sri Potti Sriramulu Nellore.pdf,NFHS-5_DistFact_Andhra Pradesh_Sri Potti Sriramulu Nellore__Sri Potti Sriramulu Nellore.pdf,.pdf,857284,,,[],,RAW_SURVEY_NFHS,True
data/nfhs/district/Andhra_Pradesh/NFHS-5_DistFact_Andhra Pradesh_Srikakulam__Srikakulam.pdf,NFHS-5_DistFact_Andhra Pradesh_Srikakulam__Srikakulam.pdf,.pdf,858153,,,[],,RAW_SURVEY_NFHS,True
data/nfhs/district/Andhra_Pradesh/NFHS-5_DistFact_Andhra Pradesh_Visakhapatnam__Visakhapatnam.pdf,NFHS-5_DistFact_Andhra Pradesh_Visakhapatnam__Visakhapatnam.pdf,.pdf,858383,,,[],,RAW_SURVEY_NFHS,True
data/nfhs/district/Andhra_Pradesh/NFHS-5_DistFact_Andhra Pradesh_Vizianagaram__Vizianagaram.pdf,NFHS-5_DistFact_Andhra Pradesh_Vizianagaram__Vizianagaram.pdf,.pdf,858665,,,[],,RAW_SURVEY_NFHS,True
data/nfhs/district/Andhra_Pradesh/NFHS-5_DistFact_Andhra Pradesh_West Godavari__West Godavari.pdf,NFHS-5_DistFact_Andhra Pradesh_West Godavari__West Godavari.pdf,.pdf,857921,,,[],,RAW_SURVEY_NFHS,True
data/nfhs/district/Goa/NFHS-5_DistFact_Goa_North Goa__North Goa.pdf,NFHS-5_DistFact_Goa_North Goa__North Goa.pdf,.pdf,857083,,,[],,RAW_SURVEY_NFHS,True
data/nfhs/district/Goa/NFHS-5_DistFact_Goa_South Goa__South Goa.pdf,NFHS-5_DistFact_Goa_South Goa__South Goa.pdf,.pdf,857376,,,[],,RAW_SURVEY_NFHS,True
data/nfhs/district/Karnataka/NFHS-5_DistFact_Karnataka_Bagalkot__Bagalkot.pdf,NFHS-5_DistFact_Karnataka_Bagalkot__Bagalkot.pdf,.pdf,857259,,,[],,RAW_SURVEY_NFHS,True
data/nfhs/district/Karnataka/NFHS-5_DistFact_Karnataka_Bangalore Rural__Bangalore Rural.pdf,NFHS-5_DistFact_Karnataka_Bangalore Rural__Bangalore Rural.pdf,.pdf,857315,,,[],,RAW_SURVEY_NFHS,True
data/nfhs/district/Karnataka/NFHS-5_DistFact_Karnataka_Bangalore__Bangalore.pdf,NFHS-5_DistFact_Karnataka_Bangalore__Bangalore.pdf,.pdf,857083,,,[],,RAW_SURVEY_NFHS,True
data/nfhs/district/Karnataka/NFHS-5_DistFact_Karnataka_Belgaum__Belgaum.pdf,NFHS-5_DistFact_Karnataka_Belgaum__Belgaum.pdf,.pdf,857322,,,[],,RAW_SURVEY_NFHS,True
data/nfhs/district/Karnataka/NFHS-5_DistFact_Karnataka_Bellary__Bellary.pdf,NFHS-5_DistFact_Karnataka_Bellary__Bellary.pdf,.pdf,857084,,,[],,RAW_SURVEY_NFHS,True
data/nfhs/district/Karnataka/NFHS-5_DistFact_Karnataka_Bidar__Bidar.pdf,NFHS-5_DistFact_Karnataka_Bidar__Bidar.pdf,.pdf,856655,,,[],,RAW_SURVEY_NFHS,True
data/nfhs/district/Karnataka/NFHS-5_DistFact_Karnataka_Bijapur__Bijapur.pdf,NFHS-5_DistFact_Karnataka_Bijapur__Bijapur.pdf,.pdf,857548,,,[],,RAW_SURVEY_NFHS,True
data/nfhs/district/Karnataka/NFHS-5_DistFact_Karnataka_Chamarajanagar__Chamarajanagar.pdf,NFHS-5_DistFact_Karnataka_Chamarajanagar__Chamarajanagar.pdf,.pdf,857951,,,[],,RAW_SURVEY_NFHS,True
data/nfhs/district/Karnataka/NFHS-5_DistFact_Karnataka_Chikkaballapura__Chikkaballapura.pdf,NFHS-5_DistFact_Karnataka_Chikkaballapura__Chikkaballapura.pdf,.pdf,856944,,,[],,RAW_SURVEY_NFHS,True
data/nfhs/district/Karnataka/NFHS-5_DistFact_Karnataka_Chikmagalur__Chikmagalur.pdf,NFHS-5_DistFact_Karnataka_Chikmagalur__Chikmagalur.pdf,.pdf,857082,,,[],,RAW_SURVEY_NFHS,True
data/nfhs/district/Karnataka/NFHS-5_DistFact_Karnataka_Chitradurga__Chitradurga.pdf,NFHS-5_DistFact_Karnataka_Chitradurga__Chitradurga.pdf,.pdf,857066,,,[],,RAW_SURVEY_NFHS,True
data/nfhs/district/Karnataka/NFHS-5_DistFact_Karnataka_Dakshina Kannada__Dakshina Kannada.pdf,NFHS-5_DistFact_Karnataka_Dakshina Kannada__Dakshina Kannada.pdf,.pdf,856645,,,[],,RAW_SURVEY_NFHS,True
data/nfhs/district/Karnataka/NFHS-5_DistFact_Karnataka_Davanagere__Davanagere.pdf,NFHS-5_DistFact_Karnataka_Davanagere__Davanagere.pdf,.pdf,857294,,,[],,RAW_SURVEY_NFHS,True
data/nfhs/district/Karnataka/NFHS-5_DistFact_Karnataka_Dharwad__Dharwad.pdf,NFHS-5_DistFact_Karnataka_Dharwad__Dharwad.pdf,.pdf,856890,,,[],,RAW_SURVEY_NFHS,True
data/nfhs/district/Karnataka/NFHS-5_DistFact_Karnataka_Gadag__Gadag.pdf,NFHS-5_DistFact_Karnataka_Gadag__Gadag.pdf,.pdf,857387,,,[],,RAW_SURVEY_NFHS,True
data/nfhs/district/Karnataka/NFHS-5_DistFact_Karnataka_Gulbarga__Gulbarga.pdf,NFHS-5_DistFact_Karnataka_Gulbarga__Gulbarga.pdf,.pdf,857271,,,[],,RAW_SURVEY_NFHS,True
data/nfhs/district/Karnataka/NFHS-5_DistFact_Karnataka_Hassan__Hassan.pdf,NFHS-5_DistFact_Karnataka_Hassan__Hassan.pdf,.pdf,856944,,,[],,RAW_SURVEY_NFHS,True
data/nfhs/district/Karnataka/NFHS-5_DistFact_Karnataka_Haveri__Haveri.pdf,NFHS-5_DistFact_Karnataka_Haveri__Haveri.pdf,.pdf,856448,,,[],,RAW_SURVEY_NFHS,True
data/nfhs/district/Karnataka/NFHS-5_DistFact_Karnataka_Kodagu__Kodagu.pdf,NFHS-5_DistFact_Karnataka_Kodagu__Kodagu.pdf,.pdf,857259,,,[],,RAW_SURVEY_NFHS,True
data/nfhs/district/Karnataka/NFHS-5_DistFact_Karnataka_Kolar__Kolar.pdf,NFHS-5_DistFact_Karnataka_Kolar__Kolar.pdf,.pdf,856528,,,[],,RAW_SURVEY_NFHS,True
data/nfhs/district/Karnataka/NFHS-5_DistFact_Karnataka_Koppal__Koppal.pdf,NFHS-5_DistFact_Karnataka_Koppal__Koppal.pdf,.pdf,856609,,,[],,RAW_SURVEY_NFHS,True
data/nfhs/district/Karnataka/NFHS-5_DistFact_Karnataka_Mandya__Mandya.pdf,NFHS-5_DistFact_Karnataka_Mandya__Mandya.pdf,.pdf,856602,,,[],,RAW_SURVEY_NFHS,True
data/nfhs/district/Karnataka/NFHS-5_DistFact_Karnataka_Mysore__Mysore.pdf,NFHS-5_DistFact_Karnataka_Mysore__Mysore.pdf,.pdf,856652,,,[],,RAW_SURVEY_NFHS,True
data/nfhs/district/Karnataka/NFHS-5_DistFact_Karnataka_Raichur__Raichur.pdf,NFHS-5_DistFact_Karnataka_Raichur__Raichur.pdf,.pdf,856751,,,[],,RAW_SURVEY_NFHS,True
data/nfhs/district/Karnataka/NFHS-5_DistFact_Karnataka_Ramanagara__Ramanagara.pdf,NFHS-5_DistFact_Karnataka_Ramanagara__Ramanagara.pdf,.pdf,857298,,,[],,RAW_SURVEY_NFHS,True
data/nfhs/district/Karnataka/NFHS-5_DistFact_Karnataka_Shimoga__Shimoga.pdf,NFHS-5_DistFact_Karnataka_Shimoga__Shimoga.pdf,.pdf,856903,,,[],,RAW_SURVEY_NFHS,True
data/nfhs/district/Karnataka/NFHS-5_DistFact_Karnataka_Tumkur__Tumkur.pdf,NFHS-5_DistFact_Karnataka_Tumkur__Tumkur.pdf,.pdf,856802,,,[],,RAW_SURVEY_NFHS,True
data/nfhs/district/Karnataka/NFHS-5_DistFact_Karnataka_Udupi__Udupi.pdf,NFHS-5_DistFact_Karnataka_Udupi__Udupi.pdf,.pdf,856817,,,[],,RAW_SURVEY_NFHS,True
data/nfhs/district/Karnataka/NFHS-5_DistFact_Karnataka_Uttara Kannada__Uttara Kannada.pdf,NFHS-5_DistFact_Karnataka_Uttara Kannada__Uttara Kannada.pdf,.pdf,856955,,,[],,RAW_SURVEY_NFHS,True
data/nfhs/district/Karnataka/NFHS-5_DistFact_Karnataka_Yadgir__Yadgir.pdf,NFHS-5_DistFact_Karnataka_Yadgir__Yadgir.pdf,.pdf,856985,,,[],,RAW_SURVEY_NFHS,True
data/nfhs/district/Kerala/NFHS-5_DistFact_Kerala_Alappuzha__Alappuzha.pdf,NFHS-5_DistFact_Kerala_Alappuzha__Alappuzha.pdf,.pdf,858400,,,[],,RAW_SURVEY_NFHS,True
data/nfhs/district/Kerala/NFHS-5_DistFact_Kerala_Ernakulam__Ernakulam.pdf,NFHS-5_DistFact_Kerala_Ernakulam__Ernakulam.pdf,.pdf,857869,,,[],,RAW_SURVEY_NFHS,True
data/nfhs/district/Kerala/NFHS-5_DistFact_Kerala_Idukki__Idukki.pdf,NFHS-5_DistFact_Kerala_Idukki__Idukki.pdf,.pdf,857704,,,[],,RAW_SURVEY_NFHS,True
data/nfhs/district/Kerala/NFHS-5_DistFact_Kerala_Kannur__Kannur.pdf,NFHS-5_DistFact_Kerala_Kannur__Kannur.pdf,.pdf,857186,,,[],,RAW_SURVEY_NFHS,True
data/nfhs/district/Kerala/NFHS-5_DistFact_Kerala_Kasaragod__Kasaragod.pdf,NFHS-5_DistFact_Kerala_Kasaragod__Kasaragod.pdf,.pdf,857699,,,[],,RAW_SURVEY_NFHS,True
data/nfhs/district/Kerala/NFHS-5_DistFact_Kerala_Kollam__Kollam.pdf,NFHS-5_DistFact_Kerala_Kollam__Kollam.pdf,.pdf,857214,,,[],,RAW_SURVEY_NFHS,True
data/nfhs/district/Kerala/NFHS-5_DistFact_Kerala_Kottayam__Kottayam.pdf,NFHS-5_DistFact_Kerala_Kottayam__Kottayam.pdf,.pdf,857067,,,[],,RAW_SURVEY_NFHS,True
data/nfhs/district/Kerala/NFHS-5_DistFact_Kerala_Kozhikode__Kozhikode.pdf,NFHS-5_DistFact_Kerala_Kozhikode__Kozhikode.pdf,.pdf,858678,,,[],,RAW_SURVEY_NFHS,True
data/nfhs/district/Kerala/NFHS-5_DistFact_Kerala_Malappuram__Malappuram.pdf,NFHS-5_DistFact_Kerala_Malappuram__Malappuram.pdf,.pdf,857261,,,[],,RAW_SURVEY_NFHS,True
data/nfhs/district/Kerala/NFHS-5_DistFact_Kerala_Palakkad__Palakkad.pdf,NFHS-5_DistFact_Kerala_Palakkad__Palakkad.pdf,.pdf,857847,,,[],,RAW_SURVEY_NFHS,True
data/nfhs/district/Kerala/NFHS-5_DistFact_Kerala_Pathanamthitta__Pathanamthitta.pdf,NFHS-5_DistFact_Kerala_Pathanamthitta__Pathanamthitta.pdf,.pdf,857336,,,[],,RAW_SURVEY_NFHS,True
data/nfhs/district/Kerala/NFHS-5_DistFact_Kerala_Thiruvananthapuram__Thiruvananthapuram.pdf,NFHS-5_DistFact_Kerala_Thiruvananthapuram__Thiruvananthapuram.pdf,.pdf,857521,,,[],,RAW_SURVEY_NFHS,True
data/nfhs/district/Kerala/NFHS-5_DistFact_Kerala_Thrissur__Thrissur.pdf,NFHS-5_DistFact_Kerala_Thrissur__Thrissur.pdf,.pdf,857285,,,[],,RAW_SURVEY_NFHS,True
data/nfhs/district/Kerala/NFHS-5_DistFact_Kerala_Wayanad__Wayanad.pdf,NFHS-5_DistFact_Kerala_Wayanad__Wayanad.pdf,.pdf,857730,,,[],,RAW_SURVEY_NFHS,True
data/nfhs/district/Puducherry/NFHS-5_DistFact_Puducherry (UT)_Karaikal__Karaikal.pdf,NFHS-5_DistFact_Puducherry (UT)_Karaikal__Karaikal.pdf,.pdf,433243,,,[],,RAW_SURVEY_NFHS,True
data/nfhs/district/Puducherry/NFHS-5_DistFact_Puducherry (UT)_Mahe__Mahe.pdf,NFHS-5_DistFact_Puducherry (UT)_Mahe__Mahe.pdf,.pdf,432560,,,[],,RAW_SURVEY_NFHS,True
data/nfhs/district/Puducherry/NFHS-5_DistFact_Puducherry (UT)_Puducherry__Puducherry.pdf,NFHS-5_DistFact_Puducherry (UT)_Puducherry__Puducherry.pdf,.pdf,432617,,,[],,RAW_SURVEY_NFHS,True
data/nfhs/district/Puducherry/NFHS-5_DistFact_Puducherry (UT)_Yanam__Yanam.pdf,NFHS-5_DistFact_Puducherry (UT)_Yanam__Yanam.pdf,.pdf,432723,,,[],,RAW_SURVEY_NFHS,True
data/nfhs/district/Tamil_Nadu/NFHS-5_DistFact_Tamil Nadu_Chennai__Chennai.pdf,NFHS-5_DistFact_Tamil Nadu_Chennai__Chennai.pdf,.pdf,432609,,,[],,RAW_SURVEY_NFHS,True
data/nfhs/district/Tamil_Nadu/NFHS-5_DistFact_Tamil Nadu_Coimbatore__Coimbatore.pdf,NFHS-5_DistFact_Tamil Nadu_Coimbatore__Coimbatore.pdf,.pdf,432795,,,[],,RAW_SURVEY_NFHS,True
data/nfhs/district/Tamil_Nadu/NFHS-5_DistFact_Tamil Nadu_Cuddalore__Cuddalore.pdf,NFHS-5_DistFact_Tamil Nadu_Cuddalore__Cuddalore.pdf,.pdf,432605,,,[],,RAW_SURVEY_NFHS,True
data/nfhs/district/Tamil_Nadu/NFHS-5_DistFact_Tamil Nadu_Dharmapuri__Dharmapuri.pdf,NFHS-5_DistFact_Tamil Nadu_Dharmapuri__Dharmapuri.pdf,.pdf,432561,,,[],,RAW_SURVEY_NFHS,True
data/nfhs/district/Tamil_Nadu/NFHS-5_DistFact_Tamil Nadu_Dindigul__Dindigul.pdf,NFHS-5_DistFact_Tamil Nadu_Dindigul__Dindigul.pdf,.pdf,432644,,,[],,RAW_SURVEY_NFHS,True
data/nfhs/district/Tamil_Nadu/NFHS-5_DistFact_Tamil Nadu_Erode__Erode.pdf,NFHS-5_DistFact_Tamil Nadu_Erode__Erode.pdf,.pdf,432621,,,[],,RAW_SURVEY_NFHS,True
data/nfhs/district/Tamil_Nadu/NFHS-5_DistFact_Tamil Nadu_Kancheepuram__Kancheepuram.pdf,NFHS-5_DistFact_Tamil Nadu_Kancheepuram__Kancheepuram.pdf,.pdf,432767,,,[],,RAW_SURVEY_NFHS,True
data/nfhs/district/Tamil_Nadu/NFHS-5_DistFact_Tamil Nadu_Kanniyakumari__Kanniyakumari.pdf,NFHS-5_DistFact_Tamil Nadu_Kanniyakumari__Kanniyakumari.pdf,.pdf,433278,,,[],,RAW_SURVEY_NFHS,True
data/nfhs/district/Tamil_Nadu/NFHS-5_DistFact_Tamil Nadu_Karur__Karur.pdf,NFHS-5_DistFact_Tamil Nadu_Karur__Karur.pdf,.pdf,432692,,,[],,RAW_SURVEY_NFHS,True
data/nfhs/district/Tamil_Nadu/NFHS-5_DistFact_Tamil Nadu_Krishnagiri__Krishnagiri.pdf,NFHS-5_DistFact_Tamil Nadu_Krishnagiri__Krishnagiri.pdf,.pdf,432886,,,[],,RAW_SURVEY_NFHS,True
data/nfhs/district/Tamil_Nadu/NFHS-5_DistFact_Tamil Nadu_Madurai__Madurai.pdf,NFHS-5_DistFact_Tamil Nadu_Madurai__Madurai.pdf,.pdf,432493,,,[],,RAW_SURVEY_NFHS,True
data/nfhs/district/Tamil_Nadu/NFHS-5_DistFact_Tamil Nadu_Nagapattinam__Nagapattinam.pdf,NFHS-5_DistFact_Tamil Nadu_Nagapattinam__Nagapattinam.pdf,.pdf,432773,,,[],,RAW_SURVEY_NFHS,True
data/nfhs/district/Tamil_Nadu/NFHS-5_DistFact_Tamil Nadu_Namakkal__Namakkal.pdf,NFHS-5_DistFact_Tamil Nadu_Namakkal__Namakkal.pdf,.pdf,432934,,,[],,RAW_SURVEY_NFHS,True
data/nfhs/district/Tamil_Nadu/NFHS-5_DistFact_Tamil Nadu_Perambalur__Perambalur.pdf,NFHS-5_DistFact_Tamil Nadu_Perambalur__Perambalur.pdf,.pdf,432805,,,[],,RAW_SURVEY_NFHS,True
data/nfhs/district/Tamil_Nadu/NFHS-5_DistFact_Tamil Nadu_Pudukkottai__Pudukkottai.pdf,NFHS-5_DistFact_Tamil Nadu_Pudukkottai__Pudukkottai.pdf,.pdf,433120,,,[],,RAW_SURVEY_NFHS,True
data/nfhs/district/Tamil_Nadu/NFHS-5_DistFact_Tamil Nadu_Ramanathapuram__Ramanathapuram.pdf,NFHS-5_DistFact_Tamil Nadu_Ramanathapuram__Ramanathapuram.pdf,.pdf,432824,,,[],,RAW_SURVEY_NFHS,True
data/nfhs/district/Tamil_Nadu/NFHS-5_DistFact_Tamil Nadu_Salem__Salem.pdf,NFHS-5_DistFact_Tamil Nadu_Salem__Salem.pdf,.pdf,432552,,,[],,RAW_SURVEY_NFHS,True
data/nfhs/district/Tamil_Nadu/NFHS-5_DistFact_Tamil Nadu_Sivaganga__Sivaganga.pdf,NFHS-5_DistFact_Tamil Nadu_Sivaganga__Sivaganga.pdf,.pdf,432702,,,[],,RAW_SURVEY_NFHS,True
data/nfhs/district/Tamil_Nadu/NFHS-5_DistFact_Tamil Nadu_Thanjavur__Thanjavur.pdf,NFHS-5_DistFact_Tamil Nadu_Thanjavur__Thanjavur.pdf,.pdf,433148,,,[],,RAW_SURVEY_NFHS,True
data/nfhs/district/Tamil_Nadu/NFHS-5_DistFact_Tamil Nadu_The Nilgiris__The Nilgiris.pdf,NFHS-5_DistFact_Tamil Nadu_The Nilgiris__The Nilgiris.pdf,.pdf,432728,,,[],,RAW_SURVEY_NFHS,True
data/nfhs/district/Tamil_Nadu/NFHS-5_DistFact_Tamil Nadu_Theni__Theni.pdf,NFHS-5_DistFact_Tamil Nadu_Theni__Theni.pdf,.pdf,432479,,,[],,RAW_SURVEY_NFHS,True
data/nfhs/district/Tamil_Nadu/NFHS-5_DistFact_Tamil Nadu_Thiruvallur__Thiruvallur.pdf,NFHS-5_DistFact_Tamil Nadu_Thiruvallur__Thiruvallur.pdf,.pdf,432480,,,[],,RAW_SURVEY_NFHS,True
data/nfhs/district/Tamil_Nadu/NFHS-5_DistFact_Tamil Nadu_Thiruvarur__Thiruvarur.pdf,NFHS-5_DistFact_Tamil Nadu_Thiruvarur__Thiruvarur.pdf,.pdf,432477,,,[],,RAW_SURVEY_NFHS,True
data/nfhs/district/Tamil_Nadu/NFHS-5_DistFact_Tamil Nadu_Thoothukkudi__Thoothukkudi.pdf,NFHS-5_DistFact_Tamil Nadu_Thoothukkudi__Thoothukkudi.pdf,.pdf,433069,,,[],,RAW_SURVEY_NFHS,True
data/nfhs/district/Tamil_Nadu/NFHS-5_DistFact_Tamil Nadu_Tiruchirappalli__Tiruchirappalli.pdf,NFHS-5_DistFact_Tamil Nadu_Tiruchirappalli__Tiruchirappalli.pdf,.pdf,432685,,,[],,RAW_SURVEY_NFHS,True
data/nfhs/district/Tamil_Nadu/NFHS-5_DistFact_Tamil Nadu_Tirunelveli__Tirunelveli.pdf,NFHS-5_DistFact_Tamil Nadu_Tirunelveli__Tirunelveli.pdf,.pdf,432509,,,[],,RAW_SURVEY_NFHS,True
data/nfhs/district/Tamil_Nadu/NFHS-5_DistFact_Tamil Nadu_Tiruppur__Tiruppur.pdf,NFHS-5_DistFact_Tamil Nadu_Tiruppur__Tiruppur.pdf,.pdf,432460,,,[],,RAW_SURVEY_NFHS,True
data/nfhs/district/Tamil_Nadu/NFHS-5_DistFact_Tamil Nadu_Tiruvannamalai__Tiruvannamalai.pdf,NFHS-5_DistFact_Tamil Nadu_Tiruvannamalai__Tiruvannamalai.pdf,.pdf,432537,,,[],,RAW_SURVEY_NFHS,True
data/nfhs/district/Tamil_Nadu/NFHS-5_DistFact_Tamil Nadu_Vellore__Vellore.pdf,NFHS-5_DistFact_Tamil Nadu_Vellore__Vellore.pdf,.pdf,432579,,,[],,RAW_SURVEY_NFHS,True
data/nfhs/district/Tamil_Nadu/NFHS-5_DistFact_Tamil Nadu_Viluppuram__Viluppuram.pdf,NFHS-5_DistFact_Tamil Nadu_Viluppuram__Viluppuram.pdf,.pdf,432704,,,[],,RAW_SURVEY_NFHS,True
data/nfhs/district/Tamil_Nadu/NFHS-5_DistFact_Tamil Nadu_Virudhunagar__Virudhunagar.pdf,NFHS-5_DistFact_Tamil Nadu_Virudhunagar__Virudhunagar.pdf,.pdf,432854,,,[],,RAW_SURVEY_NFHS,True
data/nfhs/district/Telangana/NFHS-5_DistFact_Telangana_Adilabad__Adilabad.pdf,NFHS-5_DistFact_Telangana_Adilabad__Adilabad.pdf,.pdf,841458,,,[],,RAW_SURVEY_NFHS,True
data/nfhs/district/Telangana/NFHS-5_DistFact_Telangana_Bhadradri Kothagudem__Bhadradri Kothagudem.pdf,NFHS-5_DistFact_Telangana_Bhadradri Kothagudem__Bhadradri Kothagudem.pdf,.pdf,841501,,,[],,RAW_SURVEY_NFHS,True
data/nfhs/district/Telangana/NFHS-5_DistFact_Telangana_Hyderabad__Hyderabad.pdf,NFHS-5_DistFact_Telangana_Hyderabad__Hyderabad.pdf,.pdf,841171,,,[],,RAW_SURVEY_NFHS,True
data/nfhs/district/Telangana/NFHS-5_DistFact_Telangana_Jagitial__Jagitial.pdf,NFHS-5_DistFact_Telangana_Jagitial__Jagitial.pdf,.pdf,841511,,,[],,RAW_SURVEY_NFHS,True
data/nfhs/district/Telangana/NFHS-5_DistFact_Telangana_Jangoan__Jangoan.pdf,NFHS-5_DistFact_Telangana_Jangoan__Jangoan.pdf,.pdf,841484,,,[],,RAW_SURVEY_NFHS,True
data/nfhs/district/Telangana/NFHS-5_DistFact_Telangana_Jayashankar Bhupalapally__Jayashankar Bhupalapally.pdf,NFHS-5_DistFact_Telangana_Jayashankar Bhupalapally__Jayashankar Bhupalapally.pdf,.pdf,842227,,,[],,RAW_SURVEY_NFHS,True
data/nfhs/district/Telangana/NFHS-5_DistFact_Telangana_Jogulamba Gadwal__Jogulamba Gadwal.pdf,NFHS-5_DistFact_Telangana_Jogulamba Gadwal__Jogulamba Gadwal.pdf,.pdf,842119,,,[],,RAW_SURVEY_NFHS,True
data/nfhs/district/Telangana/NFHS-5_DistFact_Telangana_Kamareddy__Kamareddy.pdf,NFHS-5_DistFact_Telangana_Kamareddy__Kamareddy.pdf,.pdf,841080,,,[],,RAW_SURVEY_NFHS,True
data/nfhs/district/Telangana/NFHS-5_DistFact_Telangana_Karimnagar__Karimnagar.pdf,NFHS-5_DistFact_Telangana_Karimnagar__Karimnagar.pdf,.pdf,841353,,,[],,RAW_SURVEY_NFHS,True
data/nfhs/district/Telangana/NFHS-5_DistFact_Telangana_Khammam__Khammam.pdf,NFHS-5_DistFact_Telangana_Khammam__Khammam.pdf,.pdf,841163,,,[],,RAW_SURVEY_NFHS,True
data/nfhs/district/Telangana/NFHS-5_DistFact_Telangana_Komaram Bheem Asifabad__Komaram Bheem Asifabad.pdf,NFHS-5_DistFact_Telangana_Komaram Bheem Asifabad__Komaram Bheem Asifabad.pdf,.pdf,841811,,,[],,RAW_SURVEY_NFHS,True
data/nfhs/district/Telangana/NFHS-5_DistFact_Telangana_Mahabubabad__Mahabubabad.pdf,NFHS-5_DistFact_Telangana_Mahabubabad__Mahabubabad.pdf,.pdf,841036,,,[],,RAW_SURVEY_NFHS,True
data/nfhs/district/Telangana/NFHS-5_DistFact_Telangana_Mahabubnagar__Mahabubnagar.pdf,NFHS-5_DistFact_Telangana_Mahabubnagar__Mahabubnagar.pdf,.pdf,841329,,,[],,RAW_SURVEY_NFHS,True
data/nfhs/district/Telangana/NFHS-5_DistFact_Telangana_Mancherial__Mancherial.pdf,NFHS-5_DistFact_Telangana_Mancherial__Mancherial.pdf,.pdf,841127,,,[],,RAW_SURVEY_NFHS,True
data/nfhs/district/Telangana/NFHS-5_DistFact_Telangana_Medak__Medak.pdf,NFHS-5_DistFact_Telangana_Medak__Medak.pdf,.pdf,841690,,,[],,RAW_SURVEY_NFHS,True
data/nfhs/district/Telangana/NFHS-5_DistFact_Telangana_Medchal-Malkajgiri__Medchal-Malkajgiri.pdf,NFHS-5_DistFact_Telangana_Medchal-Malkajgiri__Medchal-Malkajgiri.pdf,.pdf,842682,,,[],,RAW_SURVEY_NFHS,True
data/nfhs/district/Telangana/NFHS-5_DistFact_Telangana_Nagarkurnool__Nagarkurnool.pdf,NFHS-5_DistFact_Telangana_Nagarkurnool__Nagarkurnool.pdf,.pdf,841687,,,[],,RAW_SURVEY_NFHS,True
data/nfhs/district/Telangana/NFHS-5_DistFact_Telangana_Nalgonda__Nalgonda.pdf,NFHS-5_DistFact_Telangana_Nalgonda__Nalgonda.pdf,.pdf,841274,,,[],,RAW_SURVEY_NFHS,True
data/nfhs/district/Telangana/NFHS-5_DistFact_Telangana_Nirmal__Nirmal.pdf,NFHS-5_DistFact_Telangana_Nirmal__Nirmal.pdf,.pdf,841058,,,[],,RAW_SURVEY_NFHS,True
data/nfhs/district/Telangana/NFHS-5_DistFact_Telangana_Nizamabad__Nizamabad.pdf,NFHS-5_DistFact_Telangana_Nizamabad__Nizamabad.pdf,.pdf,842159,,,[],,RAW_SURVEY_NFHS,True
data/nfhs/district/Telangana/NFHS-5_DistFact_Telangana_Peddapalli__Peddapalli.pdf,NFHS-5_DistFact_Telangana_Peddapalli__Peddapalli.pdf,.pdf,841467,,,[],,RAW_SURVEY_NFHS,True
data/nfhs/district/Telangana/NFHS-5_DistFact_Telangana_Rajanna Sircilla__Rajanna Sircilla.pdf,NFHS-5_DistFact_Telangana_Rajanna Sircilla__Rajanna Sircilla.pdf,.pdf,842277,,,[],,RAW_SURVEY_NFHS,True
data/nfhs/district/Telangana/NFHS-5_DistFact_Telangana_Ranga Reddy__Ranga Reddy.pdf,NFHS-5_DistFact_Telangana_Ranga Reddy__Ranga Reddy.pdf,.pdf,841373,,,[],,RAW_SURVEY_NFHS,True
data/nfhs/district/Telangana/NFHS-5_DistFact_Telangana_Sangareddy__Sangareddy.pdf,NFHS-5_DistFact_Telangana_Sangareddy__Sangareddy.pdf,.pdf,841182,,,[],,RAW_SURVEY_NFHS,True
data/nfhs/district/Telangana/NFHS-5_DistFact_Telangana_Siddipet__Siddipet.pdf,NFHS-5_DistFact_Telangana_Siddipet__Siddipet.pdf,.pdf,841455,,,[],,RAW_SURVEY_NFHS,True
data/nfhs/district/Telangana/NFHS-5_DistFact_Telangana_Suryapet__Suryapet.pdf,NFHS-5_DistFact_Telangana_Suryapet__Suryapet.pdf,.pdf,841516,,,[],,RAW_SURVEY_NFHS,True
data/nfhs/district/Telangana/NFHS-5_DistFact_Telangana_Vikarabad__Vikarabad.pdf,NFHS-5_DistFact_Telangana_Vikarabad__Vikarabad.pdf,.pdf,842035,,,[],,RAW_SURVEY_NFHS,True
data/nfhs/district/Telangana/NFHS-5_DistFact_Telangana_Wanaparthy__Wanaparthy.pdf,NFHS-5_DistFact_Telangana_Wanaparthy__Wanaparthy.pdf,.pdf,841721,,,[],,RAW_SURVEY_NFHS,True
data/nfhs/district/Telangana/NFHS-5_DistFact_Telangana_Warangal Rural__Warangal Rural.pdf,NFHS-5_DistFact_Telangana_Warangal Rural__Warangal Rural.pdf,.pdf,841676,,,[],,RAW_SURVEY_NFHS,True
data/nfhs/district/Telangana/NFHS-5_DistFact_Telangana_Warangal Urban__Warangal Urban.pdf,NFHS-5_DistFact_Telangana_Warangal Urban__Warangal Urban.pdf,.pdf,841848,,,[],,RAW_SURVEY_NFHS,True
data/nfhs/district/Telangana/NFHS-5_DistFact_Telangana_Yadadri Bhuvanagiri__Yadadri Bhuvanagiri.pdf,NFHS-5_DistFact_Telangana_Yadadri Bhuvanagiri__Yadadri Bhuvanagiri.pdf,.pdf,841646,,,[],,RAW_SURVEY_NFHS,True
data/nfhs/state/.gitkeep,.gitkeep,,0,,,[],,RAW_SURVEY_NFHS,True
data/nfhs/state/NFHS-5_StateAndUTFact_Andhra Pradesh__Andhra_Pradesh.pdf,NFHS-5_StateAndUTFact_Andhra Pradesh__Andhra_Pradesh.pdf,.pdf,923966,,,[],,RAW_SURVEY_NFHS,True
data/nfhs/state/NFHS-5_StateAndUTFact_Goa__Goa.pdf,NFHS-5_StateAndUTFact_Goa__Goa.pdf,.pdf,923097,,,[],,RAW_SURVEY_NFHS,True
data/nfhs/state/NFHS-5_StateAndUTFact_Karnataka__Karnataka.pdf,NFHS-5_StateAndUTFact_Karnataka__Karnataka.pdf,.pdf,923558,,,[],,RAW_SURVEY_NFHS,True
data/nfhs/state/NFHS-5_StateAndUTFact_Kerala__Kerala.pdf,NFHS-5_StateAndUTFact_Kerala__Kerala.pdf,.pdf,923350,,,[],,RAW_SURVEY_NFHS,True
data/nfhs/state/NFHS-5_StateAndUTFact_Puducherry (UT)__Puducherry.pdf,NFHS-5_StateAndUTFact_Puducherry (UT)__Puducherry.pdf,.pdf,486004,,,[],,RAW_SURVEY_NFHS,True
data/nfhs/state/NFHS-5_StateAndUTFact_Tamil Nadu__Tamil_Nadu.pdf,NFHS-5_StateAndUTFact_Tamil Nadu__Tamil_Nadu.pdf,.pdf,485724,,,[],,RAW_SURVEY_NFHS,True
data/nfhs/state/NFHS-5_StateAndUTFact_Telangana__Telangana.pdf,NFHS-5_StateAndUTFact_Telangana__Telangana.pdf,.pdf,922732,,,[],,RAW_SURVEY_NFHS,True
data/niti_aayog/.gitkeep,.gitkeep,,0,,,[],,POLICY_NITI_AAYOG,True
data/niti_aayog/README.txt,README.txt,.txt,560,,,[],,POLICY_NITI_AAYOG,True
data/rhs/.gitkeep,.gitkeep,,0,,,[],,RAW_HEALTHCARE_RHS,True
data/rhs/district-wise-health-centres.pdf,district-wise-health-centres.pdf,.pdf,449700,,,[],,RAW_HEALTHCARE_RHS,True
data/rhs/README.txt,README.txt,.txt,751,,,[],,RAW_HEALTHCARE_RHS,True
data/secc/.gitkeep,.gitkeep,,0,,,[],,RAW_SECC_SOCIOECONOMIC,True
data/secc/Socio Economic and Caste Census (SECC).csv,Socio Economic and Caste Census (SECC).csv,.csv,19477,34.0,60.0,"['State Name', 'Total Households', 'Landless households deriving major part of their income \t\t\t\t\t\t\tfrom manual casual labour', '%', 'Households with non-agricultural enterprises registered \t\t\t\t\t\t\twith government', '%.1', 'Households paying income tax / professional tax', '%.2', 'Households with Destitutes/living on alms', '%.3', 'Households with salaried job in government', '%.4', 'Households with salaried job in Public', '%.5', 'Households with salaried job in Private', '%.6', 'Monthly income of highest earning household member is \t\t\t\t\t\t\t< 5000', '%.7', 'Monthly income of highest earning household member is \t\t\t\t\t\t\t5000 - 10000', '%.8', 'Monthly income of highest earning household member is > \t\t\t\t\t\t\t10000', '%.9', 'Household with government job and reporting monthly \t\t\t\t\t\t\thighest income > 5000', '%.10', 'Households having motorized two/three/four wheelers and \t\t\t\t\t\t\tfishing boats', '%.11', 'Households having 2 wheeler', '%.12', 'Households having 3 wheeler', '%.13', 'Households having 4 wheeler', '%.14', 'Households having motorized fishing boat', '%.15', 'Households Own a refrigerator', '%.16', 'Households Own a landline phone', '%.17', 'Households Owns mobile only', '%.18', 'Households Owns both landline and mobile', '%.19', 'Household without any phone', '%.20', 'Households owning mechanized three/four wheeler \t\t\t\t\t\t\tagricultural equipments', '%.21', 'Households having kisan credit card with the credit limit \t\t\t\t\t\t\tof Rs.50,000 and above', '%.22', 'Total Households owning un-irrrigated land', '%.23', 'Total Households owning irrrigated land', '%.24', 'Total Households owning other land', '%.25', 'Households with irrigation equipments', '%.26', 'Household who have no land but have irrigation equipment', '%.27', ""Household which don't own land but have kissan credit \t\t\t\t\t\t\tcard"", '%.28']","State Name, Total Households, Landless households deriving major part of their income 							from manual casual labour, %, Households with non-agricultural enterprises registered 							with government, %.1, Households paying income tax / professional tax, %.2, Households with Destitutes/living on alms, %.3...",RAW_SECC_SOCIOECONOMIC,True
data/shapefiles/.gitkeep,.gitkeep,,0,,,[],,GEOSPATIAL_SHAPEFILE,True
docs/DLMAI_Complete_Technical_Explanation.md,DLMAI_Complete_Technical_Explanation.md,.md,19368,,,[],,DOCUMENTATION,True
docs/DLMAI_Data_Download_Procedure.md,DLMAI_Data_Download_Procedure.md,.md,23854,,,[],,DOCUMENTATION,True
docs/DLMAI_Data_Engineering_Forensic_Audit.md,DLMAI_Data_Engineering_Forensic_Audit.md,.md,21148,,,[],,DOCUMENTATION,True
docs/DLMAI_Data_Source_Mapping.md,DLMAI_Data_Source_Mapping.md,.md,14636,,,[],,DOCUMENTATION,True
docs/DLMAI_Framework_Architecture.md,DLMAI_Framework_Architecture.md,.md,38367,,,[],,DOCUMENTATION,True
docs/DLMAI_Methodology_Correction_Audit.md,DLMAI_Methodology_Correction_Audit.md,.md,13573,,,[],,DOCUMENTATION,True
docs/DLMAI_Model_Decision_Log.md,DLMAI_Model_Decision_Log.md,.md,11102,,,[],,DOCUMENTATION,True
docs/DLMAI_Publishing_Deployment_Guide.md,DLMAI_Publishing_Deployment_Guide.md,.md,10877,,,[],,DOCUMENTATION,True
docs/DLMAI_Scaling_Guide.md,DLMAI_Scaling_Guide.md,.md,13632,,,[],,DOCUMENTATION,True
docs/DLMAI_Test_Improve_Deploy.md,DLMAI_Test_Improve_Deploy.md,.md,16770,,,[],,DOCUMENTATION,True
docs/DLMAI_v2_Red_Team_Audit.md,DLMAI_v2_Red_Team_Audit.md,.md,11525,,,[],,DOCUMENTATION,True
docs/DLMAI_v2_Seven_Test_Executive_Summary.md,DLMAI_v2_Seven_Test_Executive_Summary.md,.md,3123,,,[],,DOCUMENTATION,True
docs/DLMAI_v2_Seven_Test_Validation_Report.md,DLMAI_v2_Seven_Test_Validation_Report.md,.md,8329,,,[],,DOCUMENTATION,True
docs/DLMAI_v2_Test08_Forensic_Commercial_Validation.md,DLMAI_v2_Test08_Forensic_Commercial_Validation.md,.md,22293,,,[],,DOCUMENTATION,True
docs/South_India_DLMAI_Data_Dictionary.md,South_India_DLMAI_Data_Dictionary.md,.md,16571,,,[],,DOCUMENTATION,True
docs/South_India_DLMAI_Methodology.md,South_India_DLMAI_Methodology.md,.md,12514,,,[],,DOCUMENTATION,True
outputs/ahp_validation.json,ahp_validation.json,.json,613,9.0,1.0,"['criteria', 'weights', 'lambda_max', 'consistency_index', 'random_index', 'consistency_ratio', 'is_consistent', 'renormalized_driver_weights', 'saturation_lambda']",JSON object with 9 top-level keys,PRODUCTION_OUTPUT,True
outputs/data_quality_report.csv,data_quality_report.csv,.csv,8895,148.0,12.0,"['lgd_district_code', 'district_name', 'state_name', 'total_indicators', 'observed_count', 'inherited_count', 'imputed_count', 'proxy_count', 'observed_pct', 'inherited_pct', 'imputed_pct', 'data_quality_score']","lgd_district_code, district_name, state_name, total_indicators, observed_count, inherited_count, imputed_count, proxy_count, observed_pct, inherited_pct...",DATA_QUALITY_AUDIT,True
outputs/district_coverage_matrix.csv,district_coverage_matrix.csv,.csv,13552,148.0,9.0,"['lgd_district_code', 'district_name', 'state_name', 'NFHS_5', 'RHS_Health_Centres', 'Jan_Aushadhi_PMBJP', 'Census_Demographics', 'MCA21_Corporate', 'NITI_Aspirational']","lgd_district_code, district_name, state_name, NFHS_5, RHS_Health_Centres, Jan_Aushadhi_PMBJP, Census_Demographics, MCA21_Corporate, NITI_Aspirational",PRODUCTION_OUTPUT,True
outputs/dlmai_combined_output.csv,dlmai_combined_output.csv,.csv,352904,785.0,59.0,"['lgd_code', 'district_name', 'state_name', 'population_reference_millions', 'population_source', 'stunting_pct', 'wasting_pct', 'underweight_pct', 'electricity_pct', 'clean_fuel_pct', 'drinking_water_pct', 'sanitation_pct', 'insurance_pct', 'oope_delivery_rs', 'hypertension_combined_pct_women', 'hypertension_combined_pct_men', 'diabetes_combined_pct_women', 'diabetes_combined_pct_men', 'jan_aushadhi_kendra_count', 'decadal_growth_rate_pct', 'density_per_sqkm', 'sex_ratio', 'literacy_rate_pct', 'urban_population_pct', 'population_age_0_6_pct', 'sub_centres_per_lakh_pop', 'phcs_per_lakh_pop', 'chcs_per_lakh_pop', 'rhs_sub_divisional_hospital', 'rhs_district_hospital', 'mca21_active_pharma_company_count', 'niti_aspirational_district_flag', 'stunting_pct__status', 'wasting_pct__status', 'underweight_pct__status', 'electricity_pct__status', 'clean_fuel_pct__status', 'drinking_water_pct__status', 'sanitation_pct__status', 'insurance_pct__status', 'oope_delivery_rs__status', 'hypertension_combined_pct_women__status', 'hypertension_combined_pct_men__status', 'diabetes_combined_pct_women__status', 'diabetes_combined_pct_men__status', 'jan_aushadhi_kendra_count__status', 'decadal_growth_rate_pct__status', 'density_per_sqkm__status', 'sex_ratio__status', 'literacy_rate_pct__status', 'urban_population_pct__status', 'population_age_0_6_pct__status', 'sub_centres_per_lakh_pop__status', 'phcs_per_lakh_pop__status', 'chcs_per_lakh_pop__status', 'rhs_sub_divisional_hospital__status', 'rhs_district_hospital__status', 'mca21_active_pharma_company_count__status', 'niti_aspirational_district_flag__status']","lgd_code, district_name, state_name, population_reference_millions, population_source, stunting_pct, wasting_pct, underweight_pct, electricity_pct, clean_fuel_pct...",PRODUCTION_OUTPUT,True
outputs/dlmai_scores.csv,dlmai_scores.csv,.csv,58751,785.0,15.0,"['lgd_code', 'district_name', 'state_name', 'composite_score', 'dampener_applied', 'pillar_coverage_pct', 'global_pillar_coverage_pct', 'tier', 'P1_score', 'P2_score', 'P3_score', 'P4_score', 'P5_score', 'P6_score', 'P7_score']","lgd_code, district_name, state_name, composite_score, dampener_applied, pillar_coverage_pct, global_pillar_coverage_pct, tier, P1_score, P2_score...",PRODUCTION_OUTPUT,True
outputs/dlmai_south_india_combined_output.csv,dlmai_south_india_combined_output.csv,.csv,84501,148.0,71.0,"['lgd_district_code', 'district_name', 'state_name', 'jan_aushadhi_density_per_100k', 'jan_aushadhi_density_per_100k_provenance', 'jan_aushadhi_raw_count', 'jan_aushadhi_raw_count_provenance', 'mca21_pharma_density_per_100k', 'mca21_pharma_density_per_100k_provenance', 'mca21_raw_company_count', 'mca21_raw_company_count_provenance', 'niti_aspirational_district_flag', 'niti_aspirational_district_flag_provenance', 'census_total_population', 'census_total_population_provenance', 'census_urban_population_pct', 'census_urban_population_pct_provenance', 'census_population_age_0_6_pct', 'census_population_age_0_6_pct_provenance', 'census_decadal_growth_pct', 'census_decadal_growth_pct_provenance', 'census_literacy_rate_pct', 'census_literacy_rate_pct_provenance', 'nfhs_hypertension_combined_pct', 'nfhs_hypertension_combined_pct_provenance', 'nfhs_diabetes_combined_pct', 'nfhs_diabetes_combined_pct_provenance', 'nfhs_stunting_pct', 'nfhs_stunting_pct_provenance', 'nfhs_wasting_pct', 'nfhs_wasting_pct_provenance', 'nfhs_underweight_pct', 'nfhs_underweight_pct_provenance', 'nfhs_insurance_pct', 'nfhs_insurance_pct_provenance', 'nfhs_clean_fuel_pct', 'nfhs_clean_fuel_pct_provenance', 'nfhs_sanitation_pct', 'nfhs_sanitation_pct_provenance', 'nfhs_oope_delivery_rs', 'nfhs_oope_delivery_rs_provenance', 'rhs_phc_density_per_100k', 'rhs_phc_density_per_100k_provenance', 'rhs_chc_density_per_100k', 'rhs_chc_density_per_100k_provenance', 'rhs_subcentre_density_per_100k', 'rhs_subcentre_density_per_100k_provenance', 'rhs_hospital_presence', 'rhs_hospital_presence_provenance', 'clean_fuel_pct', 'clean_fuel_pct_provenance', 'wasting_pct', 'wasting_pct_provenance', 'hypertension_combined_pct_men', 'hypertension_combined_pct_men_provenance', 'diabetes_combined_pct_women', 'diabetes_combined_pct_women_provenance', 'diabetes_combined_pct_men', 'diabetes_combined_pct_men_provenance', 'underweight_pct', 'underweight_pct_provenance', 'sanitation_pct', 'sanitation_pct_provenance', 'stunting_pct', 'stunting_pct_provenance', 'insurance_pct', 'insurance_pct_provenance', 'hypertension_combined_pct_women', 'hypertension_combined_pct_women_provenance', 'oope_delivery_rs', 'oope_delivery_rs_provenance']","lgd_district_code, district_name, state_name, jan_aushadhi_density_per_100k, jan_aushadhi_density_per_100k_provenance, jan_aushadhi_raw_count, jan_aushadhi_raw_count_provenance, mca21_pharma_density_per_100k, mca21_pharma_density_per_100k_provenance, mca21_raw_company_count...",PRODUCTION_OUTPUT,True
outputs/dlmai_south_india_scores.csv,dlmai_south_india_scores.csv,.csv,23752,148.0,22.0,"['lgd_district_code', 'district_name', 'state_name', 'dlmai_score', 'value_driver_score', 'saturation_penalty', 'geometric_score', 'pillar_p1_score', 'pillar_p2_score', 'pillar_p3_score', 'pillar_p4_score', 'pillar_p5_score', 'pillar_p6_score', 'pillar_p7_score', 'south_india_rank', 'state_rank', 'commercial_tier', 'rank_std_dev', 'rank_ci_lower_2_5', 'rank_ci_upper_97_5', 'top_10_frequency_pct', 'top_20_frequency_pct']","lgd_district_code, district_name, state_name, dlmai_score, value_driver_score, saturation_penalty, geometric_score, pillar_p1_score, pillar_p2_score, pillar_p3_score...",PRODUCTION_OUTPUT,True
outputs/indicator_redundancy_report.csv,indicator_redundancy_report.csv,.csv,18711,136.0,6.0,"['indicator_a', 'indicator_b', 'spearman_correlation', 'absolute_correlation', 'conceptual_overlap', 'recommendation']","indicator_a, indicator_b, spearman_correlation, absolute_correlation, conceptual_overlap, recommendation",PRODUCTION_OUTPUT,True
outputs/leave_one_out_analysis.csv,leave_one_out_analysis.csv,.csv,1031,20.0,6.0,"['dropped_indicator', 'pillar', 'spearman_rho', 'rank_disruption', 'top_10_overlap', 'top_20_overlap']","dropped_indicator, pillar, spearman_rho, rank_disruption, top_10_overlap, top_20_overlap",PRODUCTION_OUTPUT,True
outputs/leave_one_pillar_out.csv,leave_one_pillar_out.csv,.csv,568,7.0,7.0,"['dropped_pillar', 'pillar_name', 'baseline_weight', 'spearman_rho', 'rank_disruption', 'top_10_overlap', 'top_20_overlap']","dropped_pillar, pillar_name, baseline_weight, spearman_rho, rank_disruption, top_10_overlap, top_20_overlap",PRODUCTION_OUTPUT,True
outputs/model_run_metadata.json,model_run_metadata.json,.json,6307,7.0,1.0,"['model_version', 'geographic_scope', 'run_info', 'quality_gate_summary', 'target_commercial_benchmark_class', 'p5_status', 'provenance_classification']",JSON object with 7 top-level keys,PRODUCTION_OUTPUT,True
outputs/red_team_geography_audit.csv,red_team_geography_audit.csv,.csv,12028,148.0,8.0,"['state', 'district', 'lgd_code', 'status', 'parent_code', 'mapping_type', 'source', 'issue']","state, district, lgd_code, status, parent_code, mapping_type, source, issue",VALIDATION_ARTIFACT,True
outputs/red_team_indicator_conceptual_audit.csv,red_team_indicator_conceptual_audit.csv,.csv,3937,20.0,9.0,"['indicator', 'pillar', 'construct_measured', 'commercial_relevance', 'healthcare_need', 'market_opportunity', 'direction', 'conceptual_risk', 'recommendation']","indicator, pillar, construct_measured, commercial_relevance, healthcare_need, market_opportunity, direction, conceptual_risk, recommendation",VALIDATION_ARTIFACT,True
outputs/red_team_indicator_reconciliation.csv,red_team_indicator_reconciliation.csv,.csv,4178,25.0,9.0,"['indicator', 'documentation', 'configuration', 'code', 'data', 'scored', 'descriptive', 'pillar', 'status']","indicator, documentation, configuration, code, data, scored, descriptive, pillar, status",VALIDATION_ARTIFACT,True
outputs/red_team_model_comparison.csv,red_team_model_comparison.csv,.csv,796,10.0,6.0,"['model_variant', 'spearman_rho', 'top_5_overlap_pct', 'top_10_overlap_pct', 'top_20_overlap_pct', 'top_30_overlap_pct']","model_variant, spearman_rho, top_5_overlap_pct, top_10_overlap_pct, top_20_overlap_pct, top_30_overlap_pct",VALIDATION_ARTIFACT,True
outputs/red_team_normalization_comparison.csv,red_team_normalization_comparison.csv,.csv,351,4.0,7.0,"['normalization_method', 'spearman_rho_vs_baseline', 'top_10_overlap_count', 'top_10_overlap_pct', 'top_20_overlap_count', 'top_20_overlap_pct', 'tier_agreement_pct']","normalization_method, spearman_rho_vs_baseline, top_10_overlap_count, top_10_overlap_pct, top_20_overlap_count, top_20_overlap_pct, tier_agreement_pct",VALIDATION_ARTIFACT,True
outputs/red_team_temporal_audit.csv,red_team_temporal_audit.csv,.csv,1875,20.0,7.0,"['indicator', 'source_year', 'latest_model_year', 'temporal_gap', 'boundary_vintage', 'compatibility', 'risk']","indicator, source_year, latest_model_year, temporal_gap, boundary_vintage, compatibility, risk",VALIDATION_ARTIFACT,True
outputs/red_team_top_n_stability.csv,red_team_top_n_stability.csv,.csv,796,10.0,6.0,"['model_variant', 'spearman_rho', 'top_5_overlap_pct', 'top_10_overlap_pct', 'top_20_overlap_pct', 'top_30_overlap_pct']","model_variant, spearman_rho, top_5_overlap_pct, top_10_overlap_pct, top_20_overlap_pct, top_30_overlap_pct",VALIDATION_ARTIFACT,True
outputs/refresh_metadata.json,refresh_metadata.json,.json,543,14.0,1.0,"['model_version', 'geographic_scope', 'total_canonical_districts', 'total_scored_indicators', 'mean_dlmai_score', 'median_dlmai_score', 'highest_scoring_district', 'highest_score', 'lowest_scoring_district', 'lowest_score']",JSON object with 14 top-level keys,PRODUCTION_OUTPUT,True
outputs/robustness_comparison.csv,robustness_comparison.csv,.csv,7881,148.0,8.0,"['lgd_district_code', 'district_name', 'state_name', 'baseline_dlmai_score', 'baseline_rank', 'geometric_score', 'equal_pillar_rank', 'no_saturation_rank']","lgd_district_code, district_name, state_name, baseline_dlmai_score, baseline_rank, geometric_score, equal_pillar_rank, no_saturation_rank",PRODUCTION_OUTPUT,True
outputs/robust_districts.csv,robust_districts.csv,.csv,3413,32.0,19.0,"['lgd_district_code', 'Variant 1: Baseline AHP + Entropy + Saturation (λ=0.15)', 'Variant 2: Equal Pillar Weights', 'Variant 3: Equal Indicator Weights', 'Variant 4: Robust Normalization (IQR)', 'Variant 5: No Saturation Dampener (λ=0.0)', 'Variant 6: Low Saturation (λ=0.10)', 'Variant 7: High Saturation (λ=0.20)', 'Variant 8: Geometric Aggregation', 'Variant 9: Exclude Child Nutrition Proxies', 'Variant 10: P6 Aspirational Neutral (Weight=0)', 'mean_rank', 'std_dev_rank', 'min_rank', 'max_rank', 'rank_spread', 'district_name', 'state_name', 'baseline_rank']","lgd_district_code, Variant 1: Baseline AHP + Entropy + Saturation (λ=0.15), Variant 2: Equal Pillar Weights, Variant 3: Equal Indicator Weights, Variant 4: Robust Normalization (IQR), Variant 5: No Saturation Dampener (λ=0.0), Variant 6: Low Saturation (λ=0.10), Variant 7: High Saturation (λ=0.20), Variant 8: Geometric Aggregation, Variant 9: Exclude Child Nutrition Proxies...",PRODUCTION_OUTPUT,True
outputs/sensitivity_results.csv,sensitivity_results.csv,.csv,5986,148.0,9.0,"['lgd_district_code', 'baseline_rank', 'mean_sim_rank', 'median_sim_rank', 'rank_std_dev', 'rank_ci_lower_2_5', 'rank_ci_upper_97_5', 'top_10_frequency_pct', 'top_20_frequency_pct']","lgd_district_code, baseline_rank, mean_sim_rank, median_sim_rank, rank_std_dev, rank_ci_lower_2_5, rank_ci_upper_97_5, top_10_frequency_pct, top_20_frequency_pct",PRODUCTION_OUTPUT,True
outputs/volatile_districts.csv,volatile_districts.csv,.csv,6280,71.0,19.0,"['lgd_district_code', 'Variant 1: Baseline AHP + Entropy + Saturation (λ=0.15)', 'Variant 2: Equal Pillar Weights', 'Variant 3: Equal Indicator Weights', 'Variant 4: Robust Normalization (IQR)', 'Variant 5: No Saturation Dampener (λ=0.0)', 'Variant 6: Low Saturation (λ=0.10)', 'Variant 7: High Saturation (λ=0.20)', 'Variant 8: Geometric Aggregation', 'Variant 9: Exclude Child Nutrition Proxies', 'Variant 10: P6 Aspirational Neutral (Weight=0)', 'mean_rank', 'std_dev_rank', 'min_rank', 'max_rank', 'rank_spread', 'district_name', 'state_name', 'baseline_rank']","lgd_district_code, Variant 1: Baseline AHP + Entropy + Saturation (λ=0.15), Variant 2: Equal Pillar Weights, Variant 3: Equal Indicator Weights, Variant 4: Robust Normalization (IQR), Variant 5: No Saturation Dampener (λ=0.0), Variant 6: Low Saturation (λ=0.10), Variant 7: High Saturation (λ=0.20), Variant 8: Geometric Aggregation, Variant 9: Exclude Child Nutrition Proxies...",PRODUCTION_OUTPUT,True
outputs/data_quality/district_data_completeness.csv,district_data_completeness.csv,.csv,8895,148.0,12.0,"['lgd_district_code', 'district_name', 'state_name', 'total_indicators', 'observed_count', 'inherited_count', 'imputed_count', 'proxy_count', 'observed_pct', 'inherited_pct', 'imputed_pct', 'data_quality_score']","lgd_district_code, district_name, state_name, total_indicators, observed_count, inherited_count, imputed_count, proxy_count, observed_pct, inherited_pct...",DATA_QUALITY_AUDIT,True
outputs/data_quality/geography_audit.csv,geography_audit.csv,.csv,11897,148.0,11.0,"['canonical_lgd_code', 'district_name', 'state_name', 'state_lgd_code', 'census_2011_code', 'is_canonical', 'geographic_level', 'is_split_child', 'parent_lgd_code', 'parent_district_name', 'mapping_status']","canonical_lgd_code, district_name, state_name, state_lgd_code, census_2011_code, is_canonical, geographic_level, is_split_child, parent_lgd_code, parent_district_name...",DATA_QUALITY_AUDIT,True
outputs/data_quality/indicator_provenance.csv,indicator_provenance.csv,.csv,301771,5032.0,5.0,"['canonical_lgd_code', 'indicator_id', 'harmonized_value', 'provenance_status', 'provenance_class']","canonical_lgd_code, indicator_id, harmonized_value, provenance_status, provenance_class",DATA_QUALITY_AUDIT,True
outputs/data_quality/jan_aushadhi_mapping_audit.csv,jan_aushadhi_mapping_audit.csv,.csv,836592,7422.0,8.0,"['source_pdf', 'kendra_code', 'source_state', 'source_district', 'geography_scope', 'canonical_lgd_code', 'mapping_status', 'reason']","source_pdf, kendra_code, source_state, source_district, geography_scope, canonical_lgd_code, mapping_status, reason",DATA_QUALITY_AUDIT,True
outputs/data_quality/mca21_provenance_audit.csv,mca21_provenance_audit.csv,.csv,33854,148.0,8.0,"['canonical_lgd_code', 'district_name', 'state_name', 'mca21_raw_bulk_file_present', 'p5_status', 'construct_definition', 'is_field_force_competition', 'notes']","canonical_lgd_code, district_name, state_name, mca21_raw_bulk_file_present, p5_status, construct_definition, is_field_force_competition, notes",DATA_QUALITY_AUDIT,True
outputs/data_quality/nfhs_coverage_audit.csv,nfhs_coverage_audit.csv,.csv,30943,148.0,12.0,"['canonical_lgd_code', 'district_name', 'state_name', 'pdf_found', 'pdf_path', 'source_district_name', 'mapping_status', 'mapping_method', 'extraction_status', 'indicators_extracted', 'parent_district_code', 'reason']","canonical_lgd_code, district_name, state_name, pdf_found, pdf_path, source_district_name, mapping_status, mapping_method, extraction_status, indicators_extracted...",DATA_QUALITY_AUDIT,True
outputs/data_quality/pipeline_quality_gate_report.json,pipeline_quality_gate_report.json,.json,4874,7.0,1.0,"['total_gates', 'passed_gates', 'failed_gates', 'critical_failures', 'is_production_ready', 'model_mode', 'gate_results']",JSON object with 7 top-level keys,DATA_QUALITY_AUDIT,True
outputs/data_quality/rhs_coverage_audit.csv,rhs_coverage_audit.csv,.csv,54654,620.0,11.0,"['source_state', 'source_district_text', 'geography_level', 'canonical_lgd_code', 'canonical_name', 'mapping_status', 'mapping_method', 'sub_centres', 'phcs', 'chcs', 'hospital_presence']","source_state, source_district_text, geography_level, canonical_lgd_code, canonical_name, mapping_status, mapping_method, sub_centres, phcs, chcs...",DATA_QUALITY_AUDIT,True
outputs/red_team_baseline/ahp_validation.json,ahp_validation.json,.json,613,9.0,1.0,"['criteria', 'weights', 'lambda_max', 'consistency_index', 'random_index', 'consistency_ratio', 'is_consistent', 'renormalized_driver_weights', 'saturation_lambda']",JSON object with 9 top-level keys,VALIDATION_ARTIFACT,True
outputs/red_team_baseline/data_quality_report.csv,data_quality_report.csv,.csv,8583,148.0,11.0,"['lgd_district_code', 'district_name', 'state_name', 'total_indicators', 'observed_count', 'inherited_count', 'imputed_count', 'observed_pct', 'inherited_pct', 'imputed_pct', 'data_quality_score']","lgd_district_code, district_name, state_name, total_indicators, observed_count, inherited_count, imputed_count, observed_pct, inherited_pct, imputed_pct...",VALIDATION_ARTIFACT,True
outputs/red_team_baseline/district_coverage_matrix.csv,district_coverage_matrix.csv,.csv,12944,148.0,9.0,"['lgd_district_code', 'district_name', 'state_name', 'NFHS_5', 'RHS_Health_Centres', 'Jan_Aushadhi_PMBJP', 'Census_Demographics', 'MCA21_Corporate', 'NITI_Aspirational']","lgd_district_code, district_name, state_name, NFHS_5, RHS_Health_Centres, Jan_Aushadhi_PMBJP, Census_Demographics, MCA21_Corporate, NITI_Aspirational",VALIDATION_ARTIFACT,True
outputs/red_team_baseline/dlmai_combined_output.csv,dlmai_combined_output.csv,.csv,352904,785.0,59.0,"['lgd_code', 'district_name', 'state_name', 'population_reference_millions', 'population_source', 'stunting_pct', 'wasting_pct', 'underweight_pct', 'electricity_pct', 'clean_fuel_pct', 'drinking_water_pct', 'sanitation_pct', 'insurance_pct', 'oope_delivery_rs', 'hypertension_combined_pct_women', 'hypertension_combined_pct_men', 'diabetes_combined_pct_women', 'diabetes_combined_pct_men', 'jan_aushadhi_kendra_count', 'decadal_growth_rate_pct', 'density_per_sqkm', 'sex_ratio', 'literacy_rate_pct', 'urban_population_pct', 'population_age_0_6_pct', 'sub_centres_per_lakh_pop', 'phcs_per_lakh_pop', 'chcs_per_lakh_pop', 'rhs_sub_divisional_hospital', 'rhs_district_hospital', 'mca21_active_pharma_company_count', 'niti_aspirational_district_flag', 'stunting_pct__status', 'wasting_pct__status', 'underweight_pct__status', 'electricity_pct__status', 'clean_fuel_pct__status', 'drinking_water_pct__status', 'sanitation_pct__status', 'insurance_pct__status', 'oope_delivery_rs__status', 'hypertension_combined_pct_women__status', 'hypertension_combined_pct_men__status', 'diabetes_combined_pct_women__status', 'diabetes_combined_pct_men__status', 'jan_aushadhi_kendra_count__status', 'decadal_growth_rate_pct__status', 'density_per_sqkm__status', 'sex_ratio__status', 'literacy_rate_pct__status', 'urban_population_pct__status', 'population_age_0_6_pct__status', 'sub_centres_per_lakh_pop__status', 'phcs_per_lakh_pop__status', 'chcs_per_lakh_pop__status', 'rhs_sub_divisional_hospital__status', 'rhs_district_hospital__status', 'mca21_active_pharma_company_count__status', 'niti_aspirational_district_flag__status']","lgd_code, district_name, state_name, population_reference_millions, population_source, stunting_pct, wasting_pct, underweight_pct, electricity_pct, clean_fuel_pct...",VALIDATION_ARTIFACT,True
outputs/red_team_baseline/dlmai_scores.csv,dlmai_scores.csv,.csv,58751,785.0,15.0,"['lgd_code', 'district_name', 'state_name', 'composite_score', 'dampener_applied', 'pillar_coverage_pct', 'global_pillar_coverage_pct', 'tier', 'P1_score', 'P2_score', 'P3_score', 'P4_score', 'P5_score', 'P6_score', 'P7_score']","lgd_code, district_name, state_name, composite_score, dampener_applied, pillar_coverage_pct, global_pillar_coverage_pct, tier, P1_score, P2_score...",VALIDATION_ARTIFACT,True
outputs/red_team_baseline/dlmai_south_india_combined_output.csv,dlmai_south_india_combined_output.csv,.csv,84526,148.0,71.0,"['lgd_district_code', 'district_name', 'state_name', 'jan_aushadhi_density_per_100k', 'jan_aushadhi_density_per_100k_provenance', 'jan_aushadhi_raw_count', 'jan_aushadhi_raw_count_provenance', 'mca21_pharma_density_per_100k', 'mca21_pharma_density_per_100k_provenance', 'mca21_raw_company_count', 'mca21_raw_company_count_provenance', 'niti_aspirational_district_flag', 'niti_aspirational_district_flag_provenance', 'census_total_population', 'census_total_population_provenance', 'census_urban_population_pct', 'census_urban_population_pct_provenance', 'census_population_age_0_6_pct', 'census_population_age_0_6_pct_provenance', 'census_decadal_growth_pct', 'census_decadal_growth_pct_provenance', 'census_literacy_rate_pct', 'census_literacy_rate_pct_provenance', 'nfhs_hypertension_combined_pct', 'nfhs_hypertension_combined_pct_provenance', 'nfhs_diabetes_combined_pct', 'nfhs_diabetes_combined_pct_provenance', 'nfhs_stunting_pct', 'nfhs_stunting_pct_provenance', 'nfhs_wasting_pct', 'nfhs_wasting_pct_provenance', 'nfhs_underweight_pct', 'nfhs_underweight_pct_provenance', 'nfhs_insurance_pct', 'nfhs_insurance_pct_provenance', 'nfhs_clean_fuel_pct', 'nfhs_clean_fuel_pct_provenance', 'nfhs_sanitation_pct', 'nfhs_sanitation_pct_provenance', 'nfhs_oope_delivery_rs', 'nfhs_oope_delivery_rs_provenance', 'rhs_phc_density_per_100k', 'rhs_phc_density_per_100k_provenance', 'rhs_chc_density_per_100k', 'rhs_chc_density_per_100k_provenance', 'rhs_subcentre_density_per_100k', 'rhs_subcentre_density_per_100k_provenance', 'rhs_hospital_presence', 'rhs_hospital_presence_provenance', 'stunting_pct', 'stunting_pct_provenance', 'diabetes_combined_pct_men', 'diabetes_combined_pct_men_provenance', 'hypertension_combined_pct_women', 'hypertension_combined_pct_women_provenance', 'sanitation_pct', 'sanitation_pct_provenance', 'insurance_pct', 'insurance_pct_provenance', 'diabetes_combined_pct_women', 'diabetes_combined_pct_women_provenance', 'underweight_pct', 'underweight_pct_provenance', 'wasting_pct', 'wasting_pct_provenance', 'hypertension_combined_pct_men', 'hypertension_combined_pct_men_provenance', 'clean_fuel_pct', 'clean_fuel_pct_provenance', 'oope_delivery_rs', 'oope_delivery_rs_provenance']","lgd_district_code, district_name, state_name, jan_aushadhi_density_per_100k, jan_aushadhi_density_per_100k_provenance, jan_aushadhi_raw_count, jan_aushadhi_raw_count_provenance, mca21_pharma_density_per_100k, mca21_pharma_density_per_100k_provenance, mca21_raw_company_count...",VALIDATION_ARTIFACT,True
outputs/red_team_baseline/dlmai_south_india_scores.csv,dlmai_south_india_scores.csv,.csv,23763,148.0,22.0,"['lgd_district_code', 'district_name', 'state_name', 'dlmai_score', 'value_driver_score', 'saturation_penalty', 'geometric_score', 'pillar_p1_score', 'pillar_p2_score', 'pillar_p3_score', 'pillar_p4_score', 'pillar_p5_score', 'pillar_p6_score', 'pillar_p7_score', 'south_india_rank', 'state_rank', 'commercial_tier', 'rank_std_dev', 'rank_ci_lower_2_5', 'rank_ci_upper_97_5', 'top_10_frequency_pct', 'top_20_frequency_pct']","lgd_district_code, district_name, state_name, dlmai_score, value_driver_score, saturation_penalty, geometric_score, pillar_p1_score, pillar_p2_score, pillar_p3_score...",VALIDATION_ARTIFACT,True
outputs/red_team_baseline/indicator_redundancy_report.csv,indicator_redundancy_report.csv,.csv,18710,136.0,6.0,"['indicator_a', 'indicator_b', 'spearman_correlation', 'absolute_correlation', 'conceptual_overlap', 'recommendation']","indicator_a, indicator_b, spearman_correlation, absolute_correlation, conceptual_overlap, recommendation",VALIDATION_ARTIFACT,True
outputs/red_team_baseline/refresh_metadata.json,refresh_metadata.json,.json,526,14.0,1.0,"['model_version', 'geographic_scope', 'total_canonical_districts', 'total_scored_indicators', 'mean_dlmai_score', 'median_dlmai_score', 'highest_scoring_district', 'highest_score', 'lowest_scoring_district', 'lowest_score']",JSON object with 14 top-level keys,VALIDATION_ARTIFACT,True
outputs/red_team_baseline/robustness_comparison.csv,robustness_comparison.csv,.csv,7881,148.0,8.0,"['lgd_district_code', 'district_name', 'state_name', 'baseline_dlmai_score', 'baseline_rank', 'geometric_score', 'equal_pillar_rank', 'no_saturation_rank']","lgd_district_code, district_name, state_name, baseline_dlmai_score, baseline_rank, geometric_score, equal_pillar_rank, no_saturation_rank",VALIDATION_ARTIFACT,True
outputs/red_team_baseline/sensitivity_results.csv,sensitivity_results.csv,.csv,5999,148.0,9.0,"['lgd_district_code', 'baseline_rank', 'mean_sim_rank', 'median_sim_rank', 'rank_std_dev', 'rank_ci_lower_2_5', 'rank_ci_upper_97_5', 'top_10_frequency_pct', 'top_20_frequency_pct']","lgd_district_code, baseline_rank, mean_sim_rank, median_sim_rank, rank_std_dev, rank_ci_lower_2_5, rank_ci_upper_97_5, top_10_frequency_pct, top_20_frequency_pct",VALIDATION_ARTIFACT,True
outputs/red_team_baseline/config_snapshot/geography.yaml,geography.yaml,.yaml,1225,,,[],"YAML config with keys: ['version', 'region_name', 'description', 'target_states', 'summary', 'master_files']",VALIDATION_ARTIFACT,True
outputs/red_team_baseline/config_snapshot/indicators.yaml,indicators.yaml,.yaml,6503,,,[],"YAML config with keys: ['version', 'indicators', 'contextual_variables']",VALIDATION_ARTIFACT,True
outputs/red_team_baseline/config_snapshot/pillars.yaml,pillars.yaml,.yaml,2206,,,[],"YAML config with keys: ['version', 'pillars']",VALIDATION_ARTIFACT,True
outputs/red_team_baseline/config_snapshot/scoring.yaml,scoring.yaml,.yaml,1338,,,[],"YAML config with keys: ['version', 'normalization', 'intra_pillar_weighting', 'aggregation', 'tiering']",VALIDATION_ARTIFACT,True
outputs/red_team_baseline/config_snapshot/sensitivity.yaml,sensitivity.yaml,.yaml,1001,,,[],"YAML config with keys: ['version', 'monte_carlo', 'stability_thresholds', 'robustness_models']",VALIDATION_ARTIFACT,True
outputs/red_team_baseline/config_snapshot/weights.yaml,weights.yaml,.yaml,1064,,,[],"YAML config with keys: ['version', 'ahp_matrix', 'validation', 'ahp_priority_weights', 'value_driver_weights_renormalized', 'saturation']",VALIDATION_ARTIFACT,True
outputs/red_team_validation_v2/dlmai_district_validation_master.csv,dlmai_district_validation_master.csv,.csv,34779,148.0,31.0,"['lgd_district_code', 'district_name', 'state_name', 'dlmai_score', 'south_india_rank', 'commercial_tier', 'top_10_frequency_pct', 'top_20_frequency_pct', 'robustness_classification', 'mean_sim_rank', 'rank_std_dev', 'rank_ci_lower_95', 'rank_ci_upper_95', 'top_10_prob_pct', 'top_20_prob_pct', 'uncertainty_classification', 'data_quality_score', 'observed_pct', 'inherited_pct', 'imputed_pct', 'need_score', 'access_score', 'growth_score', 'competition_score', 'saturation_penalty_deducted', 'rank_penalty_shift', 'annual_pharma_sales_inr_cr', 'per_capita_consumption_inr', 'chronic_ncd_sales_inr_cr', 'chronic_share_pct', 'monthly_rx_volume_index']","lgd_district_code, district_name, state_name, dlmai_score, south_india_rank, commercial_tier, top_10_frequency_pct, top_20_frequency_pct, robustness_classification, mean_sim_rank...",VALIDATION_ARTIFACT,True
outputs/red_team_validation_v2/test01_geography_validation.csv,test01_geography_validation.csv,.csv,6922,148.0,5.0,"['lgd_district_code', 'district_name', 'state_name', 'census_2011_code', 'validation_status']","lgd_district_code, district_name, state_name, census_2011_code, validation_status",VALIDATION_ARTIFACT,True
outputs/red_team_validation_v2/test01_independent_recalculation.csv,test01_independent_recalculation.csv,.csv,38915,148.0,34.0,"['lgd_district_code', 'indep_dlmai_score', 'indep_value_driver_score', 'indep_saturation_penalty', 'indep_p1_score', 'indep_p2_score', 'indep_p3_score', 'indep_p4_score', 'indep_p5_score', 'indep_p6_score', 'indep_p7_score', 'indep_south_india_rank', 'indep_commercial_tier', 'district_name', 'state_name', 'dlmai_score', 'value_driver_score', 'saturation_penalty', 'geometric_score', 'pillar_p1_score', 'pillar_p2_score', 'pillar_p3_score', 'pillar_p4_score', 'pillar_p5_score', 'pillar_p6_score', 'pillar_p7_score', 'south_india_rank', 'state_rank', 'commercial_tier', 'rank_std_dev', 'rank_ci_lower_2_5', 'rank_ci_upper_97_5', 'top_10_frequency_pct', 'top_20_frequency_pct']","lgd_district_code, indep_dlmai_score, indep_value_driver_score, indep_saturation_penalty, indep_p1_score, indep_p2_score, indep_p3_score, indep_p4_score, indep_p5_score, indep_p6_score...",VALIDATION_ARTIFACT,True
outputs/red_team_validation_v2/test01_indicator_integrity.csv,test01_indicator_integrity.csv,.csv,1738,20.0,12.0,"['indicator', 'pillar', 'direction', 'unit', 'min_value', 'max_value', 'mean_value', 'std_dev', 'missing_count', 'inf_count', 'is_constant', 'domain_valid']","indicator, pillar, direction, unit, min_value, max_value, mean_value, std_dev, missing_count, inf_count...",VALIDATION_ARTIFACT,True
outputs/red_team_validation_v2/test01_reconciliation_summary.json,test01_reconciliation_summary.json,.json,520,14.0,1.0,"['test_name', 'status', 'total_districts', 'max_absolute_score_error', 'mean_absolute_score_error', 'root_mean_squared_error', 'max_rank_difference', 'districts_with_rank_diff_gt_0', 'districts_with_rank_diff_gt_1', 'districts_with_rank_diff_gt_5']",JSON object with 14 top-level keys,VALIDATION_ARTIFACT,True
outputs/red_team_validation_v2/test02_normalization_effect_decomposition.csv,test02_normalization_effect_decomposition.csv,.csv,457,4.0,9.0,"['normalization_method', 'fixed_weights_rho', 'recomputed_weights_rho', 'delta_rho_weighting_effect', 'correlation_between_A_and_B', 'fixed_top10_overlap', 'recomputed_top10_overlap', 'fixed_tier_agreement', 'recomputed_tier_agreement']","normalization_method, fixed_weights_rho, recomputed_weights_rho, delta_rho_weighting_effect, correlation_between_A_and_B, fixed_top10_overlap, recomputed_top10_overlap, fixed_tier_agreement, recomputed_tier_agreement",VALIDATION_ARTIFACT,True
outputs/red_team_validation_v2/test02_normalization_fixed_weights.csv,test02_normalization_fixed_weights.csv,.csv,659,4.0,13.0,"['normalization_method', 'experimental_condition', 'spearman_rho', 'kendall_tau', 'pearson_r', 'top_5_overlap_pct', 'top_10_overlap_pct', 'top_20_overlap_pct', 'top_30_overlap_pct', 'tier_agreement_pct', 'mean_abs_rank_change', 'median_abs_rank_change', 'max_rank_change']","normalization_method, experimental_condition, spearman_rho, kendall_tau, pearson_r, top_5_overlap_pct, top_10_overlap_pct, top_20_overlap_pct, top_30_overlap_pct, tier_agreement_pct...",VALIDATION_ARTIFACT,True
outputs/red_team_validation_v2/test02_normalization_recomputed_weights.csv,test02_normalization_recomputed_weights.csv,.csv,676,4.0,13.0,"['normalization_method', 'experimental_condition', 'spearman_rho', 'kendall_tau', 'pearson_r', 'top_5_overlap_pct', 'top_10_overlap_pct', 'top_20_overlap_pct', 'top_30_overlap_pct', 'tier_agreement_pct', 'mean_abs_rank_change', 'median_abs_rank_change', 'max_rank_change']","normalization_method, experimental_condition, spearman_rho, kendall_tau, pearson_r, top_5_overlap_pct, top_10_overlap_pct, top_20_overlap_pct, top_30_overlap_pct, tier_agreement_pct...",VALIDATION_ARTIFACT,True
outputs/red_team_validation_v2/test03_robust_districts.csv,test03_robust_districts.csv,.csv,9854,81.0,18.0,"['lgd_district_code', 'district_name', 'state_name', 'baseline_rank', 'baseline_score', 'top_5_frequency_pct', 'top_10_frequency_pct', 'top_20_frequency_pct', 'top_30_frequency_pct', 'mean_rank', 'median_rank', 'rank_std_dev', 'rank_p05', 'rank_p95', 'rank_min', 'rank_max', 'rank_spread', 'robustness_classification']","lgd_district_code, district_name, state_name, baseline_rank, baseline_score, top_5_frequency_pct, top_10_frequency_pct, top_20_frequency_pct, top_30_frequency_pct, mean_rank...",VALIDATION_ARTIFACT,True
outputs/red_team_validation_v2/test03_sensitive_districts.csv,test03_sensitive_districts.csv,.csv,7956,65.0,18.0,"['lgd_district_code', 'district_name', 'state_name', 'baseline_rank', 'baseline_score', 'top_5_frequency_pct', 'top_10_frequency_pct', 'top_20_frequency_pct', 'top_30_frequency_pct', 'mean_rank', 'median_rank', 'rank_std_dev', 'rank_p05', 'rank_p95', 'rank_min', 'rank_max', 'rank_spread', 'robustness_classification']","lgd_district_code, district_name, state_name, baseline_rank, baseline_score, top_5_frequency_pct, top_10_frequency_pct, top_20_frequency_pct, top_30_frequency_pct, mean_rank...",VALIDATION_ARTIFACT,True
outputs/red_team_validation_v2/test03_topn_robustness.csv,test03_topn_robustness.csv,.csv,17768,148.0,18.0,"['lgd_district_code', 'district_name', 'state_name', 'baseline_rank', 'baseline_score', 'top_5_frequency_pct', 'top_10_frequency_pct', 'top_20_frequency_pct', 'top_30_frequency_pct', 'mean_rank', 'median_rank', 'rank_std_dev', 'rank_p05', 'rank_p95', 'rank_min', 'rank_max', 'rank_spread', 'robustness_classification']","lgd_district_code, district_name, state_name, baseline_rank, baseline_score, top_5_frequency_pct, top_10_frequency_pct, top_20_frequency_pct, top_30_frequency_pct, mean_rank...",VALIDATION_ARTIFACT,True
outputs/red_team_validation_v2/test03_volatile_districts.csv,test03_volatile_districts.csv,.csv,265,0.0,18.0,"['lgd_district_code', 'district_name', 'state_name', 'baseline_rank', 'baseline_score', 'top_5_frequency_pct', 'top_10_frequency_pct', 'top_20_frequency_pct', 'top_30_frequency_pct', 'mean_rank', 'median_rank', 'rank_std_dev', 'rank_p05', 'rank_p95', 'rank_min', 'rank_max', 'rank_spread', 'robustness_classification']","lgd_district_code, district_name, state_name, baseline_rank, baseline_score, top_5_frequency_pct, top_10_frequency_pct, top_20_frequency_pct, top_30_frequency_pct, mean_rank...",VALIDATION_ARTIFACT,True
outputs/red_team_validation_v2/test04_data_quality_correlations.csv,test04_data_quality_correlations.csv,.csv,436,4.0,6.0,"['quality_metric', 'pearson_r_with_dlmai_score', 'pearson_p_value', 'spearman_rho_with_rank', 'spearman_p_value', 'bias_interpretation']","quality_metric, pearson_r_with_dlmai_score, pearson_p_value, spearman_rho_with_rank, spearman_p_value, bias_interpretation",VALIDATION_ARTIFACT,True
outputs/red_team_validation_v2/test04_data_quality_quartiles.csv,test04_data_quality_quartiles.csv,.csv,375,4.0,10.0,"['data_quality_quartile', 'district_count', 'mean_data_quality_score', 'mean_dlmai_score', 'top_10_count', 'top_10_probability_pct', 'top_20_count', 'top_20_probability_pct', 'top_30_count', 'top_30_probability_pct']","data_quality_quartile, district_count, mean_data_quality_score, mean_dlmai_score, top_10_count, top_10_probability_pct, top_20_count, top_20_probability_pct, top_30_count, top_30_probability_pct",VALIDATION_ARTIFACT,True
outputs/red_team_validation_v2/test04_quality_adjusted_diagnostic.csv,test04_quality_adjusted_diagnostic.csv,.csv,9091,148.0,9.0,"['lgd_district_code', 'district_name', 'state_name', 'dlmai_score', 'south_india_rank', 'data_quality_score', 'observed_pct', 'quality_adjusted_score', 'quality_adjusted_rank']","lgd_district_code, district_name, state_name, dlmai_score, south_india_rank, data_quality_score, observed_pct, quality_adjusted_score, quality_adjusted_rank",VALIDATION_ARTIFACT,True
outputs/red_team_validation_v2/test04_quality_bias_regression.csv,test04_quality_bias_regression.csv,.csv,428,5.0,6.0,"['model', 'variable', 'coefficient', 'std_error', 't_statistic', 'r_squared']","model, variable, coefficient, std_error, t_statistic, r_squared",VALIDATION_ARTIFACT,True
outputs/red_team_validation_v2/test05_lambda_sensitivity.csv,test05_lambda_sensitivity.csv,.csv,353,6.0,7.0,"['lambda_value', 'spearman_rho_vs_baseline', 'top_10_overlap_pct', 'top_20_overlap_pct', 'tier_agreement_pct', 'mean_abs_rank_change', 'max_rank_change']","lambda_value, spearman_rho_vs_baseline, top_10_overlap_pct, top_20_overlap_pct, tier_agreement_pct, mean_abs_rank_change, max_rank_change",VALIDATION_ARTIFACT,True
outputs/red_team_validation_v2/test05_p5_ablation.csv,test05_p5_ablation.csv,.csv,475,3.0,10.0,"['model_specification', 'spearman_rho', 'kendall_tau', 'pearson_r', 'top_5_overlap_pct', 'top_10_overlap_pct', 'top_20_overlap_pct', 'tier_agreement_pct', 'mean_abs_rank_change', 'max_rank_change']","model_specification, spearman_rho, kendall_tau, pearson_r, top_5_overlap_pct, top_10_overlap_pct, top_20_overlap_pct, tier_agreement_pct, mean_abs_rank_change, max_rank_change",VALIDATION_ARTIFACT,True
outputs/red_team_validation_v2/test05_p5_affected_districts.csv,test05_p5_affected_districts.csv,.csv,10375,148.0,10.0,"['lgd_district_code', 'district_name', 'state_name', 'mca21_pharma_density_raw', 'p5_saturation_score', 'saturation_penalty_deducted', 'baseline_rank_with_p5', 'rank_without_p5', 'rank_penalty_shift', 'competition_impact_category']","lgd_district_code, district_name, state_name, mca21_pharma_density_raw, p5_saturation_score, saturation_penalty_deducted, baseline_rank_with_p5, rank_without_p5, rank_penalty_shift, competition_impact_category",VALIDATION_ARTIFACT,True
outputs/red_team_validation_v2/test06_component_correlations.csv,test06_component_correlations.csv,.csv,308,4.0,4.0,"['strategic_component', 'pearson_r_with_dlmai_score', 'spearman_rho_with_rank', 'alignment_interpretation']","strategic_component, pearson_r_with_dlmai_score, spearman_rho_with_rank, alignment_interpretation",VALIDATION_ARTIFACT,True
outputs/red_team_validation_v2/test06_component_scores.csv,test06_component_scores.csv,.csv,27194,148.0,26.0,"['lgd_district_code', 'district_name', 'state_name', 'dlmai_score', 'value_driver_score', 'saturation_penalty', 'geometric_score', 'pillar_p1_score', 'pillar_p2_score', 'pillar_p3_score', 'pillar_p4_score', 'pillar_p5_score', 'pillar_p6_score', 'pillar_p7_score', 'south_india_rank', 'state_rank', 'commercial_tier', 'rank_std_dev', 'rank_ci_lower_2_5', 'rank_ci_upper_97_5', 'top_10_frequency_pct', 'top_20_frequency_pct', 'need_score', 'access_score', 'growth_score', 'competition_score']","lgd_district_code, district_name, state_name, dlmai_score, value_driver_score, saturation_penalty, geometric_score, pillar_p1_score, pillar_p2_score, pillar_p3_score...",VALIDATION_ARTIFACT,True
outputs/red_team_validation_v2/test06_district_profiles.csv,test06_district_profiles.csv,.csv,20632,148.0,10.0,"['south_india_rank', 'district_name', 'state_name', 'dlmai_score', 'commercial_tier', 'need_score', 'access_score', 'growth_score', 'competition_score', 'strategic_commercial_archetype']","south_india_rank, district_name, state_name, dlmai_score, commercial_tier, need_score, access_score, growth_score, competition_score, strategic_commercial_archetype",VALIDATION_ARTIFACT,True
outputs/red_team_validation_v2/test06_state_component_summary.csv,test06_state_component_summary.csv,.csv,384,7.0,7.0,"['state_name', 'District_Count', 'Mean_DLMAI', 'Mean_Need', 'Mean_Access', 'Mean_Growth', 'Mean_Competition']","state_name, District_Count, Mean_DLMAI, Mean_Need, Mean_Access, Mean_Growth, Mean_Competition",VALIDATION_ARTIFACT,True
outputs/red_team_validation_v2/test07_monte_carlo_district.csv,test07_monte_carlo_district.csv,.csv,17954,148.0,21.0,"['lgd_district_code', 'district_name', 'state_name', 'baseline_rank', 'baseline_score', 'mean_sim_rank', 'median_sim_rank', 'rank_std_dev', 'rank_ci_lower_95', 'rank_ci_upper_95', 'rank_ci_lower_90', 'rank_ci_upper_90', 'top_5_prob_pct', 'top_10_prob_pct', 'top_20_prob_pct', 'top_30_prob_pct', 'tier_1_prob_pct', 'tier_2_prob_pct', 'tier_3_prob_pct', 'tier_4_prob_pct', 'uncertainty_classification']","lgd_district_code, district_name, state_name, baseline_rank, baseline_score, mean_sim_rank, median_sim_rank, rank_std_dev, rank_ci_lower_95, rank_ci_upper_95...",VALIDATION_ARTIFACT,True
outputs/red_team_validation_v2/test07_monte_carlo_global.csv,test07_monte_carlo_global.csv,.csv,368,2.0,11.0,"['iterations', 'random_seed', 'perturbation_sigma', 'mean_spearman_rho', 'median_spearman_rho', 'p05_spearman_rho', 'p95_spearman_rho', 'mean_kendall_tau', 'p05_kendall_tau', 'p95_kendall_tau', 'stability_class']","iterations, random_seed, perturbation_sigma, mean_spearman_rho, median_spearman_rho, p05_spearman_rho, p95_spearman_rho, mean_kendall_tau, p05_kendall_tau, p95_kendall_tau...",VALIDATION_ARTIFACT,True
outputs/red_team_validation_v2/test07_rank_intervals.csv,test07_rank_intervals.csv,.csv,10209,148.0,8.0,"['lgd_district_code', 'district_name', 'state_name', 'baseline_rank', 'mean_rank', 'rank_std_dev', 'rank_95_pct_interval', 'rank_90_pct_interval']","lgd_district_code, district_name, state_name, baseline_rank, mean_rank, rank_std_dev, rank_95_pct_interval, rank_90_pct_interval",VALIDATION_ARTIFACT,True
outputs/red_team_validation_v2/test07_topn_probabilities.csv,test07_topn_probabilities.csv,.csv,7050,148.0,8.0,"['lgd_district_code', 'district_name', 'state_name', 'baseline_rank', 'top_5_prob_pct', 'top_10_prob_pct', 'top_20_prob_pct', 'top_30_prob_pct']","lgd_district_code, district_name, state_name, baseline_rank, top_5_prob_pct, top_10_prob_pct, top_20_prob_pct, top_30_prob_pct",VALIDATION_ARTIFACT,True
outputs/red_team_validation_v2/test08_baseline_comparison.csv,test08_baseline_comparison.csv,.csv,746,5.0,10.0,"['model_id', 'feature_set', 'in_sample_r', 'in_sample_rho', 'in_sample_r2', 'oos_5fold_r2', 'oos_rmse_cr', 'oos_mae_cr', 'oos_rho', 'benchmark_winner']","model_id, feature_set, in_sample_r, in_sample_rho, in_sample_r2, oos_5fold_r2, oos_rmse_cr, oos_mae_cr, oos_rho, benchmark_winner",VALIDATION_ARTIFACT,True
outputs/red_team_validation_v2/test08_circularity_matrix.csv,test08_circularity_matrix.csv,.csv,857,7.0,8.0,"['variable_name', 'variable_description', 'used_in_benchmark_construction', 'pearson_r_with_sales', 'spearman_rho_with_sales', 'pearson_r_with_per_capita', 'spearman_rho_with_chronic_sales', 'circularity_risk_assessment']","variable_name, variable_description, used_in_benchmark_construction, pearson_r_with_sales, spearman_rho_with_sales, pearson_r_with_per_capita, spearman_rho_with_chronic_sales, circularity_risk_assessment",VALIDATION_ARTIFACT,True
outputs/red_team_validation_v2/test08_commercial_sales_benchmark.csv,test08_commercial_sales_benchmark.csv,.csv,10925,148.0,10.0,"['lgd_district_code', 'district_name', 'state_name', 'annual_pharma_sales_inr_cr', 'pharma_sales_usd_million', 'per_capita_consumption_inr', 'chronic_ncd_sales_inr_cr', 'acute_therapy_sales_inr_cr', 'chronic_share_pct', 'monthly_rx_volume_index']","lgd_district_code, district_name, state_name, annual_pharma_sales_inr_cr, pharma_sales_usd_million, per_capita_consumption_inr, chronic_ncd_sales_inr_cr, acute_therapy_sales_inr_cr, chronic_share_pct, monthly_rx_volume_index",VALIDATION_ARTIFACT,True
outputs/red_team_validation_v2/test08_cross_validation_metrics.csv,test08_cross_validation_metrics.csv,.csv,542,8.0,8.0,"['fold', 'train_n', 'test_n', 'r_squared', 'rmse_inr_cr', 'mae_inr_cr', 'pearson_r', 'spearman_rho']","fold, train_n, test_n, r_squared, rmse_inr_cr, mae_inr_cr, pearson_r, spearman_rho",VALIDATION_ARTIFACT,True
outputs/red_team_validation_v2/test08_data_provenance_audit.csv,test08_data_provenance_audit.csv,.csv,635282,1036.0,17.0,"['variable', 'district', 'state', 'source', 'source_document', 'source_url', 'observation_period', 'original_granularity', 'original_value_available', 'transformation', 'transformation_formula', 'data_status', 'observed_or_derived', 'synthetic_flag', 'manual_entry_flag', 'provenance_confidence', 'notes']","variable, district, state, source, source_document, source_url, observation_period, original_granularity, original_value_available, transformation...",VALIDATION_ARTIFACT,True
outputs/red_team_validation_v2/test08_district_provenance_summary.json,test08_district_provenance_summary.json,.json,730,13.0,1.0,"['total_districts_evaluated', 'number_with_directly_observed_district_sales', 'number_with_derived_sales', 'number_with_state_level_allocation', 'number_with_population_based_allocation', 'number_with_dlmai_covariate_allocation', 'number_with_synthetic_random_variance', 'number_with_unknown_provenance', 'macro_south_india_total_inr_cr', 'claimed_total_inr_cr']",JSON object with 13 top-level keys,VALIDATION_ARTIFACT,True
outputs/red_team_validation_v2/test08_leave_one_state_out_cv.csv,test08_leave_one_state_out_cv.csv,.csv,729,7.0,8.0,"['held_out_state', 'district_count_n', 'spearman_rho', 'r_squared', 'mae_inr_cr', 'rmse_inr_cr', 'confidence_interval_95', 'interpretability_flag']","held_out_state, district_count_n, spearman_rho, r_squared, mae_inr_cr, rmse_inr_cr, confidence_interval_95, interpretability_flag",VALIDATION_ARTIFACT,True
outputs/red_team_validation_v2/test08_predictive_regression_results.csv,test08_predictive_regression_results.csv,.csv,552,2.0,11.0,"['dependent_variable', 'independent_variable', 'coefficient_beta_1', 'standard_error', 'confidence_interval_95', 't_statistic', 'p_value', 'r_squared', 'adjusted_r_squared', 'sample_size_n', 'statistical_significance']","dependent_variable, independent_variable, coefficient_beta_1, standard_error, confidence_interval_95, t_statistic, p_value, r_squared, adjusted_r_squared, sample_size_n...",VALIDATION_ARTIFACT,True
outputs/red_team_validation_v2/test08_therapy_predictive_breakdown.csv,test08_therapy_predictive_breakdown.csv,.csv,696,3.0,8.0,"['therapy_variable', 'independently_observed_external', 'source_provenance', 'pearson_r', 'spearman_rho', 'r_squared', 'p_value', 'provenance_verdict']","therapy_variable, independently_observed_external, source_provenance, pearson_r, spearman_rho, r_squared, p_value, provenance_verdict",VALIDATION_ARTIFACT,True
outputs/red_team_validation_v2/test08_tier_revenue_capture.csv,test08_tier_revenue_capture.csv,.csv,502,4.0,8.0,"['commercial_tier', 'District_Count', 'Total_Sales_INR_Cr', 'Total_Population', 'Mean_DLMAI_Score', 'Sales_Share_Pct', 'Population_Share_Pct', 'Sales_to_Population_Ratio']","commercial_tier, District_Count, Total_Sales_INR_Cr, Total_Population, Mean_DLMAI_Score, Sales_Share_Pct, Population_Share_Pct, Sales_to_Population_Ratio",VALIDATION_ARTIFACT,True
outputs/red_team_validation_v2/test_run_metadata.json,test_run_metadata.json,.json,1953,8.0,1.0,"['validation_suite_version', 'model_version_audited', 'execution_timestamp', 'total_execution_duration_seconds', 'environment', 'file_integrity_hashes', 'test_results_summary', 'verdict']",JSON object with 8 top-level keys,VALIDATION_ARTIFACT,True
scratch/audit_robust_categories.py,audit_robust_categories.py,.py,1970,,,[],,PROJECT_MISC,True
scratch/check_cols.py,check_cols.py,.py,151,,,[],,PROJECT_MISC,True
scratch/check_cols2.py,check_cols2.py,.py,160,,,[],,PROJECT_MISC,True
scratch/inspect_redteam.py,inspect_redteam.py,.py,1592,,,[],,PROJECT_MISC,True
scratch/trace_test01_precision.py,trace_test01_precision.py,.py,6936,,,[],,PROJECT_MISC,True
scratch/verify_top10.py,verify_top10.py,.py,410,,,[],,PROJECT_MISC,True
scripts/forensic_data_discovery.py,forensic_data_discovery.py,.py,5601,,,[],,PROJECT_MISC,True
scripts/__init__.py,__init__.py,.py,24,,,[],,PROJECT_MISC,True
scripts/red_team_validation/run_all_validation.py,run_all_validation.py,.py,8163,,,[],,PROJECT_MISC,True
scripts/red_team_validation/test01_independent_recalculation.py,test01_independent_recalculation.py,.py,15781,,,[],,PROJECT_MISC,True
scripts/red_team_validation/test02_normalization_sensitivity.py,test02_normalization_sensitivity.py,.py,14626,,,[],,PROJECT_MISC,True
scripts/red_team_validation/test03_topn_robustness.py,test03_topn_robustness.py,.py,13751,,,[],,PROJECT_MISC,True
scripts/red_team_validation/test04_data_quality_bias.py,test04_data_quality_bias.py,.py,9616,,,[],,PROJECT_MISC,True
scripts/red_team_validation/test05_p5_ablation.py,test05_p5_ablation.py,.py,10982,,,[],,PROJECT_MISC,True
scripts/red_team_validation/test06_component_decomposition.py,test06_component_decomposition.py,.py,9391,,,[],,PROJECT_MISC,True
scripts/red_team_validation/test07_monte_carlo_uncertainty.py,test07_monte_carlo_uncertainty.py,.py,13431,,,[],,PROJECT_MISC,True
scripts/red_team_validation/test08_external_commercial_validation.py,test08_external_commercial_validation.py,.py,30508,,,[],,PROJECT_MISC,True
scripts/red_team_validation/__init__.py,__init__.py,.py,36,,,[],,PROJECT_MISC,True
src/config.py,config.py,.py,1568,,,[],,CONFIG_YAML,True
src/pipeline.py,pipeline.py,.py,26389,,,[],,PRODUCTION_CODE,True
src/__init__.py,__init__.py,.py,71,,,[],,PRODUCTION_CODE,True
src/harmonization/crosswalk.py,crosswalk.py,.py,7361,,,[],,PRODUCTION_CODE,True
src/harmonization/inheritance.py,inheritance.py,.py,1774,,,[],,PRODUCTION_CODE,True
src/imputation/engine.py,engine.py,.py,5061,,,[],,PRODUCTION_CODE,True
src/ingestion/census_parser.py,census_parser.py,.py,1541,,,[],,PRODUCTION_CODE,True
src/ingestion/jan_aushadhi.py,jan_aushadhi.py,.py,1868,,,[],,PRODUCTION_CODE,True
src/ingestion/mca21.py,mca21.py,.py,1767,,,[],,PRODUCTION_CODE,True
src/ingestion/nfhs_parser.py,nfhs_parser.py,.py,6980,,,[],,PRODUCTION_CODE,True
src/ingestion/niti_aayog.py,niti_aayog.py,.py,2213,,,[],,PRODUCTION_CODE,True
src/ingestion/rhs_parser.py,rhs_parser.py,.py,2866,,,[],,PRODUCTION_CODE,True
src/ingestion/__init__.py,__init__.py,.py,41,,,[],,PRODUCTION_CODE,True
src/scoring/ahp.py,ahp.py,.py,1818,,,[],,PRODUCTION_CODE,True
src/scoring/composite.py,composite.py,.py,3793,,,[],,PRODUCTION_CODE,True
src/scoring/entropy.py,entropy.py,.py,2071,,,[],,PRODUCTION_CODE,True
src/scoring/normalizer.py,normalizer.py,.py,1529,,,[],,PRODUCTION_CODE,True
src/scoring/__init__.py,__init__.py,.py,39,,,[],,PRODUCTION_CODE,True
src/sensitivity/monte_carlo.py,monte_carlo.py,.py,4376,,,[],,PRODUCTION_CODE,True
src/sensitivity/__init__.py,__init__.py,.py,43,,,[],,PRODUCTION_CODE,True
src/validation/data_quality.py,data_quality.py,.py,19207,,,[],,PRODUCTION_CODE,True
src/validation/quality_gates.py,quality_gates.py,.py,15431,,,[],,PRODUCTION_CODE,True
src/validation/redundancy.py,redundancy.py,.py,2164,,,[],,PRODUCTION_CODE,True
src/validation/__init__.py,__init__.py,.py,42,,,[],,PRODUCTION_CODE,True
tests/conftest.py,conftest.py,.py,196,,,[],,TEST_FIXTURE,True
tests/test_data_quality_gates.py,test_data_quality_gates.py,.py,6929,,,[],,TEST_FIXTURE,True
tests/test_red_team_validation.py,test_red_team_validation.py,.py,8029,,,[],,TEST_FIXTURE,True
tests/test_south_india_methodology.py,test_south_india_methodology.py,.py,9305,,,[],,TEST_FIXTURE,True
