lgd_code,state_lgd_code,state_name,current_name,historical_names,parent_lgd_code,effective_from
554,32,Kerala,Alappuzha,,,
121,9,Uttar Pradesh,Ambedkar Nagar,,,
27,3,Punjab,Amritsar,,,
672,24,Gujarat,Arvalli,,,
611,10,Bihar,Arwal,,,
189,10,Bihar,Aurangabad,,,
125,9,Uttar Pradesh,Bahraich,,,
646,22,Chhattisgarh,Balod,,,
127,9,Uttar Pradesh,Balrampur,,,
649,22,Chhattisgarh,Balrampur-Ramanujganj,,,
623,1,Jammu And Kashmir,Bandipora,,,
470,27,Maharashtra,Beed,,,
650,22,Chhattisgarh,Bemetara,,,
525,29,Karnataka,Bengaluru Urban,,,
179,9,Uttar Pradesh,Bhadohi,,,
471,27,Maharashtra,Bhandara,,,
395,23,Madhya Pradesh,Bhind,,,
636,22,Chhattisgarh,Bijapur,,,
676,24,Gujarat,Botad,,,
47,5,Uttarakhand,Chamoli,,,
135,9,Uttar Pradesh,Chandauli,,,
253,14,Manipur,Chandel,,,
473,27,Maharashtra,Chandrapur,,,
398,23,Madhya Pradesh,Chhatarpur,,,
668,24,Gujarat,Chhotaudepur,,,
445,24,Gujarat,Dahod,,,
310,19,West Bengal,Dakshin Dinajpur,,,
400,23,Madhya Pradesh,Damoh,,,
444,24,Gujarat,Dangs,,,
309,19,West Bengal,Darjeeling,,,
535,29,Karnataka,Davangere,,,
269,16,Tripura,Dhalai,,,
352,21,Odisha,Dhenkanal,,,
404,23,Madhya Pradesh,Dindori,,,
769,8,Rajasthan,Dudu,,,
657,17,Meghalaya,East Jaintia Hills,,,
748,28,Andhra Pradesh,Eluru,,,
573,33,Tamil Nadu,Erode,,,
651,3,Punjab,Fazilka,,,
31,3,Punjab,Ferozepur,,,
446,24,Gujarat,Gandhinagar,,,
328,20,Jharkhand,Garhwa,,,
645,22,Chhattisgarh,Gariyaband,,,
196,10,Bihar,Gaya,,,
654,16,Tripura,Gomati,,,
331,20,Jharkhand,Gumla,,,
17,2,Himachal Pradesh,Hamirpur,,,
686,36,Telangana,Hanumakonda,,,
408,23,Madhya Pradesh,Harda,,,
50,5,Uttarakhand,Haridwar,,,
539,29,Karnataka,Hassan,,,
355,21,Odisha,Jagatsinghapur,,,
102,8,Rajasthan,Jaipur,,,
104,8,Rajasthan,Jalore,,,
314,19,West Bengal,Jalpaiguri,,,
687,36,Telangana,Jayashankar Bhupalapally,,,
105,8,Rajasthan,Jhalawar,,,
153,9,Uttar Pradesh,Jhansi,,,
357,21,Odisha,Jharsuguda,,,
382,22,Chhattisgarh,Kabeerdham,,,
702,19,West Bengal,Kalimpong,,,
156,9,Uttar Pradesh,Kanpur Dehat,,,
108,8,Rajasthan,Karauli,,,
508,36,Telangana,Karimnagar,,,
201,10,Bihar,Katihar,,,
360,21,Odisha,Kendrapara,,,
414,23,Madhya Pradesh,Khargone (West Nimar),,,
450,24,Gujarat,Kheda,,,
159,9,Uttar Pradesh,Kheri,,,
652,16,Tripura,Khowai,,,
606,20,Jharkhand,Khunti,,,
620,1,Jammu And Kashmir,Kishtwar,,,
263,15,Mizoram,Kolasib,,,
315,19,West Bengal,Kolkata,,,
559,32,Kerala,Kollam,,,
109,8,Rajasthan,Kota,,,
160,9,Uttar Pradesh,Kushinagar,,,
553,31,Lakshadweep,Lakshadweep District,,,
161,9,Uttar Pradesh,Lalitpur,,,
335,20,Jharkhand,Latehar,,,
234,12,Arunachal Pradesh,Lohit,,,
615,13,Nagaland,Longleng,,,
206,10,Bihar,Madhubani,,,
578,33,Tamil Nadu,Madurai,,,
69,6,Haryana,Mahendragarh,,,
669,24,Gujarat,Mahisagar,,,
784,23,Madhya Pradesh,Maihar,,,
166,9,Uttar Pradesh,Mainpuri,,,
706,18,Assam,Majuli,,,
562,32,Kerala,Malappuram,,,
316,19,West Bengal,Malda,,,
364,21,Odisha,Malkangiri,,,
684,36,Telangana,Mancherial,,,
168,9,Uttar Pradesh,Mau,,,
247,13,Nagaland,Mon,,,
720,36,Telangana,Mulugu,,,
207,10,Bihar,Munger,,,
545,29,Karnataka,Mysuru,,,
579,33,Tamil Nadu,Nagapattinam,,,
484,27,Maharashtra,Nagpur,,,
51,5,Uttarakhand,Nainital,,,
409,23,Madhya Pradesh,Narmadapuram,,,
487,27,Maharashtra,Nashik,,,
453,24,Gujarat,Navsari,,,
714,14,Manipur,Noney,,,
81,7,Delhi,North East,,,
270,16,Tripura,North Tripura,,,
749,28,Andhra Pradesh,Ntr,,,
563,32,Kerala,Palakkad,,,
338,20,Jharkhand,Palamu,,,
665,27,Maharashtra,Palghar,,,
70,6,Haryana,Panchkula,,,
71,6,Haryana,Panipat,,,
743,28,Andhra Pradesh,Parvathipuram Manyam,,,
662,3,Punjab,Pathankot,,,
53,5,Uttarakhand,Pithoragarh,,,
213,10,Bihar,Purbi Champaran,,,
369,21,Odisha,Puri,,,
421,23,Madhya Pradesh,Raisen,,,
518,36,Telangana,Ranga Reddy,,,
627,1,Jammu And Kashmir,Reasi,,,
425,23,Madhya Pradesh,Sagar,,,
217,10,Bihar,Samastipur,,,
43,3,Punjab,Sangrur,,,
608,3,Punjab,S.A.S Nagar,,,
40,3,Punjab,Shahid Bhagat Singh Nagar,,,
182,9,Uttar Pradesh,Siddharthnagar,,,
114,8,Rajasthan,Sikar,,,
495,27,Maharashtra,Sindhudurg,,,
115,8,Rajasthan,Sirohi,,,
74,6,Haryana,Sirsa,,,
585,33,Tamil Nadu,Sivaganga,,,
184,9,Uttar Pradesh,Sonbhadra,,,
372,21,Odisha,Sonepur,,,
304,19,West Bengal,South 24 Parganas,,,
552,30,Goa,South Goa,,,
696,36,Telangana,Suryapet,,,
716,14,Manipur,Tengnoupal,,,
588,33,Tamil Nadu,Theni,,,
590,33,Tamil Nadu,Thiruvarur,,,
434,23,Madhya Pradesh,Tikamgarh,,,
655,16,Tripura,Unakoti,,,
241,12,Arunachal Pradesh,Upper Subansiri,,,
187,9,Uttar Pradesh,Varanasi,,,
597,33,Tamil Nadu,Virudhunagar,,,
498,27,Maharashtra,Wardha,,,
279,17,Meghalaya,West Khasi Hills,,,
272,16,Tripura,West Tripura,,,
504,28,Andhra Pradesh,Y.S.R.,,,
667,23,Madhya Pradesh,Agar-Malwa,,,
118,9,Uttar Pradesh,Agra,,,
86,8,Rajasthan,Ajmer,,,
664,19,West Bengal,Alipurduar,,,
45,5,Uttarakhand,Almora,,,
58,6,Haryana,Ambala,,,
468,27,Maharashtra,Amravati,,,
439,24,Gujarat,Amreli,,,
1,1,Jammu And Kashmir,Anantnag,,,
753,28,Andhra Pradesh,Annamayya,,,
616,18,Assam,Baksa,,,
346,21,Odisha,Baleshwar,,,
126,9,Uttar Pradesh,Ballia,,,
644,22,Chhattisgarh,Balodabazar-Bhatapara,,,
128,9,Uttar Pradesh,Banda,,,
190,10,Bihar,Banka,,,
305,19,West Bengal,Bankura,,,
3,1,Jammu And Kashmir,Baramulla,,,
130,9,Uttar Pradesh,Bareilly,,,
393,23,Madhya Pradesh,Barwani,,,
28,3,Punjab,Bathinda,,,
191,10,Bihar,Begusarai,,,
527,29,Karnataka,Belagavi,,,
192,10,Bihar,Bhagalpur,,,
375,22,Chhattisgarh,Bilaspur,,,
252,14,Manipur,Bishnupur,,,
705,18,Assam,Biswanath,,,
133,9,Uttar Pradesh,Budaun,,,
134,9,Uttar Pradesh,Bulandshahr,,,
94,8,Rajasthan,Bundi,,,
282,18,Assam,Cachar,,,
531,29,Karnataka,Chamarajanagara,,,
48,5,Uttarakhand,Champawat,,,
708,18,Assam,Charaideo,,,
568,33,Tamil Nadu,Chennai,,,
612,18,Assam,Chirang,,,
569,33,Tamil Nadu,Coimbatore,,,
401,23,Madhya Pradesh,Datia,,,
325,20,Jharkhand,Dhanbad,,,
571,33,Tamil Nadu,Dharmapuri,,,
536,29,Karnataka,Dharwad,,,
98,8,Rajasthan,Dholpur,,,
286,18,Assam,Dibrugarh,,,
378,22,Chhattisgarh,Durg,,,
273,17,Meghalaya,East Garo Hills,,,
29,3,Punjab,Faridkot,,,
30,3,Punjab,Fatehgarh Sahib,,,
354,21,Odisha,Ganjam,,,
144,9,Uttar Pradesh,Gautam Buddha Nagar,,,
146,9,Uttar Pradesh,Ghazipur,,,
330,20,Jharkhand,Godda,,,
62,6,Haryana,Gurugram,,,
661,9,Uttar Pradesh,Hapur,,,
163,9,Uttar Pradesh,Hathras,,,
540,29,Karnataka,Haveri,,,
63,6,Haryana,Hisar,,,
726,15,Mizoram,Hnahthial,,,
507,36,Telangana,Hyderabad,,,
151,9,Uttar Pradesh,Jalaun,,,
479,27,Maharashtra,Jalna,,,
447,24,Gujarat,Jamnagar,,,
380,22,Chhattisgarh,Jashpur,,,
412,23,Madhya Pradesh,Jhabua,,,
65,6,Haryana,Jind,,,
713,14,Manipur,Jiribam,,,
107,8,Rajasthan,Jodhpur,,,
778,8,Rajasthan,Jodhpur (Gramin),,,
290,18,Assam,Jorhat,,,
449,24,Gujarat,Kachchh,,,
746,28,Andhra Pradesh,Kakinada,,,
358,21,Odisha,Kalahandi,,,
729,33,Tamil Nadu,Kallakurichi,,,
685,36,Telangana,Kamareddy,,,
618,18,Assam,Kamrup Metro,,,
557,32,Kerala,Kannur,,,
157,9,Uttar Pradesh,Kanpur Nagar,,,
35,3,Punjab,Kapurthala,,,
6,37,Ladakh,Kargil,,,
576,33,Tamil Nadu,Karur,,,
7,1,Jammu And Kashmir,Kathua,,,
770,8,Rajasthan,Khairthal-Tijara,,,
405,23,Madhya Pradesh,Khandwa (East Nimar),,,
542,29,Karnataka,Kolar,,,
699,36,Telangana,Kumuram Bheem Asifabad,,,
264,15,Mizoram,Lawngtlai,,,
336,20,Jharkhand,Lohardaga,,,
235,12,Arunachal Pradesh,Lower Dibang Valley,,,
719,12,Arunachal Pradesh,Lower Siang,,,
165,9,Uttar Pradesh,Mahoba,,,
415,23,Madhya Pradesh,Mandla,,,
735,33,Tamil Nadu,Mayiladuthurai,,,
513,36,Telangana,Medak,,,
170,9,Uttar Pradesh,Mirzapur,,,
246,13,Nagaland,Mokokchung,,,
171,9,Uttar Pradesh,Moradabad,,,
673,24,Gujarat,Morbi,,,
482,27,Maharashtra,Mumbai,,,
483,27,Maharashtra,Mumbai Suburban,,,
694,36,Telangana,Nagarkurnool,,,
209,10,Bihar,Nalanda,,,
514,36,Telangana,Nalgonda,,,
210,10,Bihar,Nawada,,,
80,7,Delhi,North,,,
82,7,Delhi,North West,,,
237,12,Arunachal Pradesh,Papum Pare,,,
564,32,Kerala,Pathanamthitta,,,
456,24,Gujarat,Porbandar,,,
120,9,Uttar Pradesh,Prayagraj,,,
175,9,Uttar Pradesh,Rae Bareli,,,
546,29,Karnataka,Raichur,,,
683,36,Telangana,Rajanna Sircilla,,,
621,1,Jammu And Kashmir,Ramban,,,
423,23,Madhya Pradesh,Ratlam,,,
72,6,Haryana,Rewari,,,
276,17,Meghalaya,Ri Bhoi,,,
73,6,Haryana,Rohtak,,,
624,1,Jammu And Kashmir,Samba,,,
371,21,Odisha,Sambalpur,,,
493,27,Maharashtra,Sangli,,,
427,23,Madhya Pradesh,Sehore,,,
257,14,Manipur,Senapati,,,
780,8,Rajasthan,Shahpura,,,
219,10,Bihar,Sheikhpura,,,
679,12,Arunachal Pradesh,Siang,,,
692,36,Telangana,Siddipet,,,
24,2,Himachal Pradesh,Sirmaur,,,
300,18,Assam,Sivasagar,,,
301,18,Assam,Sonitpur,,,
271,16,Tripura,South Tripura,,,
185,9,Uttar Pradesh,Sultanpur,,,
373,21,Odisha,Sundargarh,,,
459,24,Gujarat,Surat,,,
460,24,Gujarat,Surendranagar,,,
594,33,Tamil Nadu,Thoothukkudi,,,
566,32,Kerala,Thrissur,,,
752,28,Andhra Pradesh,Tirupati,,,
249,13,Nagaland,Tuensang,,,
56,5,Uttarakhand,Udam Singh Nagar,,,
14,1,Jammu And Kashmir,Udhampur,,,
435,23,Madhya Pradesh,Ujjain,,,
186,9,Uttar Pradesh,Unnao,,,
311,19,West Bengal,Uttar Dinajpur,,,
595,33,Tamil Nadu,Vellore,,,
693,36,Telangana,Wanaparthy,,,
523,28,Andhra Pradesh,West Godavari,,,
242,12,Arunachal Pradesh,West Kameng,,,
76,6,Haryana,Yamunanagar,,,
500,27,Maharashtra,Yavatmal,,,
466,27,Maharashtra,Ahmednagar,,,
745,28,Andhra Pradesh,Alluri Sitharama Raju,,,
154,9,Uttar Pradesh,Amroha,,,
744,28,Andhra Pradesh,Anakapalli,,,
628,12,Arunachal Pradesh,Anjaw,,,
776,8,Rajasthan,Anupgarh,,,
122,9,Uttar Pradesh,Auraiya,,,
140,9,Uttar Pradesh,Ayodhya,,,
739,18,Assam,Bajali,,,
345,21,Odisha,Balangir,,,
129,9,Uttar Pradesh,Bara Banki,,,
690,36,Telangana,Bhadradri Kothagudem,,,
91,8,Rajasthan,Bharatpur,,,
193,10,Bihar,Bhojpur,,,
93,8,Rajasthan,Bikaner,,,
307,19,West Bengal,Birbhum,,,
701,6,Haryana,Charki Dadri,,,
630,29,Karnataka,Chikkaballapura,,,
503,28,Andhra Pradesh,Chittoor,,,
376,22,Chhattisgarh,Dakshin Bastar Dantewada,,,
283,18,Assam,Darrang,,,
49,5,Uttarakhand,Dehradun,,,
351,21,Odisha,Deogarh,,,
284,18,Assam,Dhemaji,,,
285,18,Assam,Dhubri,,,
230,12,Arunachal Pradesh,Dibang Valley,,,
768,8,Rajasthan,Didwana-Kuchaman,,,
244,13,Nagaland,Dimapur,,,
572,33,Tamil Nadu,Dindigul,,,
464,38,The Dadra And Nagar Haveli And Daman And Diu,Diu,,,
4,1,Jammu And Kashmir,Doda,,,
99,8,Rajasthan,Dungarpur,,,
232,12,Arunachal Pradesh,East Siang,,,
555,32,Kerala,Ernakulam,,,
138,9,Uttar Pradesh,Etah,,,
141,9,Uttar Pradesh,Farrukhabad,,,
61,6,Haryana,Fatehabad,,,
142,9,Uttar Pradesh,Fatehpur,,,
537,29,Karnataka,Gadag,,,
771,8,Rajasthan,Gangapurcity,,,
225,11,Sikkim,Gangtok,,,
145,9,Uttar Pradesh,Ghaziabad,,,
147,9,Uttar Pradesh,Gonda,,,
197,10,Bihar,Gopalganj,,,
32,3,Punjab,Gurdaspur,,,
407,23,Madhya Pradesh,Gwalior,,,
289,18,Assam,Hailakandi,,,
101,8,Rajasthan,Hanumangarh,,,
150,9,Uttar Pradesh,Hardoi,,,
332,20,Jharkhand,Hazaribagh,,,
477,27,Maharashtra,Hingoli,,,
681,36,Telangana,Jagitial,,,
356,21,Odisha,Jajapur,,,
333,20,Jharkhand,Jamtara,,,
198,10,Bihar,Jamui,,,
379,22,Chhattisgarh,Janjgir-Champa,,,
199,10,Bihar,Jehanabad,,,
703,19,West Bengal,Jhargram,,,
200,10,Bihar,Kaimur (Bhabua),,,
574,33,Tamil Nadu,Kancheepuram,,,
359,21,Odisha,Kandhamal,,,
18,2,Himachal Pradesh,Kangra,,,
155,9,Uttar Pradesh,Kannauj,,,
67,6,Haryana,Karnal,,,
633,9,Uttar Pradesh,Kasganj,,,
413,23,Madhya Pradesh,Katni,,,
202,10,Bihar,Khagaria,,,
19,2,Himachal Pradesh,Kinnaur,,,
614,13,Nagaland,Kiphire,,,
203,10,Bihar,Kishanganj,,,
334,20,Jharkhand,Koderma,,,
543,29,Karnataka,Koppal,,,
782,8,Rajasthan,Kotputli-Behror,,,
560,32,Kerala,Kottayam,,,
561,32,Kerala,Kozhikode,,,
510,28,Andhra Pradesh,Krishna,,,
622,1,Jammu And Kashmir,Kulgam,,,
8,1,Jammu And Kashmir,Kupwara,,,
511,28,Andhra Pradesh,Kurnool,,,
204,10,Bihar,Lakhisarai,,,
481,27,Maharashtra,Latur,,,
265,15,Mizoram,Lunglei,,,
688,36,Telangana,Mahabubabad,,,
451,24,Gujarat,Mahesana,,,
164,9,Uttar Pradesh,Mahrajganj,,,
266,15,Mizoram,Mamit,,,
22,2,Himachal Pradesh,Mandi,,,
760,22,Chhattisgarh,Manendragarh-Chirmiri-Bharatpur(M C B),,,
365,21,Odisha,Mayurbhanj,,,
700,36,Telangana,Medchal Malkajgiri,,,
417,23,Madhya Pradesh,Morena,,,
319,19,West Bengal,Murshidabad,,,
366,21,Odisha,Nabarangpur,,,
320,19,West Bengal,Nadia,,,
485,27,Maharashtra,Nanded,,,
486,27,Maharashtra,Nandurbar,,,
721,36,Telangana,Narayanpet,,,
418,23,Madhya Pradesh,Narsimhapur,,,
419,23,Madhya Pradesh,Neemuch,,,
603,35,Andaman And Nicobar Islands,Nicobars,,,
680,36,Telangana,Nirmal,,,
722,23,Madhya Pradesh,Niwari,,,
516,36,Telangana,Nizamabad,,,
736,13,Nagaland,Noklak,,,
551,30,Goa,North Goa,,,
723,12,Arunachal Pradesh,Pakke Kessang,,,
337,20,Jharkhand,Pakur,,,
785,23,Madhya Pradesh,Pandhurna,,,
489,27,Maharashtra,Parbhani,,,
704,19,West Bengal,Paschim Bardhaman,,,
318,19,West Bengal,Paschim Medinipur,,,
41,3,Punjab,Patiala,,,
212,10,Bihar,Patna,,,
682,36,Telangana,Peddapalli,,,
10,1,Jammu And Kashmir,Poonch,,,
174,9,Uttar Pradesh,Pratapgarh,,,
600,34,Puducherry,Puducherry,,,
11,1,Jammu And Kashmir,Pulwama,,,
490,27,Maharashtra,Pune,,,
491,27,Maharashtra,Raigad,,,
386,22,Chhattisgarh,Raigarh,,,
387,22,Chhattisgarh,Raipur,,,
422,23,Madhya Pradesh,Rajgarh,,,
12,1,Jammu And Kashmir,Rajouri,,,
54,5,Uttarakhand,Rudra Prayag,,,
458,24,Gujarat,Sabar Kantha,,,
177,9,Uttar Pradesh,Saharanpur,,,
727,15,Mizoram,Saitual,,,
584,33,Tamil Nadu,Salem,,,
777,8,Rajasthan,Salumbar,,,
659,9,Uttar Pradesh,Sambhal,,,
691,36,Telangana,Sangareddy,,,
218,10,Bihar,Saran,,,
763,22,Chhattisgarh,Sarangarh-Bilaigarh,,,
426,23,Madhya Pradesh,Satna,,,
671,7,Delhi,Shahdara,,,
765,13,Nagaland,Shamator,,,
660,9,Uttar Pradesh,Shamli,,,
23,2,Himachal Pradesh,Shimla,,,
547,29,Karnataka,Shivamogga,,,
725,12,Arunachal Pradesh,Shi Yomi,,,
267,15,Mizoram,Siaha,,,
221,10,Bihar,Sitamarhi,,,
75,6,Haryana,Sonipat,,,
602,35,Andaman And Nicobar Islands,South Andamans,,,
277,17,Meghalaya,South Garo Hills,,,
658,17,Meghalaya,South West Khasi Hills,,,
39,3,Punjab,Sri Muktsar Sahib,,,
13,1,Jammu And Kashmir,Srinagar,,,
515,28,Andhra Pradesh,Sri Potti Sriramulu Nellore,,,
754,28,Andhra Pradesh,Sri Sathya Sai,,,
641,24,Gujarat,Tapi,,,
589,33,Tamil Nadu,Thiruvallur,,,
259,14,Manipur,Thoubal,,,
592,33,Tamil Nadu,Tirunelveli,,,
757,13,Nagaland,Tseminyu,,,
548,29,Karnataka,Tumakuru,,,
436,23,Madhya Pradesh,Umaria,,,
461,24,Gujarat,Vadodara,,,
224,10,Bihar,Vaishali,,,
462,24,Gujarat,Valsad,,,
596,33,Tamil Nadu,Viluppuram,,,
520,28,Andhra Pradesh,Visakhapatnam,,,
521,28,Andhra Pradesh,Vizianagaram,,,
85,7,Delhi,West,,,
440,24,Gujarat,Anand,,,
502,28,Andhra Pradesh,Ananthapuramu,,,
344,21,Odisha,Anugul,,,
390,23,Madhya Pradesh,Anuppur,,,
188,10,Bihar,Araria,,,
610,33,Tamil Nadu,Ariyalur,,,
391,23,Madhya Pradesh,Ashoknagar,,,
124,9,Uttar Pradesh,Baghpat,,,
392,23,Madhya Pradesh,Balaghat,,,
775,8,Rajasthan,Balotra,,,
441,24,Gujarat,Banas Kantha,,,
88,8,Rajasthan,Banswara,,,
89,8,Rajasthan,Baran,,,
347,21,Odisha,Bargarh,,,
131,9,Uttar Pradesh,Basti,,,
774,8,Rajasthan,Beawar,,,
526,29,Karnataka,Bengaluru Rural,,,
442,24,Gujarat,Bharuch,,,
396,23,Madhya Pradesh,Bhopal,,,
349,21,Odisha,Boudh,,,
472,27,Maharashtra,Buldhana,,,
397,23,Madhya Pradesh,Burhanpur,,,
229,12,Arunachal Pradesh,Changlang,,,
323,20,Jharkhand,Chatra,,,
532,29,Karnataka,Chikkamagaluru,,,
533,29,Karnataka,Chitradurga,,,
95,8,Rajasthan,Chittorgarh,,,
758,13,Nagaland,Chumoukedima,,,
96,8,Rajasthan,Churu,,,
308,19,West Bengal,Cooch Behar,,,
465,38,The Dadra And Nagar Haveli And Daman And Diu,Dadra And Nagar Haveli,,,
324,20,Jharkhand,Deoghar,,,
674,24,Gujarat,Devbhumi Dwarka,,,
377,22,Chhattisgarh,Dhamtari,,,
299,18,Assam,Dima Hasao,,,
326,20,Jharkhand,Dumka,,,
78,7,Delhi,East,,,
740,17,Meghalaya,Eastern West Khasi Hills,,,
505,28,Andhra Pradesh,East Godavari,,,
274,17,Meghalaya,East Khasi Hills,,,
327,20,Jharkhand,East Singhbum,,,
475,27,Maharashtra,Gadchiroli,,,
353,21,Odisha,Gajapati,,,
626,1,Jammu And Kashmir,Ganderbal,,,
734,22,Chhattisgarh,Gaurela-Pendra-Marwahi,,,
329,20,Jharkhand,Giridih,,,
675,24,Gujarat,Gir Somnath,,,
287,18,Assam,Goalpara,,,
476,27,Maharashtra,Gondia,,,
506,28,Andhra Pradesh,Guntur,,,
709,18,Assam,Hojai,,,
312,19,West Bengal,Hooghly,,,
33,3,Punjab,Hoshiarpur,,,
313,19,West Bengal,Howrah,,,
256,14,Manipur,Imphal West,,,
411,23,Madhya Pradesh,Jabalpur,,,
34,3,Punjab,Jalandhar,,,
478,27,Maharashtra,Jalgaon,,,
5,1,Jammu And Kashmir,Jammu,,,
106,8,Rajasthan,Jhunjhunu,,,
695,36,Telangana,Jogulamba Gadwal,,,
711,14,Manipur,Kakching,,,
538,29,Karnataka,Kalaburagi,,,
717,14,Manipur,Kamjong,,,
291,18,Assam,Kamrup,,,
712,14,Manipur,Kangpokpi,,,
292,18,Assam,Karbi Anglong,,,
558,32,Kerala,Kasaragod,,,
509,36,Telangana,Khammam,,,
728,15,Mizoram,Khawzawl,,,
362,21,Odisha,Khordha,,,
541,29,Karnataka,Kodagu,,,
363,21,Odisha,Koraput,,,
383,22,Chhattisgarh,Korba,,,
384,22,Chhattisgarh,Korea,,,
677,12,Arunachal Pradesh,Kra Daadi,,,
577,33,Tamil Nadu,Krishnagiri,,,
68,6,Haryana,Kurukshetra,,,
21,2,Himachal Pradesh,Lahaul And Spiti,,,
295,18,Assam,Lakhimpur,,,
724,12,Arunachal Pradesh,Leparada,,,
666,12,Arunachal Pradesh,Longding,,,
236,12,Arunachal Pradesh,Lower Subansiri,,,
36,3,Punjab,Ludhiana,,,
512,36,Telangana,Mahabubnagar,,,
385,22,Chhattisgarh,Mahasamund,,,
599,34,Puducherry,Mahe,,,
416,23,Madhya Pradesh,Mandsaur,,,
544,29,Karnataka,Mandya,,,
766,23,Madhya Pradesh,MAUGANJ,,,
761,22,Chhattisgarh,Mohla-Manpur-Ambagarh Chouki,,,
297,18,Assam,Nagaon,,,
298,18,Assam,Nalbari,,,
580,33,Tamil Nadu,Namakkal,,,
678,12,Arunachal Pradesh,Namsai,,,
755,28,Andhra Pradesh,Nandyal,,,
773,8,Rajasthan,Neem Ka Thana,,,
79,7,Delhi,New Delhi,,,
368,21,Odisha,Nuapada,,,
454,24,Gujarat,Panch Mahals,,,
211,10,Bihar,Pashchim Champaran,,,
455,24,Gujarat,Patan,,,
581,33,Tamil Nadu,Perambalur,,,
613,13,Nagaland,Peren,,,
248,13,Nagaland,Phek,,,
715,14,Manipur,Pherzawl,,,
517,28,Andhra Pradesh,Prakasam,,,
629,8,Rajasthan,Pratapgarh,,,
582,33,Tamil Nadu,Pudukkottai,,,
317,19,West Bengal,Purba Medinipur,,,
214,10,Bihar,Purnia,,,
321,19,West Bengal,Purulia,,,
388,22,Chhattisgarh,Rajnandgaon,,,
112,8,Rajasthan,Rajsamand,,,
583,33,Tamil Nadu,Ramanathapuram,,,
339,20,Jharkhand,Ranchi,,,
492,27,Maharashtra,Ratnagiri,,,
370,21,Odisha,Rayagada,,,
216,10,Bihar,Saharsa,,,
340,20,Jharkhand,Sahebganj,,,
762,22,Chhattisgarh,Sakti,,,
178,9,Uttar Pradesh,Sant Kabir Nagar,,,
341,20,Jharkhand,Saraikela Kharsawan,,,
113,8,Rajasthan,Sawai Madhopur,,,
653,16,Tripura,Sepahijala,,,
268,15,Mizoram,Serchhip,,,
429,23,Madhya Pradesh,Shahdol,,,
220,10,Bihar,Sheohar,,,
181,9,Uttar Pradesh,Shrawasti,,,
342,20,Jharkhand,Simdega,,,
222,10,Bihar,Siwan,,,
25,2,Himachal Pradesh,Solan,,,
670,7,Delhi,South East,,,
84,7,Delhi,South West,,,
648,22,Chhattisgarh,Surajpur,,,
389,22,Chhattisgarh,Surguja,,,
258,14,Manipur,Tamenglong,,,
609,3,Punjab,Tarn Taran,,,
238,12,Arunachal Pradesh,Tawang,,,
733,33,Tamil Nadu,Tenkasi,,,
586,33,Tamil Nadu,Thanjavur,,,
587,33,Tamil Nadu,The Nilgiris,,,
302,18,Assam,Tinsukia,,,
239,12,Arunachal Pradesh,Tirap,,,
732,33,Tamil Nadu,Tirupathur,,,
116,8,Rajasthan,Tonk,,,
549,29,Karnataka,Udupi,,,
260,14,Manipur,Ukhrul,,,
26,2,Himachal Pradesh,Una,,,
381,22,Chhattisgarh,Uttar Bastar Kanker,,,
437,23,Madhya Pradesh,Vidisha,,,
738,29,Karnataka,Vijayanagar,,,
530,29,Karnataka,Vijayapura,,,
698,36,Telangana,Vikarabad,,,
499,27,Maharashtra,Washim,,,
710,18,Assam,West Karbi Anglong,,,
250,13,Nagaland,Wokha,,,
501,36,Telangana,Adilabad,,,
438,24,Gujarat,Ahmedabad,,,
261,15,Mizoram,Aizawl,,,
467,27,Maharashtra,Akola,,,
119,9,Uttar Pradesh,Aligarh,,,
639,23,Madhya Pradesh,Alirajpur,,,
87,8,Rajasthan,Alwar,,,
640,9,Uttar Pradesh,Amethi,,,
123,9,Uttar Pradesh,Azamgarh,,,
524,29,Karnataka,Bagalkote,,,
46,5,Uttarakhand,Bageshwar,,,
528,29,Karnataka,Ballari,,,
750,28,Andhra Pradesh,Bapatla,,,
90,8,Rajasthan,Barmer,,,
605,3,Punjab,Barnala,,,
280,18,Assam,Barpeta,,,
374,22,Chhattisgarh,Bastar,,,
394,23,Madhya Pradesh,Betul,,,
348,21,Odisha,Bhadrak,,,
443,24,Gujarat,Bhavnagar,,,
92,8,Rajasthan,Bhilwara,,,
59,6,Haryana,Bhiwani,,,
529,29,Karnataka,Bidar,,,
132,9,Uttar Pradesh,Bijnor,,,
15,2,Himachal Pradesh,Bilaspur,,,
322,20,Jharkhand,Bokaro,,,
281,18,Assam,Bongaigaon,,,
2,1,Jammu And Kashmir,Budgam,,,
194,10,Bihar,Buxar,,,
77,7,Delhi,Central,,,
16,2,Himachal Pradesh,Chamba,,,
262,15,Mizoram,Champhai,,,
44,4,Chandigarh,Chandigarh,,,
730,33,Tamil Nadu,Chengalpattu,,,
469,27,Maharashtra,Chhatrapati Sambhajinagar,,,
399,23,Madhya Pradesh,Chhindwara,,,
136,9,Uttar Pradesh,Chitrakoot,,,
254,14,Manipur,Churachandpur,,,
570,33,Tamil Nadu,Cuddalore,,,
350,21,Odisha,Cuttack,,,
534,29,Karnataka,Dakshina Kannada,,,
463,38,The Dadra And Nagar Haveli And Daman And Diu,Daman,,,
195,10,Bihar,Darbhanga,,,
97,8,Rajasthan,Dausa,,,
767,8,Rajasthan,Deeg,,,
137,9,Uttar Pradesh,Deoria,,,
402,23,Madhya Pradesh,Dewas,,,
403,23,Madhya Pradesh,Dhar,,,
488,27,Maharashtra,Dharashiv,,,
474,27,Maharashtra,Dhule,,,
747,28,Andhra Pradesh,Dr. B.R. Ambedkar Konaseema,,,
231,12,Arunachal Pradesh,East Kameng,,,
139,9,Uttar Pradesh,Etawah,,,
60,6,Haryana,Faridabad,,,
143,9,Uttar Pradesh,Firozabad,,,
100,8,Rajasthan,Ganganagar,,,
288,18,Assam,Golaghat,,,
148,9,Uttar Pradesh,Gorakhpur,,,
406,23,Madhya Pradesh,Guna,,,
228,11,Sikkim,Gyalshing,,,
149,9,Uttar Pradesh,Hamirpur,,,
556,32,Kerala,Idukki,,,
255,14,Manipur,Imphal East,,,
410,23,Madhya Pradesh,Indore,,,
783,8,Rajasthan,Jaipur (Gramin),,,
103,8,Rajasthan,Jaisalmer,,,
689,36,Telangana,Jangoan,,,
152,9,Uttar Pradesh,Jaunpur,,,
64,6,Haryana,Jhajjar,,,
448,24,Gujarat,Junagadh,,,
66,6,Haryana,Kaithal,,,
718,12,Arunachal Pradesh,Kamle,,,
575,33,Tamil Nadu,Kanniyakumari,,,
598,34,Puducherry,Karaikal,,,
293,18,Assam,Karimganj,,,
158,9,Uttar Pradesh,Kaushambi,,,
781,8,Rajasthan,Kekri,,,
361,21,Odisha,Kendujhar,,,
759,22,Chhattisgarh,Khairagarh-Chhuikhadan-Gandai,,,
245,13,Nagaland,Kohima,,,
294,18,Assam,Kokrajhar,,,
480,27,Maharashtra,Kolhapur,,,
643,22,Chhattisgarh,Kondagaon,,,
20,2,Himachal Pradesh,Kullu,,,
233,12,Arunachal Pradesh,Kurung Kumey,,,
9,37,Ladakh,Leh Ladakh,,,
162,9,Uttar Pradesh,Lucknow,,,
205,10,Bihar,Madhepura,,,
737,3,Punjab,Malerkotla,,,
226,11,Sikkim,Mangan,,,
37,3,Punjab,Mansa,,,
296,18,Assam,Marigaon,,,
167,9,Uttar Pradesh,Mathura,,,
169,9,Uttar Pradesh,Meerut,,,
38,3,Punjab,Moga,,,
647,22,Chhattisgarh,Mungeli,,,
172,9,Uttar Pradesh,Muzaffarnagar,,,
208,10,Bihar,Muzaffarpur,,,
110,8,Rajasthan,Nagaur,,,
227,11,Sikkim,Namchi,,,
637,22,Chhattisgarh,Narayanpur,,,
452,24,Gujarat,Narmada,,,
367,21,Odisha,Nayagarh,,,
764,13,Nagaland,Niuland,,,
303,19,West Bengal,North 24 Parganas,,,
632,35,Andaman And Nicobar Islands,North And Middle Andaman,,,
656,17,Meghalaya,North Garo Hills,,,
604,6,Haryana,Nuh,,,
741,11,Sikkim,Pakyong,,,
111,8,Rajasthan,Pali,,,
751,28,Andhra Pradesh,Palnadu,,,
619,6,Haryana,Palwal,,,
420,23,Madhya Pradesh,Panna,,,
52,5,Uttarakhand,Pauri Garhwal,,,
772,8,Rajasthan,Phalodi,,,
173,9,Uttar Pradesh,Pilibhit,,,
306,19,West Bengal,Purba Bardhaman,,,
457,24,Gujarat,Rajkot,,,
631,29,Karnataka,Ramanagara,,,
607,20,Jharkhand,Ramgarh,,,
176,9,Uttar Pradesh,Rampur,,,
731,33,Tamil Nadu,Ranipet,,,
424,23,Madhya Pradesh,Rewa,,,
215,10,Bihar,Rohtas,,,
42,3,Punjab,Rupnagar,,,
779,8,Rajasthan,Sanchore,,,
494,27,Maharashtra,Satara,,,
428,23,Madhya Pradesh,Seoni,,,
180,9,Uttar Pradesh,Shahjahanpur,,,
430,23,Madhya Pradesh,Shajapur,,,
431,23,Madhya Pradesh,Sheopur,,,
432,23,Madhya Pradesh,Shivpuri,,,
625,1,Jammu And Kashmir,Shopian,,,
433,23,Madhya Pradesh,Sidhi,,,
638,23,Madhya Pradesh,Singrauli,,,
183,9,Uttar Pradesh,Sitapur,,,
496,27,Maharashtra,Solapur,,,
742,11,Sikkim,Soreng,,,
83,7,Delhi,South,,,
707,18,Assam,South Salmara Mancachar,,,
663,17,Meghalaya,South West Garo Hills,,,
519,28,Andhra Pradesh,Srikakulam,,,
642,22,Chhattisgarh,Sukma,,,
223,10,Bihar,Supaul,,,
756,18,Assam,Tamulpur,,,
55,5,Uttarakhand,Tehri Garhwal,,,
497,27,Maharashtra,Thane,,,
565,32,Kerala,Thiruvananthapuram,,,
591,33,Tamil Nadu,Tiruchirappalli,,,
634,33,Tamil Nadu,Tiruppur,,,
593,33,Tamil Nadu,Tiruvannamalai,,,
117,8,Rajasthan,Udaipur,,,
617,18,Assam,Udalguri,,,
240,12,Arunachal Pradesh,Upper Siang,,,
550,29,Karnataka,Uttara Kannada,,,
57,5,Uttarakhand,Uttar Kashi,,,
522,36,Telangana,Warangal,,,
567,32,Kerala,Wayanad,,,
278,17,Meghalaya,West Garo Hills,,,
275,17,Meghalaya,West Jaintia Hills,,,
243,12,Arunachal Pradesh,West Siang,,,
343,20,Jharkhand,West Singhbhum,,,
697,36,Telangana,Yadadri Bhuvanagiri,,,
635,29,Karnataka,Yadgir,,,
601,34,Puducherry,Yanam,,,
251,13,Nagaland,Zunheboto,,,
