raw_name,lgd_code,note
Bombay City,482,Pre-1995 name for Mumbai City
Bombay,482,Colloquial/old name for Mumbai City
Bombay Suburban,483,Old name for Mumbai Suburban district
Bangalore,525,Resolves to Bengaluru Urban
Bangalore Urban,525,Bengaluru Urban
Bangalore Rural,526,Bengaluru Rural
Mysore,545,Renamed Mysuru in 2014
Trivandrum,565,Thiruvananthapuram
Calicut,561,Kozhikode
Trichur,566,Thrissur
Quilon,559,Kollam
Alleppey,554,Alappuzha
Cannanore,557,Kannur
Calcutta,315,Kolkata
Madras,568,Chennai
Poona,490,Pune
Ahmadabad,438,Ahmedabad
Baroda,461,Vadodara
Allahabad,120,Prayagraj
Faizabad,140,Ayodhya
Benares,187,Varanasi
Pondicherry,600,Puducherry
Kalimpong,702,Kalimpong
Anantapur,502,Official LGD name is Ananthapuramu
Belgaum,527,Official LGD name is Belagavi
Bellary,528,Official LGD name is Ballari
Gulbarga,538,Official LGD name is Kalaburagi
Shimoga,547,Official LGD name is Shivamogga
Warangal Rural,522,Warangal in Telangana
Warangal Urban,522,Warangal in Telangana
Khargone,414,Khargone (West Nimar) in MP
Konaseema,747,Dr. B.R. Ambedkar Konaseema in AP
Dr. B.R. Ambedkar,747,Dr. B.R. Ambedkar Konaseema in AP


