canonical_lgd_code,district_name,state_name,mca21_raw_bulk_file_present,p5_status,construct_definition,is_field_force_competition,notes
745,Alluri Sitharama Raju,Andhra Pradesh,False,CALIBRATED_PROXY_ESTIMATE,Pharmaceutical Manufacturing & Corporate Concentration Proxy,False,"P5 represents registered corporate manufacturing entities per 100k, not deployed field sales force."
744,Anakapalli,Andhra Pradesh,False,CALIBRATED_PROXY_ESTIMATE,Pharmaceutical Manufacturing & Corporate Concentration Proxy,False,"P5 represents registered corporate manufacturing entities per 100k, not deployed field sales force."
502,Ananthapuramu,Andhra Pradesh,False,CALIBRATED_PROXY_ESTIMATE,Pharmaceutical Manufacturing & Corporate Concentration Proxy,False,"P5 represents registered corporate manufacturing entities per 100k, not deployed field sales force."
753,Annamayya,Andhra Pradesh,False,CALIBRATED_PROXY_ESTIMATE,Pharmaceutical Manufacturing & Corporate Concentration Proxy,False,"P5 represents registered corporate manufacturing entities per 100k, not deployed field sales force."
750,Bapatla,Andhra Pradesh,False,CALIBRATED_PROXY_ESTIMATE,Pharmaceutical Manufacturing & Corporate Concentration Proxy,False,"P5 represents registered corporate manufacturing entities per 100k, not deployed field sales force."
503,Chittoor,Andhra Pradesh,False,CALIBRATED_PROXY_ESTIMATE,Pharmaceutical Manufacturing & Corporate Concentration Proxy,False,"P5 represents registered corporate manufacturing entities per 100k, not deployed field sales force."
747,Dr. B.R. Ambedkar Konaseema,Andhra Pradesh,False,CALIBRATED_PROXY_ESTIMATE,Pharmaceutical Manufacturing & Corporate Concentration Proxy,False,"P5 represents registered corporate manufacturing entities per 100k, not deployed field sales force."
505,East Godavari,Andhra Pradesh,False,CALIBRATED_PROXY_ESTIMATE,Pharmaceutical Manufacturing & Corporate Concentration Proxy,False,"P5 represents registered corporate manufacturing entities per 100k, not deployed field sales force."
748,Eluru,Andhra Pradesh,False,CALIBRATED_PROXY_ESTIMATE,Pharmaceutical Manufacturing & Corporate Concentration Proxy,False,"P5 represents registered corporate manufacturing entities per 100k, not deployed field sales force."
506,Guntur,Andhra Pradesh,False,CALIBRATED_PROXY_ESTIMATE,Pharmaceutical Manufacturing & Corporate Concentration Proxy,False,"P5 represents registered corporate manufacturing entities per 100k, not deployed field sales force."
746,Kakinada,Andhra Pradesh,False,CALIBRATED_PROXY_ESTIMATE,Pharmaceutical Manufacturing & Corporate Concentration Proxy,False,"P5 represents registered corporate manufacturing entities per 100k, not deployed field sales force."
510,Krishna,Andhra Pradesh,False,CALIBRATED_PROXY_ESTIMATE,Pharmaceutical Manufacturing & Corporate Concentration Proxy,False,"P5 represents registered corporate manufacturing entities per 100k, not deployed field sales force."
511,Kurnool,Andhra Pradesh,False,CALIBRATED_PROXY_ESTIMATE,Pharmaceutical Manufacturing & Corporate Concentration Proxy,False,"P5 represents registered corporate manufacturing entities per 100k, not deployed field sales force."
755,Nandyal,Andhra Pradesh,False,CALIBRATED_PROXY_ESTIMATE,Pharmaceutical Manufacturing & Corporate Concentration Proxy,False,"P5 represents registered corporate manufacturing entities per 100k, not deployed field sales force."
749,Ntr,Andhra Pradesh,False,CALIBRATED_PROXY_ESTIMATE,Pharmaceutical Manufacturing & Corporate Concentration Proxy,False,"P5 represents registered corporate manufacturing entities per 100k, not deployed field sales force."
751,Palnadu,Andhra Pradesh,False,CALIBRATED_PROXY_ESTIMATE,Pharmaceutical Manufacturing & Corporate Concentration Proxy,False,"P5 represents registered corporate manufacturing entities per 100k, not deployed field sales force."
743,Parvathipuram Manyam,Andhra Pradesh,False,CALIBRATED_PROXY_ESTIMATE,Pharmaceutical Manufacturing & Corporate Concentration Proxy,False,"P5 represents registered corporate manufacturing entities per 100k, not deployed field sales force."
517,Prakasam,Andhra Pradesh,False,CALIBRATED_PROXY_ESTIMATE,Pharmaceutical Manufacturing & Corporate Concentration Proxy,False,"P5 represents registered corporate manufacturing entities per 100k, not deployed field sales force."
515,Sri Potti Sriramulu Nellore,Andhra Pradesh,False,CALIBRATED_PROXY_ESTIMATE,Pharmaceutical Manufacturing & Corporate Concentration Proxy,False,"P5 represents registered corporate manufacturing entities per 100k, not deployed field sales force."
754,Sri Sathya Sai,Andhra Pradesh,False,CALIBRATED_PROXY_ESTIMATE,Pharmaceutical Manufacturing & Corporate Concentration Proxy,False,"P5 represents registered corporate manufacturing entities per 100k, not deployed field sales force."
519,Srikakulam,Andhra Pradesh,False,CALIBRATED_PROXY_ESTIMATE,Pharmaceutical Manufacturing & Corporate Concentration Proxy,False,"P5 represents registered corporate manufacturing entities per 100k, not deployed field sales force."
752,Tirupati,Andhra Pradesh,False,CALIBRATED_PROXY_ESTIMATE,Pharmaceutical Manufacturing & Corporate Concentration Proxy,False,"P5 represents registered corporate manufacturing entities per 100k, not deployed field sales force."
520,Visakhapatnam,Andhra Pradesh,False,CALIBRATED_PROXY_ESTIMATE,Pharmaceutical Manufacturing & Corporate Concentration Proxy,False,"P5 represents registered corporate manufacturing entities per 100k, not deployed field sales force."
521,Vizianagaram,Andhra Pradesh,False,CALIBRATED_PROXY_ESTIMATE,Pharmaceutical Manufacturing & Corporate Concentration Proxy,False,"P5 represents registered corporate manufacturing entities per 100k, not deployed field sales force."
523,West Godavari,Andhra Pradesh,False,CALIBRATED_PROXY_ESTIMATE,Pharmaceutical Manufacturing & Corporate Concentration Proxy,False,"P5 represents registered corporate manufacturing entities per 100k, not deployed field sales force."
504,Y.S.R.,Andhra Pradesh,False,CALIBRATED_PROXY_ESTIMATE,Pharmaceutical Manufacturing & Corporate Concentration Proxy,False,"P5 represents registered corporate manufacturing entities per 100k, not deployed field sales force."
551,North Goa,Goa,False,CALIBRATED_PROXY_ESTIMATE,Pharmaceutical Manufacturing & Corporate Concentration Proxy,False,"P5 represents registered corporate manufacturing entities per 100k, not deployed field sales force."
552,South Goa,Goa,False,CALIBRATED_PROXY_ESTIMATE,Pharmaceutical Manufacturing & Corporate Concentration Proxy,False,"P5 represents registered corporate manufacturing entities per 100k, not deployed field sales force."
524,Bagalkote,Karnataka,False,CALIBRATED_PROXY_ESTIMATE,Pharmaceutical Manufacturing & Corporate Concentration Proxy,False,"P5 represents registered corporate manufacturing entities per 100k, not deployed field sales force."
528,Ballari,Karnataka,False,CALIBRATED_PROXY_ESTIMATE,Pharmaceutical Manufacturing & Corporate Concentration Proxy,False,"P5 represents registered corporate manufacturing entities per 100k, not deployed field sales force."
527,Belagavi,Karnataka,False,CALIBRATED_PROXY_ESTIMATE,Pharmaceutical Manufacturing & Corporate Concentration Proxy,False,"P5 represents registered corporate manufacturing entities per 100k, not deployed field sales force."
526,Bengaluru Rural,Karnataka,False,CALIBRATED_PROXY_ESTIMATE,Pharmaceutical Manufacturing & Corporate Concentration Proxy,False,"P5 represents registered corporate manufacturing entities per 100k, not deployed field sales force."
525,Bengaluru Urban,Karnataka,False,CALIBRATED_PROXY_ESTIMATE,Pharmaceutical Manufacturing & Corporate Concentration Proxy,False,"P5 represents registered corporate manufacturing entities per 100k, not deployed field sales force."
529,Bidar,Karnataka,False,CALIBRATED_PROXY_ESTIMATE,Pharmaceutical Manufacturing & Corporate Concentration Proxy,False,"P5 represents registered corporate manufacturing entities per 100k, not deployed field sales force."
531,Chamarajanagara,Karnataka,False,CALIBRATED_PROXY_ESTIMATE,Pharmaceutical Manufacturing & Corporate Concentration Proxy,False,"P5 represents registered corporate manufacturing entities per 100k, not deployed field sales force."
630,Chikkaballapura,Karnataka,False,CALIBRATED_PROXY_ESTIMATE,Pharmaceutical Manufacturing & Corporate Concentration Proxy,False,"P5 represents registered corporate manufacturing entities per 100k, not deployed field sales force."
532,Chikkamagaluru,Karnataka,False,CALIBRATED_PROXY_ESTIMATE,Pharmaceutical Manufacturing & Corporate Concentration Proxy,False,"P5 represents registered corporate manufacturing entities per 100k, not deployed field sales force."
533,Chitradurga,Karnataka,False,CALIBRATED_PROXY_ESTIMATE,Pharmaceutical Manufacturing & Corporate Concentration Proxy,False,"P5 represents registered corporate manufacturing entities per 100k, not deployed field sales force."
534,Dakshina Kannada,Karnataka,False,CALIBRATED_PROXY_ESTIMATE,Pharmaceutical Manufacturing & Corporate Concentration Proxy,False,"P5 represents registered corporate manufacturing entities per 100k, not deployed field sales force."
535,Davangere,Karnataka,False,CALIBRATED_PROXY_ESTIMATE,Pharmaceutical Manufacturing & Corporate Concentration Proxy,False,"P5 represents registered corporate manufacturing entities per 100k, not deployed field sales force."
536,Dharwad,Karnataka,False,CALIBRATED_PROXY_ESTIMATE,Pharmaceutical Manufacturing & Corporate Concentration Proxy,False,"P5 represents registered corporate manufacturing entities per 100k, not deployed field sales force."
537,Gadag,Karnataka,False,CALIBRATED_PROXY_ESTIMATE,Pharmaceutical Manufacturing & Corporate Concentration Proxy,False,"P5 represents registered corporate manufacturing entities per 100k, not deployed field sales force."
539,Hassan,Karnataka,False,CALIBRATED_PROXY_ESTIMATE,Pharmaceutical Manufacturing & Corporate Concentration Proxy,False,"P5 represents registered corporate manufacturing entities per 100k, not deployed field sales force."
540,Haveri,Karnataka,False,CALIBRATED_PROXY_ESTIMATE,Pharmaceutical Manufacturing & Corporate Concentration Proxy,False,"P5 represents registered corporate manufacturing entities per 100k, not deployed field sales force."
538,Kalaburagi,Karnataka,False,CALIBRATED_PROXY_ESTIMATE,Pharmaceutical Manufacturing & Corporate Concentration Proxy,False,"P5 represents registered corporate manufacturing entities per 100k, not deployed field sales force."
541,Kodagu,Karnataka,False,CALIBRATED_PROXY_ESTIMATE,Pharmaceutical Manufacturing & Corporate Concentration Proxy,False,"P5 represents registered corporate manufacturing entities per 100k, not deployed field sales force."
542,Kolar,Karnataka,False,CALIBRATED_PROXY_ESTIMATE,Pharmaceutical Manufacturing & Corporate Concentration Proxy,False,"P5 represents registered corporate manufacturing entities per 100k, not deployed field sales force."
543,Koppal,Karnataka,False,CALIBRATED_PROXY_ESTIMATE,Pharmaceutical Manufacturing & Corporate Concentration Proxy,False,"P5 represents registered corporate manufacturing entities per 100k, not deployed field sales force."
544,Mandya,Karnataka,False,CALIBRATED_PROXY_ESTIMATE,Pharmaceutical Manufacturing & Corporate Concentration Proxy,False,"P5 represents registered corporate manufacturing entities per 100k, not deployed field sales force."
545,Mysuru,Karnataka,False,CALIBRATED_PROXY_ESTIMATE,Pharmaceutical Manufacturing & Corporate Concentration Proxy,False,"P5 represents registered corporate manufacturing entities per 100k, not deployed field sales force."
546,Raichur,Karnataka,False,CALIBRATED_PROXY_ESTIMATE,Pharmaceutical Manufacturing & Corporate Concentration Proxy,False,"P5 represents registered corporate manufacturing entities per 100k, not deployed field sales force."
631,Ramanagara,Karnataka,False,CALIBRATED_PROXY_ESTIMATE,Pharmaceutical Manufacturing & Corporate Concentration Proxy,False,"P5 represents registered corporate manufacturing entities per 100k, not deployed field sales force."
547,Shivamogga,Karnataka,False,CALIBRATED_PROXY_ESTIMATE,Pharmaceutical Manufacturing & Corporate Concentration Proxy,False,"P5 represents registered corporate manufacturing entities per 100k, not deployed field sales force."
548,Tumakuru,Karnataka,False,CALIBRATED_PROXY_ESTIMATE,Pharmaceutical Manufacturing & Corporate Concentration Proxy,False,"P5 represents registered corporate manufacturing entities per 100k, not deployed field sales force."
549,Udupi,Karnataka,False,CALIBRATED_PROXY_ESTIMATE,Pharmaceutical Manufacturing & Corporate Concentration Proxy,False,"P5 represents registered corporate manufacturing entities per 100k, not deployed field sales force."
550,Uttara Kannada,Karnataka,False,CALIBRATED_PROXY_ESTIMATE,Pharmaceutical Manufacturing & Corporate Concentration Proxy,False,"P5 represents registered corporate manufacturing entities per 100k, not deployed field sales force."
738,Vijayanagar,Karnataka,False,CALIBRATED_PROXY_ESTIMATE,Pharmaceutical Manufacturing & Corporate Concentration Proxy,False,"P5 represents registered corporate manufacturing entities per 100k, not deployed field sales force."
530,Vijayapura,Karnataka,False,CALIBRATED_PROXY_ESTIMATE,Pharmaceutical Manufacturing & Corporate Concentration Proxy,False,"P5 represents registered corporate manufacturing entities per 100k, not deployed field sales force."
635,Yadgir,Karnataka,False,CALIBRATED_PROXY_ESTIMATE,Pharmaceutical Manufacturing & Corporate Concentration Proxy,False,"P5 represents registered corporate manufacturing entities per 100k, not deployed field sales force."
554,Alappuzha,Kerala,False,CALIBRATED_PROXY_ESTIMATE,Pharmaceutical Manufacturing & Corporate Concentration Proxy,False,"P5 represents registered corporate manufacturing entities per 100k, not deployed field sales force."
555,Ernakulam,Kerala,False,CALIBRATED_PROXY_ESTIMATE,Pharmaceutical Manufacturing & Corporate Concentration Proxy,False,"P5 represents registered corporate manufacturing entities per 100k, not deployed field sales force."
556,Idukki,Kerala,False,CALIBRATED_PROXY_ESTIMATE,Pharmaceutical Manufacturing & Corporate Concentration Proxy,False,"P5 represents registered corporate manufacturing entities per 100k, not deployed field sales force."
557,Kannur,Kerala,False,CALIBRATED_PROXY_ESTIMATE,Pharmaceutical Manufacturing & Corporate Concentration Proxy,False,"P5 represents registered corporate manufacturing entities per 100k, not deployed field sales force."
558,Kasaragod,Kerala,False,CALIBRATED_PROXY_ESTIMATE,Pharmaceutical Manufacturing & Corporate Concentration Proxy,False,"P5 represents registered corporate manufacturing entities per 100k, not deployed field sales force."
559,Kollam,Kerala,False,CALIBRATED_PROXY_ESTIMATE,Pharmaceutical Manufacturing & Corporate Concentration Proxy,False,"P5 represents registered corporate manufacturing entities per 100k, not deployed field sales force."
560,Kottayam,Kerala,False,CALIBRATED_PROXY_ESTIMATE,Pharmaceutical Manufacturing & Corporate Concentration Proxy,False,"P5 represents registered corporate manufacturing entities per 100k, not deployed field sales force."
561,Kozhikode,Kerala,False,CALIBRATED_PROXY_ESTIMATE,Pharmaceutical Manufacturing & Corporate Concentration Proxy,False,"P5 represents registered corporate manufacturing entities per 100k, not deployed field sales force."
562,Malappuram,Kerala,False,CALIBRATED_PROXY_ESTIMATE,Pharmaceutical Manufacturing & Corporate Concentration Proxy,False,"P5 represents registered corporate manufacturing entities per 100k, not deployed field sales force."
563,Palakkad,Kerala,False,CALIBRATED_PROXY_ESTIMATE,Pharmaceutical Manufacturing & Corporate Concentration Proxy,False,"P5 represents registered corporate manufacturing entities per 100k, not deployed field sales force."
564,Pathanamthitta,Kerala,False,CALIBRATED_PROXY_ESTIMATE,Pharmaceutical Manufacturing & Corporate Concentration Proxy,False,"P5 represents registered corporate manufacturing entities per 100k, not deployed field sales force."
565,Thiruvananthapuram,Kerala,False,CALIBRATED_PROXY_ESTIMATE,Pharmaceutical Manufacturing & Corporate Concentration Proxy,False,"P5 represents registered corporate manufacturing entities per 100k, not deployed field sales force."
566,Thrissur,Kerala,False,CALIBRATED_PROXY_ESTIMATE,Pharmaceutical Manufacturing & Corporate Concentration Proxy,False,"P5 represents registered corporate manufacturing entities per 100k, not deployed field sales force."
567,Wayanad,Kerala,False,CALIBRATED_PROXY_ESTIMATE,Pharmaceutical Manufacturing & Corporate Concentration Proxy,False,"P5 represents registered corporate manufacturing entities per 100k, not deployed field sales force."
598,Karaikal,Puducherry,False,CALIBRATED_PROXY_ESTIMATE,Pharmaceutical Manufacturing & Corporate Concentration Proxy,False,"P5 represents registered corporate manufacturing entities per 100k, not deployed field sales force."
599,Mahe,Puducherry,False,CALIBRATED_PROXY_ESTIMATE,Pharmaceutical Manufacturing & Corporate Concentration Proxy,False,"P5 represents registered corporate manufacturing entities per 100k, not deployed field sales force."
600,Puducherry,Puducherry,False,CALIBRATED_PROXY_ESTIMATE,Pharmaceutical Manufacturing & Corporate Concentration Proxy,False,"P5 represents registered corporate manufacturing entities per 100k, not deployed field sales force."
601,Yanam,Puducherry,False,CALIBRATED_PROXY_ESTIMATE,Pharmaceutical Manufacturing & Corporate Concentration Proxy,False,"P5 represents registered corporate manufacturing entities per 100k, not deployed field sales force."
610,Ariyalur,Tamil Nadu,False,CALIBRATED_PROXY_ESTIMATE,Pharmaceutical Manufacturing & Corporate Concentration Proxy,False,"P5 represents registered corporate manufacturing entities per 100k, not deployed field sales force."
730,Chengalpattu,Tamil Nadu,False,CALIBRATED_PROXY_ESTIMATE,Pharmaceutical Manufacturing & Corporate Concentration Proxy,False,"P5 represents registered corporate manufacturing entities per 100k, not deployed field sales force."
568,Chennai,Tamil Nadu,False,CALIBRATED_PROXY_ESTIMATE,Pharmaceutical Manufacturing & Corporate Concentration Proxy,False,"P5 represents registered corporate manufacturing entities per 100k, not deployed field sales force."
569,Coimbatore,Tamil Nadu,False,CALIBRATED_PROXY_ESTIMATE,Pharmaceutical Manufacturing & Corporate Concentration Proxy,False,"P5 represents registered corporate manufacturing entities per 100k, not deployed field sales force."
570,Cuddalore,Tamil Nadu,False,CALIBRATED_PROXY_ESTIMATE,Pharmaceutical Manufacturing & Corporate Concentration Proxy,False,"P5 represents registered corporate manufacturing entities per 100k, not deployed field sales force."
571,Dharmapuri,Tamil Nadu,False,CALIBRATED_PROXY_ESTIMATE,Pharmaceutical Manufacturing & Corporate Concentration Proxy,False,"P5 represents registered corporate manufacturing entities per 100k, not deployed field sales force."
572,Dindigul,Tamil Nadu,False,CALIBRATED_PROXY_ESTIMATE,Pharmaceutical Manufacturing & Corporate Concentration Proxy,False,"P5 represents registered corporate manufacturing entities per 100k, not deployed field sales force."
573,Erode,Tamil Nadu,False,CALIBRATED_PROXY_ESTIMATE,Pharmaceutical Manufacturing & Corporate Concentration Proxy,False,"P5 represents registered corporate manufacturing entities per 100k, not deployed field sales force."
729,Kallakurichi,Tamil Nadu,False,CALIBRATED_PROXY_ESTIMATE,Pharmaceutical Manufacturing & Corporate Concentration Proxy,False,"P5 represents registered corporate manufacturing entities per 100k, not deployed field sales force."
574,Kancheepuram,Tamil Nadu,False,CALIBRATED_PROXY_ESTIMATE,Pharmaceutical Manufacturing & Corporate Concentration Proxy,False,"P5 represents registered corporate manufacturing entities per 100k, not deployed field sales force."
575,Kanniyakumari,Tamil Nadu,False,CALIBRATED_PROXY_ESTIMATE,Pharmaceutical Manufacturing & Corporate Concentration Proxy,False,"P5 represents registered corporate manufacturing entities per 100k, not deployed field sales force."
576,Karur,Tamil Nadu,False,CALIBRATED_PROXY_ESTIMATE,Pharmaceutical Manufacturing & Corporate Concentration Proxy,False,"P5 represents registered corporate manufacturing entities per 100k, not deployed field sales force."
577,Krishnagiri,Tamil Nadu,False,CALIBRATED_PROXY_ESTIMATE,Pharmaceutical Manufacturing & Corporate Concentration Proxy,False,"P5 represents registered corporate manufacturing entities per 100k, not deployed field sales force."
578,Madurai,Tamil Nadu,False,CALIBRATED_PROXY_ESTIMATE,Pharmaceutical Manufacturing & Corporate Concentration Proxy,False,"P5 represents registered corporate manufacturing entities per 100k, not deployed field sales force."
735,Mayiladuthurai,Tamil Nadu,False,CALIBRATED_PROXY_ESTIMATE,Pharmaceutical Manufacturing & Corporate Concentration Proxy,False,"P5 represents registered corporate manufacturing entities per 100k, not deployed field sales force."
579,Nagapattinam,Tamil Nadu,False,CALIBRATED_PROXY_ESTIMATE,Pharmaceutical Manufacturing & Corporate Concentration Proxy,False,"P5 represents registered corporate manufacturing entities per 100k, not deployed field sales force."
580,Namakkal,Tamil Nadu,False,CALIBRATED_PROXY_ESTIMATE,Pharmaceutical Manufacturing & Corporate Concentration Proxy,False,"P5 represents registered corporate manufacturing entities per 100k, not deployed field sales force."
581,Perambalur,Tamil Nadu,False,CALIBRATED_PROXY_ESTIMATE,Pharmaceutical Manufacturing & Corporate Concentration Proxy,False,"P5 represents registered corporate manufacturing entities per 100k, not deployed field sales force."
582,Pudukkottai,Tamil Nadu,False,CALIBRATED_PROXY_ESTIMATE,Pharmaceutical Manufacturing & Corporate Concentration Proxy,False,"P5 represents registered corporate manufacturing entities per 100k, not deployed field sales force."
583,Ramanathapuram,Tamil Nadu,False,CALIBRATED_PROXY_ESTIMATE,Pharmaceutical Manufacturing & Corporate Concentration Proxy,False,"P5 represents registered corporate manufacturing entities per 100k, not deployed field sales force."
731,Ranipet,Tamil Nadu,False,CALIBRATED_PROXY_ESTIMATE,Pharmaceutical Manufacturing & Corporate Concentration Proxy,False,"P5 represents registered corporate manufacturing entities per 100k, not deployed field sales force."
584,Salem,Tamil Nadu,False,CALIBRATED_PROXY_ESTIMATE,Pharmaceutical Manufacturing & Corporate Concentration Proxy,False,"P5 represents registered corporate manufacturing entities per 100k, not deployed field sales force."
585,Sivaganga,Tamil Nadu,False,CALIBRATED_PROXY_ESTIMATE,Pharmaceutical Manufacturing & Corporate Concentration Proxy,False,"P5 represents registered corporate manufacturing entities per 100k, not deployed field sales force."
733,Tenkasi,Tamil Nadu,False,CALIBRATED_PROXY_ESTIMATE,Pharmaceutical Manufacturing & Corporate Concentration Proxy,False,"P5 represents registered corporate manufacturing entities per 100k, not deployed field sales force."
586,Thanjavur,Tamil Nadu,False,CALIBRATED_PROXY_ESTIMATE,Pharmaceutical Manufacturing & Corporate Concentration Proxy,False,"P5 represents registered corporate manufacturing entities per 100k, not deployed field sales force."
587,The Nilgiris,Tamil Nadu,False,CALIBRATED_PROXY_ESTIMATE,Pharmaceutical Manufacturing & Corporate Concentration Proxy,False,"P5 represents registered corporate manufacturing entities per 100k, not deployed field sales force."
588,Theni,Tamil Nadu,False,CALIBRATED_PROXY_ESTIMATE,Pharmaceutical Manufacturing & Corporate Concentration Proxy,False,"P5 represents registered corporate manufacturing entities per 100k, not deployed field sales force."
589,Thiruvallur,Tamil Nadu,False,CALIBRATED_PROXY_ESTIMATE,Pharmaceutical Manufacturing & Corporate Concentration Proxy,False,"P5 represents registered corporate manufacturing entities per 100k, not deployed field sales force."
590,Thiruvarur,Tamil Nadu,False,CALIBRATED_PROXY_ESTIMATE,Pharmaceutical Manufacturing & Corporate Concentration Proxy,False,"P5 represents registered corporate manufacturing entities per 100k, not deployed field sales force."
594,Thoothukkudi,Tamil Nadu,False,CALIBRATED_PROXY_ESTIMATE,Pharmaceutical Manufacturing & Corporate Concentration Proxy,False,"P5 represents registered corporate manufacturing entities per 100k, not deployed field sales force."
591,Tiruchirappalli,Tamil Nadu,False,CALIBRATED_PROXY_ESTIMATE,Pharmaceutical Manufacturing & Corporate Concentration Proxy,False,"P5 represents registered corporate manufacturing entities per 100k, not deployed field sales force."
592,Tirunelveli,Tamil Nadu,False,CALIBRATED_PROXY_ESTIMATE,Pharmaceutical Manufacturing & Corporate Concentration Proxy,False,"P5 represents registered corporate manufacturing entities per 100k, not deployed field sales force."
732,Tirupathur,Tamil Nadu,False,CALIBRATED_PROXY_ESTIMATE,Pharmaceutical Manufacturing & Corporate Concentration Proxy,False,"P5 represents registered corporate manufacturing entities per 100k, not deployed field sales force."
634,Tiruppur,Tamil Nadu,False,CALIBRATED_PROXY_ESTIMATE,Pharmaceutical Manufacturing & Corporate Concentration Proxy,False,"P5 represents registered corporate manufacturing entities per 100k, not deployed field sales force."
593,Tiruvannamalai,Tamil Nadu,False,CALIBRATED_PROXY_ESTIMATE,Pharmaceutical Manufacturing & Corporate Concentration Proxy,False,"P5 represents registered corporate manufacturing entities per 100k, not deployed field sales force."
595,Vellore,Tamil Nadu,False,CALIBRATED_PROXY_ESTIMATE,Pharmaceutical Manufacturing & Corporate Concentration Proxy,False,"P5 represents registered corporate manufacturing entities per 100k, not deployed field sales force."
596,Viluppuram,Tamil Nadu,False,CALIBRATED_PROXY_ESTIMATE,Pharmaceutical Manufacturing & Corporate Concentration Proxy,False,"P5 represents registered corporate manufacturing entities per 100k, not deployed field sales force."
597,Virudhunagar,Tamil Nadu,False,CALIBRATED_PROXY_ESTIMATE,Pharmaceutical Manufacturing & Corporate Concentration Proxy,False,"P5 represents registered corporate manufacturing entities per 100k, not deployed field sales force."
501,Adilabad,Telangana,False,CALIBRATED_PROXY_ESTIMATE,Pharmaceutical Manufacturing & Corporate Concentration Proxy,False,"P5 represents registered corporate manufacturing entities per 100k, not deployed field sales force."
690,Bhadradri Kothagudem,Telangana,False,CALIBRATED_PROXY_ESTIMATE,Pharmaceutical Manufacturing & Corporate Concentration Proxy,False,"P5 represents registered corporate manufacturing entities per 100k, not deployed field sales force."
686,Hanumakonda,Telangana,False,CALIBRATED_PROXY_ESTIMATE,Pharmaceutical Manufacturing & Corporate Concentration Proxy,False,"P5 represents registered corporate manufacturing entities per 100k, not deployed field sales force."
507,Hyderabad,Telangana,False,CALIBRATED_PROXY_ESTIMATE,Pharmaceutical Manufacturing & Corporate Concentration Proxy,False,"P5 represents registered corporate manufacturing entities per 100k, not deployed field sales force."
681,Jagitial,Telangana,False,CALIBRATED_PROXY_ESTIMATE,Pharmaceutical Manufacturing & Corporate Concentration Proxy,False,"P5 represents registered corporate manufacturing entities per 100k, not deployed field sales force."
689,Jangoan,Telangana,False,CALIBRATED_PROXY_ESTIMATE,Pharmaceutical Manufacturing & Corporate Concentration Proxy,False,"P5 represents registered corporate manufacturing entities per 100k, not deployed field sales force."
687,Jayashankar Bhupalapally,Telangana,False,CALIBRATED_PROXY_ESTIMATE,Pharmaceutical Manufacturing & Corporate Concentration Proxy,False,"P5 represents registered corporate manufacturing entities per 100k, not deployed field sales force."
695,Jogulamba Gadwal,Telangana,False,CALIBRATED_PROXY_ESTIMATE,Pharmaceutical Manufacturing & Corporate Concentration Proxy,False,"P5 represents registered corporate manufacturing entities per 100k, not deployed field sales force."
685,Kamareddy,Telangana,False,CALIBRATED_PROXY_ESTIMATE,Pharmaceutical Manufacturing & Corporate Concentration Proxy,False,"P5 represents registered corporate manufacturing entities per 100k, not deployed field sales force."
508,Karimnagar,Telangana,False,CALIBRATED_PROXY_ESTIMATE,Pharmaceutical Manufacturing & Corporate Concentration Proxy,False,"P5 represents registered corporate manufacturing entities per 100k, not deployed field sales force."
509,Khammam,Telangana,False,CALIBRATED_PROXY_ESTIMATE,Pharmaceutical Manufacturing & Corporate Concentration Proxy,False,"P5 represents registered corporate manufacturing entities per 100k, not deployed field sales force."
699,Kumuram Bheem Asifabad,Telangana,False,CALIBRATED_PROXY_ESTIMATE,Pharmaceutical Manufacturing & Corporate Concentration Proxy,False,"P5 represents registered corporate manufacturing entities per 100k, not deployed field sales force."
688,Mahabubabad,Telangana,False,CALIBRATED_PROXY_ESTIMATE,Pharmaceutical Manufacturing & Corporate Concentration Proxy,False,"P5 represents registered corporate manufacturing entities per 100k, not deployed field sales force."
512,Mahabubnagar,Telangana,False,CALIBRATED_PROXY_ESTIMATE,Pharmaceutical Manufacturing & Corporate Concentration Proxy,False,"P5 represents registered corporate manufacturing entities per 100k, not deployed field sales force."
684,Mancherial,Telangana,False,CALIBRATED_PROXY_ESTIMATE,Pharmaceutical Manufacturing & Corporate Concentration Proxy,False,"P5 represents registered corporate manufacturing entities per 100k, not deployed field sales force."
513,Medak,Telangana,False,CALIBRATED_PROXY_ESTIMATE,Pharmaceutical Manufacturing & Corporate Concentration Proxy,False,"P5 represents registered corporate manufacturing entities per 100k, not deployed field sales force."
700,Medchal Malkajgiri,Telangana,False,CALIBRATED_PROXY_ESTIMATE,Pharmaceutical Manufacturing & Corporate Concentration Proxy,False,"P5 represents registered corporate manufacturing entities per 100k, not deployed field sales force."
720,Mulugu,Telangana,False,CALIBRATED_PROXY_ESTIMATE,Pharmaceutical Manufacturing & Corporate Concentration Proxy,False,"P5 represents registered corporate manufacturing entities per 100k, not deployed field sales force."
694,Nagarkurnool,Telangana,False,CALIBRATED_PROXY_ESTIMATE,Pharmaceutical Manufacturing & Corporate Concentration Proxy,False,"P5 represents registered corporate manufacturing entities per 100k, not deployed field sales force."
514,Nalgonda,Telangana,False,CALIBRATED_PROXY_ESTIMATE,Pharmaceutical Manufacturing & Corporate Concentration Proxy,False,"P5 represents registered corporate manufacturing entities per 100k, not deployed field sales force."
721,Narayanpet,Telangana,False,CALIBRATED_PROXY_ESTIMATE,Pharmaceutical Manufacturing & Corporate Concentration Proxy,False,"P5 represents registered corporate manufacturing entities per 100k, not deployed field sales force."
680,Nirmal,Telangana,False,CALIBRATED_PROXY_ESTIMATE,Pharmaceutical Manufacturing & Corporate Concentration Proxy,False,"P5 represents registered corporate manufacturing entities per 100k, not deployed field sales force."
516,Nizamabad,Telangana,False,CALIBRATED_PROXY_ESTIMATE,Pharmaceutical Manufacturing & Corporate Concentration Proxy,False,"P5 represents registered corporate manufacturing entities per 100k, not deployed field sales force."
682,Peddapalli,Telangana,False,CALIBRATED_PROXY_ESTIMATE,Pharmaceutical Manufacturing & Corporate Concentration Proxy,False,"P5 represents registered corporate manufacturing entities per 100k, not deployed field sales force."
683,Rajanna Sircilla,Telangana,False,CALIBRATED_PROXY_ESTIMATE,Pharmaceutical Manufacturing & Corporate Concentration Proxy,False,"P5 represents registered corporate manufacturing entities per 100k, not deployed field sales force."
518,Ranga Reddy,Telangana,False,CALIBRATED_PROXY_ESTIMATE,Pharmaceutical Manufacturing & Corporate Concentration Proxy,False,"P5 represents registered corporate manufacturing entities per 100k, not deployed field sales force."
691,Sangareddy,Telangana,False,CALIBRATED_PROXY_ESTIMATE,Pharmaceutical Manufacturing & Corporate Concentration Proxy,False,"P5 represents registered corporate manufacturing entities per 100k, not deployed field sales force."
692,Siddipet,Telangana,False,CALIBRATED_PROXY_ESTIMATE,Pharmaceutical Manufacturing & Corporate Concentration Proxy,False,"P5 represents registered corporate manufacturing entities per 100k, not deployed field sales force."
696,Suryapet,Telangana,False,CALIBRATED_PROXY_ESTIMATE,Pharmaceutical Manufacturing & Corporate Concentration Proxy,False,"P5 represents registered corporate manufacturing entities per 100k, not deployed field sales force."
698,Vikarabad,Telangana,False,CALIBRATED_PROXY_ESTIMATE,Pharmaceutical Manufacturing & Corporate Concentration Proxy,False,"P5 represents registered corporate manufacturing entities per 100k, not deployed field sales force."
693,Wanaparthy,Telangana,False,CALIBRATED_PROXY_ESTIMATE,Pharmaceutical Manufacturing & Corporate Concentration Proxy,False,"P5 represents registered corporate manufacturing entities per 100k, not deployed field sales force."
522,Warangal,Telangana,False,CALIBRATED_PROXY_ESTIMATE,Pharmaceutical Manufacturing & Corporate Concentration Proxy,False,"P5 represents registered corporate manufacturing entities per 100k, not deployed field sales force."
697,Yadadri Bhuvanagiri,Telangana,False,CALIBRATED_PROXY_ESTIMATE,Pharmaceutical Manufacturing & Corporate Concentration Proxy,False,"P5 represents registered corporate manufacturing entities per 100k, not deployed field sales force."
