canonical_lgd_code,district_name,state_name,pdf_found,pdf_path,source_district_name,mapping_status,mapping_method,extraction_status,indicators_extracted,parent_district_code,reason
745,Alluri Sitharama Raju,Andhra Pradesh,False,,Visakhapatnam,INHERITED_FROM_PARENT,PARENT_LINEAGE,INHERITED,20,520.0,Post-NFHS bifurcated district. Inherited epidemiological profile from parent district Visakhapatnam (LGD: 520).
744,Anakapalli,Andhra Pradesh,False,,Visakhapatnam,INHERITED_FROM_PARENT,PARENT_LINEAGE,INHERITED,20,520.0,Post-NFHS bifurcated district. Inherited epidemiological profile from parent district Visakhapatnam (LGD: 520).
502,Ananthapuramu,Andhra Pradesh,True,data/nfhs/district\Andhra_Pradesh\NFHS-5_DistFact_Andhra Pradesh_Anantapur__Anantapur.pdf,Anantapur,DIRECT_OBSERVED,renamed,SUCCESS,20,,Direct NFHS-5 PDF factsheet observed and parsed.
753,Annamayya,Andhra Pradesh,False,,,IMPUTED_STATE_MEAN,STATE_MEAN_FALLBACK,IMPUTED,0,,Direct PDF factsheet unavailable in repository; imputed using state mean.
750,Bapatla,Andhra Pradesh,False,,Guntur,INHERITED_FROM_PARENT,PARENT_LINEAGE,INHERITED,20,506.0,Post-NFHS bifurcated district. Inherited epidemiological profile from parent district Guntur (LGD: 506).
503,Chittoor,Andhra Pradesh,True,data/nfhs/district\Andhra_Pradesh\NFHS-5_DistFact_Andhra Pradesh_Chittoor__Chittoor.pdf,Chittoor,DIRECT_OBSERVED,exact,SUCCESS,20,,Direct NFHS-5 PDF factsheet observed and parsed.
747,Dr. B.R. Ambedkar Konaseema,Andhra Pradesh,False,,East Godavari,INHERITED_FROM_PARENT,PARENT_LINEAGE,INHERITED,20,505.0,Post-NFHS bifurcated district. Inherited epidemiological profile from parent district East Godavari (LGD: 505).
505,East Godavari,Andhra Pradesh,True,data/nfhs/district\Andhra_Pradesh\NFHS-5_DistFact_Andhra Pradesh_East Godavari__East Godavari.pdf,East Godavari,DIRECT_OBSERVED,exact,SUCCESS,20,,Direct NFHS-5 PDF factsheet observed and parsed.
748,Eluru,Andhra Pradesh,False,,West Godavari,INHERITED_FROM_PARENT,PARENT_LINEAGE,INHERITED,20,523.0,Post-NFHS bifurcated district. Inherited epidemiological profile from parent district West Godavari (LGD: 523).
506,Guntur,Andhra Pradesh,True,data/nfhs/district\Andhra_Pradesh\NFHS-5_DistFact_Andhra Pradesh_Guntur__Guntur.pdf,Guntur,DIRECT_OBSERVED,exact,SUCCESS,20,,Direct NFHS-5 PDF factsheet observed and parsed.
746,Kakinada,Andhra Pradesh,False,,East Godavari,INHERITED_FROM_PARENT,PARENT_LINEAGE,INHERITED,20,505.0,Post-NFHS bifurcated district. Inherited epidemiological profile from parent district East Godavari (LGD: 505).
510,Krishna,Andhra Pradesh,True,data/nfhs/district\Andhra_Pradesh\NFHS-5_DistFact_Andhra Pradesh_Krishna__Krishna.pdf,Krishna,DIRECT_OBSERVED,exact,SUCCESS,20,,Direct NFHS-5 PDF factsheet observed and parsed.
511,Kurnool,Andhra Pradesh,True,data/nfhs/district\Andhra_Pradesh\NFHS-5_DistFact_Andhra Pradesh_Kurnool__Kurnool.pdf,Kurnool,DIRECT_OBSERVED,exact,SUCCESS,20,,Direct NFHS-5 PDF factsheet observed and parsed.
755,Nandyal,Andhra Pradesh,False,,Kurnool,INHERITED_FROM_PARENT,PARENT_LINEAGE,INHERITED,20,511.0,Post-NFHS bifurcated district. Inherited epidemiological profile from parent district Kurnool (LGD: 511).
749,Ntr,Andhra Pradesh,False,,Krishna,INHERITED_FROM_PARENT,PARENT_LINEAGE,INHERITED,20,510.0,Post-NFHS bifurcated district. Inherited epidemiological profile from parent district Krishna (LGD: 510).
751,Palnadu,Andhra Pradesh,False,,Guntur,INHERITED_FROM_PARENT,PARENT_LINEAGE,INHERITED,20,506.0,Post-NFHS bifurcated district. Inherited epidemiological profile from parent district Guntur (LGD: 506).
743,Parvathipuram Manyam,Andhra Pradesh,False,,Vizianagaram,INHERITED_FROM_PARENT,PARENT_LINEAGE,INHERITED,20,521.0,Post-NFHS bifurcated district. Inherited epidemiological profile from parent district Vizianagaram (LGD: 521).
517,Prakasam,Andhra Pradesh,True,data/nfhs/district\Andhra_Pradesh\NFHS-5_DistFact_Andhra Pradesh_Prakasam__Prakasam.pdf,Prakasam,DIRECT_OBSERVED,exact,SUCCESS,18,,Direct NFHS-5 PDF factsheet observed and parsed.
515,Sri Potti Sriramulu Nellore,Andhra Pradesh,True,data/nfhs/district\Andhra_Pradesh\NFHS-5_DistFact_Andhra Pradesh_Sri Potti Sriramulu Nellore__Sri Potti Sriramulu Nellore.pdf,Sri Potti Sriramulu Nellore,DIRECT_OBSERVED,exact,SUCCESS,20,,Direct NFHS-5 PDF factsheet observed and parsed.
754,Sri Sathya Sai,Andhra Pradesh,False,,Ananthapuramu,INHERITED_FROM_PARENT,PARENT_LINEAGE,INHERITED,20,502.0,Post-NFHS bifurcated district. Inherited epidemiological profile from parent district Ananthapuramu (LGD: 502).
519,Srikakulam,Andhra Pradesh,True,data/nfhs/district\Andhra_Pradesh\NFHS-5_DistFact_Andhra Pradesh_Srikakulam__Srikakulam.pdf,Srikakulam,DIRECT_OBSERVED,exact,SUCCESS,20,,Direct NFHS-5 PDF factsheet observed and parsed.
752,Tirupati,Andhra Pradesh,False,,Chittoor,INHERITED_FROM_PARENT,PARENT_LINEAGE,INHERITED,20,503.0,Post-NFHS bifurcated district. Inherited epidemiological profile from parent district Chittoor (LGD: 503).
520,Visakhapatnam,Andhra Pradesh,True,data/nfhs/district\Andhra_Pradesh\NFHS-5_DistFact_Andhra Pradesh_Visakhapatnam__Visakhapatnam.pdf,Visakhapatnam,DIRECT_OBSERVED,exact,SUCCESS,20,,Direct NFHS-5 PDF factsheet observed and parsed.
521,Vizianagaram,Andhra Pradesh,True,data/nfhs/district\Andhra_Pradesh\NFHS-5_DistFact_Andhra Pradesh_Vizianagaram__Vizianagaram.pdf,Vizianagaram,DIRECT_OBSERVED,exact,SUCCESS,20,,Direct NFHS-5 PDF factsheet observed and parsed.
523,West Godavari,Andhra Pradesh,True,data/nfhs/district\Andhra_Pradesh\NFHS-5_DistFact_Andhra Pradesh_West Godavari__West Godavari.pdf,West Godavari,DIRECT_OBSERVED,exact,SUCCESS,20,,Direct NFHS-5 PDF factsheet observed and parsed.
504,Y.S.R.,Andhra Pradesh,False,,,IMPUTED_STATE_MEAN,STATE_MEAN_FALLBACK,IMPUTED,0,,Direct PDF factsheet unavailable in repository; imputed using state mean.
551,North Goa,Goa,True,data/nfhs/district\Goa\NFHS-5_DistFact_Goa_North Goa__North Goa.pdf,North Goa,DIRECT_OBSERVED,exact,SUCCESS,20,,Direct NFHS-5 PDF factsheet observed and parsed.
552,South Goa,Goa,True,data/nfhs/district\Goa\NFHS-5_DistFact_Goa_South Goa__South Goa.pdf,South Goa,DIRECT_OBSERVED,exact,SUCCESS,20,,Direct NFHS-5 PDF factsheet observed and parsed.
524,Bagalkote,Karnataka,True,data/nfhs/district\Karnataka\NFHS-5_DistFact_Karnataka_Bagalkot__Bagalkot.pdf,Bagalkot,DIRECT_OBSERVED,fuzzy,SUCCESS,20,,Direct NFHS-5 PDF factsheet observed and parsed.
528,Ballari,Karnataka,True,data/nfhs/district\Karnataka\NFHS-5_DistFact_Karnataka_Bellary__Bellary.pdf,Bellary,DIRECT_OBSERVED,renamed,SUCCESS,20,,Direct NFHS-5 PDF factsheet observed and parsed.
527,Belagavi,Karnataka,True,data/nfhs/district\Karnataka\NFHS-5_DistFact_Karnataka_Belgaum__Belgaum.pdf,Belgaum,DIRECT_OBSERVED,renamed,SUCCESS,20,,Direct NFHS-5 PDF factsheet observed and parsed.
526,Bengaluru Rural,Karnataka,True,data/nfhs/district\Karnataka\NFHS-5_DistFact_Karnataka_Bangalore Rural__Bangalore Rural.pdf,Bangalore Rural,DIRECT_OBSERVED,alias,SUCCESS,20,,Direct NFHS-5 PDF factsheet observed and parsed.
525,Bengaluru Urban,Karnataka,True,data/nfhs/district\Karnataka\NFHS-5_DistFact_Karnataka_Bangalore__Bangalore.pdf,Bangalore,DIRECT_OBSERVED,alias,SUCCESS,20,,Direct NFHS-5 PDF factsheet observed and parsed.
529,Bidar,Karnataka,True,data/nfhs/district\Karnataka\NFHS-5_DistFact_Karnataka_Bidar__Bidar.pdf,Bidar,DIRECT_OBSERVED,exact,SUCCESS,20,,Direct NFHS-5 PDF factsheet observed and parsed.
531,Chamarajanagara,Karnataka,True,data/nfhs/district\Karnataka\NFHS-5_DistFact_Karnataka_Chamarajanagar__Chamarajanagar.pdf,Chamarajanagar,DIRECT_OBSERVED,fuzzy,SUCCESS,20,,Direct NFHS-5 PDF factsheet observed and parsed.
630,Chikkaballapura,Karnataka,True,data/nfhs/district\Karnataka\NFHS-5_DistFact_Karnataka_Chikkaballapura__Chikkaballapura.pdf,Chikkaballapura,DIRECT_OBSERVED,exact,SUCCESS,20,,Direct NFHS-5 PDF factsheet observed and parsed.
532,Chikkamagaluru,Karnataka,True,data/nfhs/district\Karnataka\NFHS-5_DistFact_Karnataka_Chikmagalur__Chikmagalur.pdf,Chikmagalur,DIRECT_OBSERVED,renamed,SUCCESS,20,,Direct NFHS-5 PDF factsheet observed and parsed.
533,Chitradurga,Karnataka,True,data/nfhs/district\Karnataka\NFHS-5_DistFact_Karnataka_Chitradurga__Chitradurga.pdf,Chitradurga,DIRECT_OBSERVED,exact,SUCCESS,20,,Direct NFHS-5 PDF factsheet observed and parsed.
534,Dakshina Kannada,Karnataka,True,data/nfhs/district\Karnataka\NFHS-5_DistFact_Karnataka_Dakshina Kannada__Dakshina Kannada.pdf,Dakshina Kannada,DIRECT_OBSERVED,exact,SUCCESS,20,,Direct NFHS-5 PDF factsheet observed and parsed.
535,Davangere,Karnataka,True,data/nfhs/district\Karnataka\NFHS-5_DistFact_Karnataka_Davanagere__Davanagere.pdf,Davanagere,DIRECT_OBSERVED,fuzzy,SUCCESS,20,,Direct NFHS-5 PDF factsheet observed and parsed.
536,Dharwad,Karnataka,True,data/nfhs/district\Karnataka\NFHS-5_DistFact_Karnataka_Dharwad__Dharwad.pdf,Dharwad,DIRECT_OBSERVED,exact,SUCCESS,20,,Direct NFHS-5 PDF factsheet observed and parsed.
537,Gadag,Karnataka,True,data/nfhs/district\Karnataka\NFHS-5_DistFact_Karnataka_Gadag__Gadag.pdf,Gadag,DIRECT_OBSERVED,exact,SUCCESS,20,,Direct NFHS-5 PDF factsheet observed and parsed.
539,Hassan,Karnataka,True,data/nfhs/district\Karnataka\NFHS-5_DistFact_Karnataka_Hassan__Hassan.pdf,Hassan,DIRECT_OBSERVED,exact,SUCCESS,20,,Direct NFHS-5 PDF factsheet observed and parsed.
540,Haveri,Karnataka,True,data/nfhs/district\Karnataka\NFHS-5_DistFact_Karnataka_Haveri__Haveri.pdf,Haveri,DIRECT_OBSERVED,exact,SUCCESS,20,,Direct NFHS-5 PDF factsheet observed and parsed.
538,Kalaburagi,Karnataka,True,data/nfhs/district\Karnataka\NFHS-5_DistFact_Karnataka_Gulbarga__Gulbarga.pdf,Gulbarga,DIRECT_OBSERVED,renamed,SUCCESS,20,,Direct NFHS-5 PDF factsheet observed and parsed.
541,Kodagu,Karnataka,True,data/nfhs/district\Karnataka\NFHS-5_DistFact_Karnataka_Kodagu__Kodagu.pdf,Kodagu,DIRECT_OBSERVED,exact,SUCCESS,20,,Direct NFHS-5 PDF factsheet observed and parsed.
542,Kolar,Karnataka,True,data/nfhs/district\Karnataka\NFHS-5_DistFact_Karnataka_Kolar__Kolar.pdf,Kolar,DIRECT_OBSERVED,exact,SUCCESS,20,,Direct NFHS-5 PDF factsheet observed and parsed.
543,Koppal,Karnataka,True,data/nfhs/district\Karnataka\NFHS-5_DistFact_Karnataka_Koppal__Koppal.pdf,Koppal,DIRECT_OBSERVED,exact,SUCCESS,20,,Direct NFHS-5 PDF factsheet observed and parsed.
544,Mandya,Karnataka,True,data/nfhs/district\Karnataka\NFHS-5_DistFact_Karnataka_Mandya__Mandya.pdf,Mandya,DIRECT_OBSERVED,exact,SUCCESS,20,,Direct NFHS-5 PDF factsheet observed and parsed.
545,Mysuru,Karnataka,True,data/nfhs/district\Karnataka\NFHS-5_DistFact_Karnataka_Mysore__Mysore.pdf,Mysore,DIRECT_OBSERVED,renamed,SUCCESS,20,,Direct NFHS-5 PDF factsheet observed and parsed.
546,Raichur,Karnataka,True,data/nfhs/district\Karnataka\NFHS-5_DistFact_Karnataka_Raichur__Raichur.pdf,Raichur,DIRECT_OBSERVED,exact,SUCCESS,20,,Direct NFHS-5 PDF factsheet observed and parsed.
631,Ramanagara,Karnataka,True,data/nfhs/district\Karnataka\NFHS-5_DistFact_Karnataka_Ramanagara__Ramanagara.pdf,Ramanagara,DIRECT_OBSERVED,exact,SUCCESS,20,,Direct NFHS-5 PDF factsheet observed and parsed.
547,Shivamogga,Karnataka,True,data/nfhs/district\Karnataka\NFHS-5_DistFact_Karnataka_Shimoga__Shimoga.pdf,Shimoga,DIRECT_OBSERVED,renamed,SUCCESS,20,,Direct NFHS-5 PDF factsheet observed and parsed.
548,Tumakuru,Karnataka,True,data/nfhs/district\Karnataka\NFHS-5_DistFact_Karnataka_Tumkur__Tumkur.pdf,Tumkur,DIRECT_OBSERVED,renamed,SUCCESS,20,,Direct NFHS-5 PDF factsheet observed and parsed.
549,Udupi,Karnataka,True,data/nfhs/district\Karnataka\NFHS-5_DistFact_Karnataka_Udupi__Udupi.pdf,Udupi,DIRECT_OBSERVED,exact,SUCCESS,20,,Direct NFHS-5 PDF factsheet observed and parsed.
550,Uttara Kannada,Karnataka,True,data/nfhs/district\Karnataka\NFHS-5_DistFact_Karnataka_Uttara Kannada__Uttara Kannada.pdf,Uttara Kannada,DIRECT_OBSERVED,exact,SUCCESS,20,,Direct NFHS-5 PDF factsheet observed and parsed.
738,Vijayanagar,Karnataka,False,,Ballari,INHERITED_FROM_PARENT,PARENT_LINEAGE,INHERITED,20,528.0,Post-NFHS bifurcated district. Inherited epidemiological profile from parent district Ballari (LGD: 528).
530,Vijayapura,Karnataka,True,data/nfhs/district\Karnataka\NFHS-5_DistFact_Karnataka_Bijapur__Bijapur.pdf,Bijapur,DIRECT_OBSERVED,renamed,SUCCESS,20,,Direct NFHS-5 PDF factsheet observed and parsed.
635,Yadgir,Karnataka,True,data/nfhs/district\Karnataka\NFHS-5_DistFact_Karnataka_Yadgir__Yadgir.pdf,Yadgir,DIRECT_OBSERVED,exact,SUCCESS,20,,Direct NFHS-5 PDF factsheet observed and parsed.
554,Alappuzha,Kerala,True,data/nfhs/district\Kerala\NFHS-5_DistFact_Kerala_Alappuzha__Alappuzha.pdf,Alappuzha,DIRECT_OBSERVED,exact,SUCCESS,20,,Direct NFHS-5 PDF factsheet observed and parsed.
555,Ernakulam,Kerala,True,data/nfhs/district\Kerala\NFHS-5_DistFact_Kerala_Ernakulam__Ernakulam.pdf,Ernakulam,DIRECT_OBSERVED,exact,SUCCESS,20,,Direct NFHS-5 PDF factsheet observed and parsed.
556,Idukki,Kerala,True,data/nfhs/district\Kerala\NFHS-5_DistFact_Kerala_Idukki__Idukki.pdf,Idukki,DIRECT_OBSERVED,exact,SUCCESS,20,,Direct NFHS-5 PDF factsheet observed and parsed.
557,Kannur,Kerala,True,data/nfhs/district\Kerala\NFHS-5_DistFact_Kerala_Kannur__Kannur.pdf,Kannur,DIRECT_OBSERVED,exact,SUCCESS,20,,Direct NFHS-5 PDF factsheet observed and parsed.
558,Kasaragod,Kerala,True,data/nfhs/district\Kerala\NFHS-5_DistFact_Kerala_Kasaragod__Kasaragod.pdf,Kasaragod,DIRECT_OBSERVED,exact,SUCCESS,20,,Direct NFHS-5 PDF factsheet observed and parsed.
559,Kollam,Kerala,True,data/nfhs/district\Kerala\NFHS-5_DistFact_Kerala_Kollam__Kollam.pdf,Kollam,DIRECT_OBSERVED,exact,SUCCESS,20,,Direct NFHS-5 PDF factsheet observed and parsed.
560,Kottayam,Kerala,True,data/nfhs/district\Kerala\NFHS-5_DistFact_Kerala_Kottayam__Kottayam.pdf,Kottayam,DIRECT_OBSERVED,exact,SUCCESS,20,,Direct NFHS-5 PDF factsheet observed and parsed.
561,Kozhikode,Kerala,True,data/nfhs/district\Kerala\NFHS-5_DistFact_Kerala_Kozhikode__Kozhikode.pdf,Kozhikode,DIRECT_OBSERVED,exact,SUCCESS,20,,Direct NFHS-5 PDF factsheet observed and parsed.
562,Malappuram,Kerala,True,data/nfhs/district\Kerala\NFHS-5_DistFact_Kerala_Malappuram__Malappuram.pdf,Malappuram,DIRECT_OBSERVED,exact,SUCCESS,20,,Direct NFHS-5 PDF factsheet observed and parsed.
563,Palakkad,Kerala,True,data/nfhs/district\Kerala\NFHS-5_DistFact_Kerala_Palakkad__Palakkad.pdf,Palakkad,DIRECT_OBSERVED,exact,SUCCESS,20,,Direct NFHS-5 PDF factsheet observed and parsed.
564,Pathanamthitta,Kerala,True,data/nfhs/district\Kerala\NFHS-5_DistFact_Kerala_Pathanamthitta__Pathanamthitta.pdf,Pathanamthitta,DIRECT_OBSERVED,exact,SUCCESS,20,,Direct NFHS-5 PDF factsheet observed and parsed.
565,Thiruvananthapuram,Kerala,True,data/nfhs/district\Kerala\NFHS-5_DistFact_Kerala_Thiruvananthapuram__Thiruvananthapuram.pdf,Thiruvananthapuram,DIRECT_OBSERVED,exact,SUCCESS,20,,Direct NFHS-5 PDF factsheet observed and parsed.
566,Thrissur,Kerala,True,data/nfhs/district\Kerala\NFHS-5_DistFact_Kerala_Thrissur__Thrissur.pdf,Thrissur,DIRECT_OBSERVED,exact,SUCCESS,20,,Direct NFHS-5 PDF factsheet observed and parsed.
567,Wayanad,Kerala,True,data/nfhs/district\Kerala\NFHS-5_DistFact_Kerala_Wayanad__Wayanad.pdf,Wayanad,DIRECT_OBSERVED,exact,SUCCESS,20,,Direct NFHS-5 PDF factsheet observed and parsed.
598,Karaikal,Puducherry,True,data/nfhs/district\Puducherry\NFHS-5_DistFact_Puducherry (UT)_Karaikal__Karaikal.pdf,Karaikal,DIRECT_OBSERVED,exact,SUCCESS,20,,Direct NFHS-5 PDF factsheet observed and parsed.
599,Mahe,Puducherry,True,data/nfhs/district\Puducherry\NFHS-5_DistFact_Puducherry (UT)_Mahe__Mahe.pdf,Mahe,DIRECT_OBSERVED,exact,SUCCESS,20,,Direct NFHS-5 PDF factsheet observed and parsed.
600,Puducherry,Puducherry,True,data/nfhs/district\Puducherry\NFHS-5_DistFact_Puducherry (UT)_Puducherry__Puducherry.pdf,Puducherry,DIRECT_OBSERVED,exact,SUCCESS,20,,Direct NFHS-5 PDF factsheet observed and parsed.
601,Yanam,Puducherry,True,data/nfhs/district\Puducherry\NFHS-5_DistFact_Puducherry (UT)_Yanam__Yanam.pdf,Yanam,DIRECT_OBSERVED,exact,SUCCESS,20,,Direct NFHS-5 PDF factsheet observed and parsed.
610,Ariyalur,Tamil Nadu,False,,Perambalur,INHERITED_FROM_PARENT,PARENT_LINEAGE,INHERITED,20,581.0,Post-NFHS bifurcated district. Inherited epidemiological profile from parent district Perambalur (LGD: 581).
730,Chengalpattu,Tamil Nadu,False,,Kancheepuram,INHERITED_FROM_PARENT,PARENT_LINEAGE,INHERITED,20,574.0,Post-NFHS bifurcated district. Inherited epidemiological profile from parent district Kancheepuram (LGD: 574).
568,Chennai,Tamil Nadu,True,data/nfhs/district\Tamil_Nadu\NFHS-5_DistFact_Tamil Nadu_Chennai__Chennai.pdf,Chennai,DIRECT_OBSERVED,exact,SUCCESS,20,,Direct NFHS-5 PDF factsheet observed and parsed.
569,Coimbatore,Tamil Nadu,True,data/nfhs/district\Tamil_Nadu\NFHS-5_DistFact_Tamil Nadu_Coimbatore__Coimbatore.pdf,Coimbatore,DIRECT_OBSERVED,exact,SUCCESS,20,,Direct NFHS-5 PDF factsheet observed and parsed.
570,Cuddalore,Tamil Nadu,True,data/nfhs/district\Tamil_Nadu\NFHS-5_DistFact_Tamil Nadu_Cuddalore__Cuddalore.pdf,Cuddalore,DIRECT_OBSERVED,exact,SUCCESS,20,,Direct NFHS-5 PDF factsheet observed and parsed.
571,Dharmapuri,Tamil Nadu,True,data/nfhs/district\Tamil_Nadu\NFHS-5_DistFact_Tamil Nadu_Dharmapuri__Dharmapuri.pdf,Dharmapuri,DIRECT_OBSERVED,exact,SUCCESS,20,,Direct NFHS-5 PDF factsheet observed and parsed.
572,Dindigul,Tamil Nadu,True,data/nfhs/district\Tamil_Nadu\NFHS-5_DistFact_Tamil Nadu_Dindigul__Dindigul.pdf,Dindigul,DIRECT_OBSERVED,exact,SUCCESS,20,,Direct NFHS-5 PDF factsheet observed and parsed.
573,Erode,Tamil Nadu,True,data/nfhs/district\Tamil_Nadu\NFHS-5_DistFact_Tamil Nadu_Erode__Erode.pdf,Erode,DIRECT_OBSERVED,exact,SUCCESS,20,,Direct NFHS-5 PDF factsheet observed and parsed.
729,Kallakurichi,Tamil Nadu,False,,Viluppuram,INHERITED_FROM_PARENT,PARENT_LINEAGE,INHERITED,20,596.0,Post-NFHS bifurcated district. Inherited epidemiological profile from parent district Viluppuram (LGD: 596).
574,Kancheepuram,Tamil Nadu,True,data/nfhs/district\Tamil_Nadu\NFHS-5_DistFact_Tamil Nadu_Kancheepuram__Kancheepuram.pdf,Kancheepuram,DIRECT_OBSERVED,exact,SUCCESS,20,,Direct NFHS-5 PDF factsheet observed and parsed.
575,Kanniyakumari,Tamil Nadu,True,data/nfhs/district\Tamil_Nadu\NFHS-5_DistFact_Tamil Nadu_Kanniyakumari__Kanniyakumari.pdf,Kanniyakumari,DIRECT_OBSERVED,exact,SUCCESS,20,,Direct NFHS-5 PDF factsheet observed and parsed.
576,Karur,Tamil Nadu,True,data/nfhs/district\Tamil_Nadu\NFHS-5_DistFact_Tamil Nadu_Karur__Karur.pdf,Karur,DIRECT_OBSERVED,exact,SUCCESS,20,,Direct NFHS-5 PDF factsheet observed and parsed.
577,Krishnagiri,Tamil Nadu,True,data/nfhs/district\Tamil_Nadu\NFHS-5_DistFact_Tamil Nadu_Krishnagiri__Krishnagiri.pdf,Krishnagiri,DIRECT_OBSERVED,exact,SUCCESS,20,,Direct NFHS-5 PDF factsheet observed and parsed.
578,Madurai,Tamil Nadu,True,data/nfhs/district\Tamil_Nadu\NFHS-5_DistFact_Tamil Nadu_Madurai__Madurai.pdf,Madurai,DIRECT_OBSERVED,exact,SUCCESS,20,,Direct NFHS-5 PDF factsheet observed and parsed.
735,Mayiladuthurai,Tamil Nadu,False,,Nagapattinam,INHERITED_FROM_PARENT,PARENT_LINEAGE,INHERITED,20,579.0,Post-NFHS bifurcated district. Inherited epidemiological profile from parent district Nagapattinam (LGD: 579).
579,Nagapattinam,Tamil Nadu,True,data/nfhs/district\Tamil_Nadu\NFHS-5_DistFact_Tamil Nadu_Nagapattinam__Nagapattinam.pdf,Nagapattinam,DIRECT_OBSERVED,exact,SUCCESS,20,,Direct NFHS-5 PDF factsheet observed and parsed.
580,Namakkal,Tamil Nadu,True,data/nfhs/district\Tamil_Nadu\NFHS-5_DistFact_Tamil Nadu_Namakkal__Namakkal.pdf,Namakkal,DIRECT_OBSERVED,exact,SUCCESS,20,,Direct NFHS-5 PDF factsheet observed and parsed.
581,Perambalur,Tamil Nadu,True,data/nfhs/district\Tamil_Nadu\NFHS-5_DistFact_Tamil Nadu_Perambalur__Perambalur.pdf,Perambalur,DIRECT_OBSERVED,exact,SUCCESS,20,,Direct NFHS-5 PDF factsheet observed and parsed.
582,Pudukkottai,Tamil Nadu,True,data/nfhs/district\Tamil_Nadu\NFHS-5_DistFact_Tamil Nadu_Pudukkottai__Pudukkottai.pdf,Pudukkottai,DIRECT_OBSERVED,exact,SUCCESS,20,,Direct NFHS-5 PDF factsheet observed and parsed.
583,Ramanathapuram,Tamil Nadu,True,data/nfhs/district\Tamil_Nadu\NFHS-5_DistFact_Tamil Nadu_Ramanathapuram__Ramanathapuram.pdf,Ramanathapuram,DIRECT_OBSERVED,exact,SUCCESS,20,,Direct NFHS-5 PDF factsheet observed and parsed.
731,Ranipet,Tamil Nadu,False,,Vellore,INHERITED_FROM_PARENT,PARENT_LINEAGE,INHERITED,20,595.0,Post-NFHS bifurcated district. Inherited epidemiological profile from parent district Vellore (LGD: 595).
584,Salem,Tamil Nadu,True,data/nfhs/district\Tamil_Nadu\NFHS-5_DistFact_Tamil Nadu_Salem__Salem.pdf,Salem,DIRECT_OBSERVED,exact,SUCCESS,20,,Direct NFHS-5 PDF factsheet observed and parsed.
585,Sivaganga,Tamil Nadu,True,data/nfhs/district\Tamil_Nadu\NFHS-5_DistFact_Tamil Nadu_Sivaganga__Sivaganga.pdf,Sivaganga,DIRECT_OBSERVED,exact,SUCCESS,20,,Direct NFHS-5 PDF factsheet observed and parsed.
733,Tenkasi,Tamil Nadu,False,,Tirunelveli,INHERITED_FROM_PARENT,PARENT_LINEAGE,INHERITED,20,592.0,Post-NFHS bifurcated district. Inherited epidemiological profile from parent district Tirunelveli (LGD: 592).
586,Thanjavur,Tamil Nadu,True,data/nfhs/district\Tamil_Nadu\NFHS-5_DistFact_Tamil Nadu_Thanjavur__Thanjavur.pdf,Thanjavur,DIRECT_OBSERVED,exact,SUCCESS,20,,Direct NFHS-5 PDF factsheet observed and parsed.
587,The Nilgiris,Tamil Nadu,True,data/nfhs/district\Tamil_Nadu\NFHS-5_DistFact_Tamil Nadu_The Nilgiris__The Nilgiris.pdf,The Nilgiris,DIRECT_OBSERVED,exact,SUCCESS,20,,Direct NFHS-5 PDF factsheet observed and parsed.
588,Theni,Tamil Nadu,True,data/nfhs/district\Tamil_Nadu\NFHS-5_DistFact_Tamil Nadu_Theni__Theni.pdf,Theni,DIRECT_OBSERVED,exact,SUCCESS,20,,Direct NFHS-5 PDF factsheet observed and parsed.
589,Thiruvallur,Tamil Nadu,True,data/nfhs/district\Tamil_Nadu\NFHS-5_DistFact_Tamil Nadu_Thiruvallur__Thiruvallur.pdf,Thiruvallur,DIRECT_OBSERVED,exact,SUCCESS,20,,Direct NFHS-5 PDF factsheet observed and parsed.
590,Thiruvarur,Tamil Nadu,True,data/nfhs/district\Tamil_Nadu\NFHS-5_DistFact_Tamil Nadu_Thiruvarur__Thiruvarur.pdf,Thiruvarur,DIRECT_OBSERVED,exact,SUCCESS,20,,Direct NFHS-5 PDF factsheet observed and parsed.
594,Thoothukkudi,Tamil Nadu,True,data/nfhs/district\Tamil_Nadu\NFHS-5_DistFact_Tamil Nadu_Thoothukkudi__Thoothukkudi.pdf,Thoothukkudi,DIRECT_OBSERVED,exact,SUCCESS,20,,Direct NFHS-5 PDF factsheet observed and parsed.
591,Tiruchirappalli,Tamil Nadu,True,data/nfhs/district\Tamil_Nadu\NFHS-5_DistFact_Tamil Nadu_Tiruchirappalli__Tiruchirappalli.pdf,Tiruchirappalli,DIRECT_OBSERVED,exact,SUCCESS,20,,Direct NFHS-5 PDF factsheet observed and parsed.
592,Tirunelveli,Tamil Nadu,True,data/nfhs/district\Tamil_Nadu\NFHS-5_DistFact_Tamil Nadu_Tirunelveli__Tirunelveli.pdf,Tirunelveli,DIRECT_OBSERVED,exact,SUCCESS,20,,Direct NFHS-5 PDF factsheet observed and parsed.
732,Tirupathur,Tamil Nadu,False,,Vellore,INHERITED_FROM_PARENT,PARENT_LINEAGE,INHERITED,20,595.0,Post-NFHS bifurcated district. Inherited epidemiological profile from parent district Vellore (LGD: 595).
634,Tiruppur,Tamil Nadu,True,data/nfhs/district\Tamil_Nadu\NFHS-5_DistFact_Tamil Nadu_Tiruppur__Tiruppur.pdf,Tiruppur,DIRECT_OBSERVED,exact,SUCCESS,20,,Direct NFHS-5 PDF factsheet observed and parsed.
593,Tiruvannamalai,Tamil Nadu,True,data/nfhs/district\Tamil_Nadu\NFHS-5_DistFact_Tamil Nadu_Tiruvannamalai__Tiruvannamalai.pdf,Tiruvannamalai,DIRECT_OBSERVED,exact,SUCCESS,20,,Direct NFHS-5 PDF factsheet observed and parsed.
595,Vellore,Tamil Nadu,True,data/nfhs/district\Tamil_Nadu\NFHS-5_DistFact_Tamil Nadu_Vellore__Vellore.pdf,Vellore,DIRECT_OBSERVED,exact,SUCCESS,20,,Direct NFHS-5 PDF factsheet observed and parsed.
596,Viluppuram,Tamil Nadu,True,data/nfhs/district\Tamil_Nadu\NFHS-5_DistFact_Tamil Nadu_Viluppuram__Viluppuram.pdf,Viluppuram,DIRECT_OBSERVED,exact,SUCCESS,20,,Direct NFHS-5 PDF factsheet observed and parsed.
597,Virudhunagar,Tamil Nadu,True,data/nfhs/district\Tamil_Nadu\NFHS-5_DistFact_Tamil Nadu_Virudhunagar__Virudhunagar.pdf,Virudhunagar,DIRECT_OBSERVED,exact,SUCCESS,20,,Direct NFHS-5 PDF factsheet observed and parsed.
501,Adilabad,Telangana,True,data/nfhs/district\Telangana\NFHS-5_DistFact_Telangana_Adilabad__Adilabad.pdf,Adilabad,DIRECT_OBSERVED,exact,SUCCESS,20,,Direct NFHS-5 PDF factsheet observed and parsed.
690,Bhadradri Kothagudem,Telangana,True,data/nfhs/district\Telangana\NFHS-5_DistFact_Telangana_Bhadradri Kothagudem__Bhadradri Kothagudem.pdf,Bhadradri Kothagudem,DIRECT_OBSERVED,split,SUCCESS,20,,Direct NFHS-5 PDF factsheet observed and parsed.
686,Hanumakonda,Telangana,True,data/nfhs/district\Telangana\NFHS-5_DistFact_Telangana_Warangal Urban__Warangal Urban.pdf,Warangal Urban,DIRECT_OBSERVED,renamed,SUCCESS,20,,Direct NFHS-5 PDF factsheet observed and parsed.
507,Hyderabad,Telangana,True,data/nfhs/district\Telangana\NFHS-5_DistFact_Telangana_Hyderabad__Hyderabad.pdf,Hyderabad,DIRECT_OBSERVED,exact,SUCCESS,20,,Direct NFHS-5 PDF factsheet observed and parsed.
681,Jagitial,Telangana,True,data/nfhs/district\Telangana\NFHS-5_DistFact_Telangana_Jagitial__Jagitial.pdf,Jagitial,DIRECT_OBSERVED,split,SUCCESS,20,,Direct NFHS-5 PDF factsheet observed and parsed.
689,Jangoan,Telangana,True,data/nfhs/district\Telangana\NFHS-5_DistFact_Telangana_Jangoan__Jangoan.pdf,Jangoan,DIRECT_OBSERVED,split,SUCCESS,20,,Direct NFHS-5 PDF factsheet observed and parsed.
687,Jayashankar Bhupalapally,Telangana,True,data/nfhs/district\Telangana\NFHS-5_DistFact_Telangana_Jayashankar Bhupalapally__Jayashankar Bhupalapally.pdf,Jayashankar Bhupalapally,DIRECT_OBSERVED,split,SUCCESS,20,,Direct NFHS-5 PDF factsheet observed and parsed.
695,Jogulamba Gadwal,Telangana,True,data/nfhs/district\Telangana\NFHS-5_DistFact_Telangana_Jogulamba Gadwal__Jogulamba Gadwal.pdf,Jogulamba Gadwal,DIRECT_OBSERVED,split,SUCCESS,20,,Direct NFHS-5 PDF factsheet observed and parsed.
685,Kamareddy,Telangana,True,data/nfhs/district\Telangana\NFHS-5_DistFact_Telangana_Kamareddy__Kamareddy.pdf,Kamareddy,DIRECT_OBSERVED,split,SUCCESS,20,,Direct NFHS-5 PDF factsheet observed and parsed.
508,Karimnagar,Telangana,True,data/nfhs/district\Telangana\NFHS-5_DistFact_Telangana_Karimnagar__Karimnagar.pdf,Karimnagar,DIRECT_OBSERVED,exact,SUCCESS,20,,Direct NFHS-5 PDF factsheet observed and parsed.
509,Khammam,Telangana,True,data/nfhs/district\Telangana\NFHS-5_DistFact_Telangana_Khammam__Khammam.pdf,Khammam,DIRECT_OBSERVED,exact,SUCCESS,20,,Direct NFHS-5 PDF factsheet observed and parsed.
699,Kumuram Bheem Asifabad,Telangana,True,data/nfhs/district\Telangana\NFHS-5_DistFact_Telangana_Komaram Bheem Asifabad__Komaram Bheem Asifabad.pdf,Komaram Bheem Asifabad,DIRECT_OBSERVED,alias,SUCCESS,20,,Direct NFHS-5 PDF factsheet observed and parsed.
688,Mahabubabad,Telangana,True,data/nfhs/district\Telangana\NFHS-5_DistFact_Telangana_Mahabubabad__Mahabubabad.pdf,Mahabubabad,DIRECT_OBSERVED,split,SUCCESS,20,,Direct NFHS-5 PDF factsheet observed and parsed.
512,Mahabubnagar,Telangana,True,data/nfhs/district\Telangana\NFHS-5_DistFact_Telangana_Mahabubnagar__Mahabubnagar.pdf,Mahabubnagar,DIRECT_OBSERVED,exact,SUCCESS,20,,Direct NFHS-5 PDF factsheet observed and parsed.
684,Mancherial,Telangana,True,data/nfhs/district\Telangana\NFHS-5_DistFact_Telangana_Mancherial__Mancherial.pdf,Mancherial,DIRECT_OBSERVED,split,SUCCESS,20,,Direct NFHS-5 PDF factsheet observed and parsed.
513,Medak,Telangana,True,data/nfhs/district\Telangana\NFHS-5_DistFact_Telangana_Medak__Medak.pdf,Medak,DIRECT_OBSERVED,exact,SUCCESS,20,,Direct NFHS-5 PDF factsheet observed and parsed.
700,Medchal Malkajgiri,Telangana,True,data/nfhs/district\Telangana\NFHS-5_DistFact_Telangana_Medchal-Malkajgiri__Medchal-Malkajgiri.pdf,Medchal-Malkajgiri,DIRECT_OBSERVED,alias,SUCCESS,20,,Direct NFHS-5 PDF factsheet observed and parsed.
720,Mulugu,Telangana,False,,Warangal,INHERITED_FROM_PARENT,PARENT_LINEAGE,INHERITED,20,522.0,Post-NFHS bifurcated district. Inherited epidemiological profile from parent district Warangal (LGD: 522).
694,Nagarkurnool,Telangana,True,data/nfhs/district\Telangana\NFHS-5_DistFact_Telangana_Nagarkurnool__Nagarkurnool.pdf,Nagarkurnool,DIRECT_OBSERVED,split,SUCCESS,20,,Direct NFHS-5 PDF factsheet observed and parsed.
514,Nalgonda,Telangana,True,data/nfhs/district\Telangana\NFHS-5_DistFact_Telangana_Nalgonda__Nalgonda.pdf,Nalgonda,DIRECT_OBSERVED,exact,SUCCESS,20,,Direct NFHS-5 PDF factsheet observed and parsed.
721,Narayanpet,Telangana,False,,Mahabubnagar,INHERITED_FROM_PARENT,PARENT_LINEAGE,INHERITED,20,512.0,Post-NFHS bifurcated district. Inherited epidemiological profile from parent district Mahabubnagar (LGD: 512).
680,Nirmal,Telangana,True,data/nfhs/district\Telangana\NFHS-5_DistFact_Telangana_Nirmal__Nirmal.pdf,Nirmal,DIRECT_OBSERVED,split,SUCCESS,20,,Direct NFHS-5 PDF factsheet observed and parsed.
516,Nizamabad,Telangana,True,data/nfhs/district\Telangana\NFHS-5_DistFact_Telangana_Nizamabad__Nizamabad.pdf,Nizamabad,DIRECT_OBSERVED,exact,SUCCESS,20,,Direct NFHS-5 PDF factsheet observed and parsed.
682,Peddapalli,Telangana,True,data/nfhs/district\Telangana\NFHS-5_DistFact_Telangana_Peddapalli__Peddapalli.pdf,Peddapalli,DIRECT_OBSERVED,split,SUCCESS,20,,Direct NFHS-5 PDF factsheet observed and parsed.
683,Rajanna Sircilla,Telangana,True,data/nfhs/district\Telangana\NFHS-5_DistFact_Telangana_Rajanna Sircilla__Rajanna Sircilla.pdf,Rajanna Sircilla,DIRECT_OBSERVED,split,SUCCESS,20,,Direct NFHS-5 PDF factsheet observed and parsed.
518,Ranga Reddy,Telangana,True,data/nfhs/district\Telangana\NFHS-5_DistFact_Telangana_Ranga Reddy__Ranga Reddy.pdf,Ranga Reddy,DIRECT_OBSERVED,exact,SUCCESS,20,,Direct NFHS-5 PDF factsheet observed and parsed.
691,Sangareddy,Telangana,True,data/nfhs/district\Telangana\NFHS-5_DistFact_Telangana_Sangareddy__Sangareddy.pdf,Sangareddy,DIRECT_OBSERVED,split,SUCCESS,20,,Direct NFHS-5 PDF factsheet observed and parsed.
692,Siddipet,Telangana,True,data/nfhs/district\Telangana\NFHS-5_DistFact_Telangana_Siddipet__Siddipet.pdf,Siddipet,DIRECT_OBSERVED,split,SUCCESS,20,,Direct NFHS-5 PDF factsheet observed and parsed.
696,Suryapet,Telangana,True,data/nfhs/district\Telangana\NFHS-5_DistFact_Telangana_Suryapet__Suryapet.pdf,Suryapet,DIRECT_OBSERVED,split,SUCCESS,20,,Direct NFHS-5 PDF factsheet observed and parsed.
698,Vikarabad,Telangana,True,data/nfhs/district\Telangana\NFHS-5_DistFact_Telangana_Vikarabad__Vikarabad.pdf,Vikarabad,DIRECT_OBSERVED,split,SUCCESS,20,,Direct NFHS-5 PDF factsheet observed and parsed.
693,Wanaparthy,Telangana,True,data/nfhs/district\Telangana\NFHS-5_DistFact_Telangana_Wanaparthy__Wanaparthy.pdf,Wanaparthy,DIRECT_OBSERVED,split,SUCCESS,20,,Direct NFHS-5 PDF factsheet observed and parsed.
522,Warangal,Telangana,True,data/nfhs/district\Telangana\NFHS-5_DistFact_Telangana_Warangal Rural__Warangal Rural.pdf,Warangal Rural,DIRECT_OBSERVED,renamed,SUCCESS,20,,Direct NFHS-5 PDF factsheet observed and parsed.
697,Yadadri Bhuvanagiri,Telangana,True,data/nfhs/district\Telangana\NFHS-5_DistFact_Telangana_Yadadri Bhuvanagiri__Yadadri Bhuvanagiri.pdf,Yadadri Bhuvanagiri,DIRECT_OBSERVED,split,SUCCESS,20,,Direct NFHS-5 PDF factsheet observed and parsed.
