"State Name","Total Households","Landless households deriving major part of their income 							from manual casual labour","%","Households with non-agricultural enterprises registered 							with government","%","Households paying income tax / professional tax","%","Households with Destitutes/living on alms","%","Households with salaried job in government","%","Households with salaried job in Public","%","Households with salaried job in Private","%","Monthly income of highest earning household member is 							< 5000","%","Monthly income of highest earning household member is 							5000 - 10000","%","Monthly income of highest earning household member is > 							10000","%","Household with government job and reporting monthly 							highest income > 5000","%","Households having motorized two/three/four wheelers and 							fishing boats","%","Households having 2 wheeler","%","Households having 3 wheeler","%","Households having 4 wheeler","%","Households having motorized fishing boat","%","Households Own a refrigerator","%","Households Own a landline phone","%","Households Owns mobile only","%","Households Owns both landline and mobile","%","Household without any phone","%","Households owning mechanized three/four wheeler 							agricultural equipments","%","Households having kisan credit card with the credit limit 							of Rs.50,000 and above","%","Total Households owning un-irrrigated land","%","Total Households owning irrrigated land","%","Total Households owning other land","%","Households with irrigation equipments","%","Household who have no land but have irrigation equipment","%","Household which don't own land but have kissan credit 							card","%"
"ANDAMAN AND NICOBAR ISLANDS 													(35)","60147","10135","16.85%","2966","4.93%","12627","20.99%","47","0.08%","15605","25.94%","851","1.41%","8328","13.85%","32609","54.22%","11804","19.63%","15734","26.16%","14809","24.62%","15263","25.38%","12108","20.13%","611","1.02%","2050","3.41%","494","0.82%","17531","29.15%","1103","1.83%","45447","75.56%","2271","3.78%","11326","18.83%","680","1.13%","733","1.22%","7961","13.24%","4206","6.99%","4128","6.86%","1096","1.82%","397","0.66%","182","0.3%"
"ANDHRA PRADESH 													(28)","13287228","6484010","48.8%","312014","2.35%","372037","2.8%","23172","0.17%","245975","1.85%","42532","0.32%","301747","2.27%","10529688","79.25%","2126191","16%","610068","4.59%","207007","1.56%","2576718","19.39%","2328127","17.52%","101316","0.76%","86035","0.65%","61240","0.46%","809850","6.09%","249727","1.88%","9868340","74.27%","225118","1.69%","2942918","22.15%","216408","1.63%","172015","1.29%","2683500","20.2%","2125261","15.99%","1295279","9.75%","665435","5.01%","148434","1.12%","61496","0.46%"
"ARUNACHAL PRADESH 													(12)","133421","10173","7.62%","3845","2.88%","5631","4.22%","188","0.14%","20186","15.13%","1154","0.86%","2226","1.67%","99161","74.32%","17350","13%","16907","12.67%","17043","12.77%","53589","40.17%","51136","38.33%","332","0.25%","1828","1.37%","293","0.22%","8314","6.23%","4383","3.29%","58953","44.19%","4025","3.02%","66060","49.51%","1090","0.82%","723","0.54%","71118","53.3%","28100","21.06%","41651","31.22%","876","0.66%","235","0.18%","178","0.13%"
"ASSAM 													(18)","5932337","1861164","31.37%","192935","3.25%","434615","7.33%","40672","0.69%","465494","7.85%","51611","0.87%","234920","3.96%","4535421","76.45%","870802","14.68%","525915","8.87%","439385","7.41%","760842","12.83%","561875","9.47%","29376","0.5%","152140","2.56%","17451","0.29%","340763","5.74%","40402","0.68%","3765104","63.47%","45674","0.77%","2081085","35.08%","90303","1.52%","56533","0.95%","2115891","35.67%","1078990","18.19%","722747","12.18%","220366","3.71%","62994","1.06%","20133","0.34%"
"BIHAR 													(10)","19360329","10632115","54.92%","316503","1.63%","516864","2.67%","37009","0.19%","734524","3.79%","153096","0.79%","251902","1.3%","13784809","71.2%","4283995","22.13%","1285488","6.64%","680709","3.52%","2253735","11.64%","1898176","9.8%","60658","0.31%","211769","1.09%","83132","0.43%","495901","2.56%","118522","0.61%","15824340","81.74%","167972","0.87%","3246837","16.77%","475059","2.45%","454607","2.35%","4121813","21.29%","5431139","28.05%","2294782","11.85%","979202","5.06%","129312","0.67%","95571","0.49%"
"CHANDIGARH 													(4)","15657","2690","17.18%","1182","7.55%","1779","11.36%","17","0.11%","1994","12.74%","312","1.99%","7139","45.6%","7046","45%","5119","32.69%","3492","22.3%","1957","12.5%","5796","37.02%","4754","30.36%","140","0.89%","896","5.72%","6","0.04%","7373","47.09%","36","0.23%","14344","91.61%","550","3.51%","727","4.64%","310","1.98%","50","0.32%","235","1.5%","334","2.13%","200","1.28%","466","2.98%","265","1.69%","30","0.19%"
"CHHATTISGARH 													(22)","4529621","1692158","37.36%","26187","0.58%","87225","1.93%","25368","0.56%","205010","4.53%","13840","0.31%","31864","0.7%","4102698","90.57%","270720","5.98%","152298","3.36%","175424","3.87%","502268","11.09%","449199","9.92%","2378","0.05%","47681","1.05%","3010","0.07%","156637","3.46%","7200","0.16%","1305195","28.81%","24022","0.53%","3193203","70.5%","52701","1.16%","98268","2.17%","1995316","44.05%","274727","6.07%","488301","10.78%","160483","3.54%","7368","0.16%","6231","0.14%"
"DADRA AND NAGAR HAVELI 													(26)","43461","9000","20.71%","5000","11.5%","2399","5.52%","98","0.23%","1708","3.93%","1141","2.63%","18203","41.88%","29601","68.11%","9720","22.36%","4140","9.53%","1413","3.25%","8812","20.28%","6894","15.86%","502","1.16%","1384","3.18%","32","0.07%","5481","12.61%","661","1.52%","25588","58.88%","450","1.04%","16762","38.57%","442","1.02%","152","0.35%","14670","33.75%","5202","11.97%","5127","11.8%","1208","2.78%","597","1.37%","43","0.1%"
"DAMAN AND DIU 													(25)","34629","6080","17.56%","3616","10.44%","2231","6.44%","162","0.47%","1033","2.98%","1642","4.74%","21654","62.53%","15246","44.03%","12432","35.9%","6950","20.07%","935","2.7%","11116","32.1%","8275","23.9%","623","1.8%","1563","4.51%","655","1.89%","10157","29.33%","405","1.17%","30750","88.8%","1097","3.17%","2376","6.86%","2111","6.1%","1880","5.43%","2448","7.07%","1324","3.82%","1437","4.15%","3239","9.35%","2757","7.96%","1594","4.6%"
"GOA 													(30)","276220","33189","12.02%","26244","9.5%","59921","21.69%","430","0.16%","39844","14.42%","9609","3.48%","118276","42.82%","105195","38.08%","91217","33.02%","79241","28.69%","38708","14.01%","188020","68.07%","123413","44.68%","3721","1.35%","60443","21.88%","443","0.16%","197669","71.56%","6143","2.22%","198387","71.82%","51758","18.74%","19932","7.22%","2270","0.82%","1354","0.49%","10424","3.77%","9381","3.4%","8628","3.12%","3768","1.36%","1990","0.72%","984","0.36%"
"GUJARAT 													(24)","7929296","2903559","36.62%","617909","7.79%","386730","4.88%","28047","0.35%","282763","3.57%","97485","1.23%","465078","5.87%","5335011","67.28%","1721536","21.71%","868725","10.96%","257436","3.25%","2519828","31.78%","2085432","26.3%","100722","1.27%","315095","3.97%","18579","0.23%","1401941","17.68%","67400","0.85%","5687650","71.73%","204131","2.57%","1970115","24.85%","624450","7.88%","196758","2.48%","2576121","32.49%","2245928","28.32%","1020347","12.87%","1102978","13.91%","179128","2.26%","40848","0.52%"
"HARYANA 													(6)","3461662","1323790","38.24%","253761","7.33%","229172","6.62%","10648","0.31%","301587","8.71%","27071","0.78%","174907","5.05%","2053515","59.32%","847222","24.47%","556458","16.07%","293270","8.47%","1163131","33.6%","915999","26.46%","18458","0.53%","223597","6.46%","5077","0.15%","1328267","38.37%","21589","0.62%","2925490","84.51%","76076","2.2%","437858","12.65%","395371","11.42%","333132","9.62%","864646","24.98%","1372368","39.64%","288088","8.32%","809420","23.38%","53745","1.55%","13060","0.38%"
"HIMACHAL PRADESH 													(2)","1318837","83360","6.32%","110415","8.37%","134260","10.18%","3314","0.25%","299045","22.67%","18347","1.39%","120265","9.12%","713512","54.1%","288406","21.87%","316918","24.03%","278677","21.13%","257419","19.52%","160494","12.17%","2908","0.22%","92643","7.02%","1374","0.1%","542054","41.1%","21136","1.6%","1042978","79.08%","127153","9.64%","127570","9.67%","38959","2.95%","71442","5.42%","885155","67.12%","504577","38.26%","249537","18.92%","46188","3.5%","3792","0.29%","4521","0.34%"
"JAMMU AND KASHMIR 													(1)","2535963","268286","10.58%","101336","4%","220752","8.7%","9142","0.36%","497266","19.61%","12271","0.48%","45212","1.78%","1730240","68.23%","357586","14.1%","448083","17.67%","460690","18.17%","273880","10.8%","167822","6.62%","7458","0.29%","94803","3.74%","3797","0.15%","408594","16.11%","22592","0.89%","1800709","71.01%","52057","2.05%","660605","26.05%","39162","1.54%","18234","0.72%","1546243","60.97%","806777","31.81%","673390","26.55%","66560","2.62%","3789","0.15%","4175","0.16%"
"JHARKHAND 													(20)","5351290","1270649","23.74%","129779","2.43%","267967","5.01%","15420","0.29%","256739","4.8%","78884","1.47%","126100","2.36%","4043813","75.57%","865467","16.17%","426388","7.97%","240735","4.5%","1044847","19.53%","890339","16.64%","41714","0.78%","76083","1.42%","36711","0.69%","310244","5.8%","46441","0.87%","3538047","66.12%","47453","0.89%","1719334","32.13%","104357","1.95%","111140","2.08%","2817239","52.65%","1494999","27.94%","1535652","28.7%","297846","5.57%","50661","0.95%","35003","0.65%"
"KARNATAKA 													(29)","7544631","1624314","21.53%","256324","3.4%","669499","8.87%","8846","0.12%","278906","3.7%","78825","1.04%","321487","4.26%","5260901","69.73%","1656639","21.96%","626152","8.3%","241307","3.2%","1749459","23.19%","1474063","19.54%","59877","0.79%","202949","2.69%","12570","0.17%","412015","5.46%","144360","1.91%","5810655","77.02%","322784","4.28%","1266818","16.79%","577593","7.66%","197120","2.61%","3656687","48.47%","2038458","27.02%","1415140","18.76%","757359","10.04%","47950","0.64%","29821","0.4%"
"KERALA 													(32)","6897360","2784326","40.37%","148416","2.15%","443823","6.43%","14883","0.22%","475314","6.89%","75181","1.09%","418506","6.07%","4898981","71.03%","1162632","16.86%","835746","12.12%","449428","6.52%","2097208","30.41%","1283828","18.61%","159225","2.31%","651689","9.45%","2466","0.04%","2829475","41.02%","248361","3.6%","4235969","61.41%","1912810","27.73%","500220","7.25%","24949","0.36%","43472","0.63%","1511881","21.92%","401723","5.82%","404920","5.87%","293028","4.25%","156184","2.26%","14793","0.21%"
"MADHYA PRADESH 													(23)","11099156","4957684","44.67%","86992","0.78%","201078","1.81%","57889","0.52%","378190","3.41%","56731","0.51%","93858","0.85%","9300275","83.79%","1242978","11.2%","555825","5.01%","311168","2.8%","1803708","16.25%","1513249","13.63%","19649","0.18%","243584","2.19%","27226","0.25%","410202","3.7%","25302","0.23%","5152774","46.42%","107354","0.97%","5813709","52.38%","463601","4.18%","748586","6.74%","3754790","33.83%","2826702","25.47%","1241079","11.18%","1706029","15.37%","50867","0.46%","35369","0.32%"
"MAHARASHTRA 													(27)","13212381","4787444","36.23%","312143","2.36%","642506","4.86%","33584","0.25%","669219","5.07%","180408","1.37%","550935","4.17%","9532639","72.15%","2357968","17.85%","1318786","9.98%","616480","4.67%","2758433","20.88%","2434989","18.43%","67964","0.51%","236023","1.79%","19457","0.15%","1249207","9.45%","277532","2.1%","7554784","57.18%","382043","2.89%","4997999","37.83%","362543","2.74%","382461","2.89%","5356373","40.54%","2665360","20.17%","1705891","12.91%","1479961","11.2%","35043","0.27%","19703","0.15%"
"MANIPUR 													(14)","458495","73066","15.94%","8046","1.75%","36212","7.9%","225","0.05%","73666","16.07%","3176","0.69%","15554","3.39%","291214","63.52%","93857","20.47%","73414","16.01%","70405","15.36%","83755","18.27%","54202","11.82%","4268","0.93%","22964","5.01%","2321","0.51%","39094","8.53%","1519","0.33%","367477","80.15%","3955","0.86%","85543","18.66%","3822","0.83%","3785","0.83%","95987","20.94%","22414","4.89%","41397","9.03%","4612","1.01%","1692","0.37%","1753","0.38%"
"MEGHALAYA 													(17)","483359","166723","34.49%","10879","2.25%","30959","6.4%","1029","0.21%","43329","8.96%","4551","0.94%","13794","2.85%","361643","74.82%","77471","16.03%","44240","9.15%","41090","8.5%","60595","12.54%","41868","8.66%","1446","0.3%","16995","3.52%","286","0.06%","21364","4.42%","1778","0.37%","273344","56.55%","4096","0.85%","204141","42.23%","2594","0.54%","4835","1%","91324","18.89%","51249","10.6%","53582","11.09%","5983","1.24%","3183","0.66%","2373","0.49%"
"MIZORAM 													(15)","115605","9098","7.87%","3861","3.34%","11278","9.76%","94","0.08%","10903","9.43%","1192","1.03%","5876","5.08%","89019","77%","15646","13.53%","10940","9.46%","9529","8.24%","16184","14%","12204","10.56%","402","0.35%","2882","2.49%","696","0.6%","23912","20.68%","1265","1.09%","77901","67.39%","1324","1.15%","35115","30.37%","843","0.73%","1317","1.14%","20771","17.97%","7057","6.1%","4570","3.95%","1419","1.23%","975","0.84%","918","0.79%"
"NAGALAND 													(13)","228066","12757","5.59%","4321","1.89%","26868","11.78%","455","0.2%","38666","16.95%","1816","0.8%","6290","2.76%","163271","71.59%","33084","14.51%","31711","13.9%","35884","15.73%","28695","12.58%","14225","6.24%","1546","0.68%","12812","5.62%","112","0.05%","21998","9.65%","593","0.26%","141707","62.13%","1786","0.78%","83980","36.82%","1082","0.47%","891","0.39%","119863","52.56%","62454","27.38%","77700","34.07%","2555","1.12%","608","0.27%","334","0.15%"
"ODISHA 													(21)","8808139","3419697","38.82%","151032","1.71%","236287","2.68%","54067","0.61%","381848","4.34%","58668","0.67%","163284","1.85%","7639728","86.73%","737338","8.37%","429042","4.87%","331308","3.76%","838696","9.52%","679437","7.71%","23129","0.26%","124501","1.41%","11629","0.13%","469931","5.34%","33607","0.38%","3015075","34.23%","64292","0.73%","5694188","64.65%","76252","0.87%","129741","1.47%","3264438","37.06%","866937","9.84%","616996","7%","142047","1.61%","30514","0.35%","20736","0.24%"
"PUDUCHERRY 													(34)","141777","53033","37.41%","5375","3.79%","9210","6.5%","547","0.39%","14197","10.01%","4115","2.9%","30308","21.38%","96184","67.84%","27148","19.15%","18444","13.01%","13218","9.32%","65952","46.52%","61859","43.63%","496","0.35%","2664","1.88%","933","0.66%","48408","34.14%","1032","0.73%","109005","76.88%","7395","5.22%","24345","17.17%","1289","0.91%","1508","1.06%","5695","4.02%","5521","3.89%","1994","1.41%","2971","2.1%","1181","0.83%","1066","0.75%"
"PUNJAB 													(3)","4472933","2070475","46.29%","244262","5.46%","318518","7.12%","7062","0.16%","332765","7.44%","39447","0.88%","219593","4.91%","2578349","57.64%","1105398","24.71%","787063","17.6%","318143","7.11%","2254497","50.4%","1812822","40.53%","25739","0.58%","408095","9.12%","7841","0.18%","2918012","65.24%","56154","1.26%","3577078","79.97%","250325","5.6%","589376","13.18%","688561","15.39%","342201","7.65%","353751","7.91%","822688","18.39%","172227","3.85%","969243","21.67%","57367","1.28%","20056","0.45%"
"RAJASTHAN 													(8)","10051861","2623971","26.1%","183328","1.82%","332041","3.3%","47142","0.47%","562728","5.6%","61696","0.61%","286891","2.85%","7343220","73.05%","1733763","17.25%","967918","9.63%","541947","5.39%","2040734","20.3%","1628516","16.2%","22142","0.22%","382666","3.81%","7410","0.07%","918196","9.13%","30402","0.3%","6630307","65.96%","195015","1.94%","3196137","31.8%","515616","5.13%","849804","8.45%","4569543","45.46%","3339117","33.22%","1253112","12.47%","1712322","17.03%","37306","0.37%","16843","0.17%"
"SIKKIM 													(11)","91794","10261","11.18%","5070","5.52%","14432","15.72%","74","0.08%","18887","20.58%","1076","1.17%","4619","5.03%","66666","72.63%","11976","13.05%","13023","14.19%","15334","16.7%","8227","8.96%","1870","2.04%","25","0.03%","6309","6.87%","23","0.03%","10015","10.91%","179","0.2%","77927","84.89%","714","0.78%","12974","14.13%","468","0.51%","1178","1.28%","37392","40.73%","30696","33.44%","22959","25.01%","686","0.75%","254","0.28%","387","0.42%"
"TAMIL NADU 													(33)","12087291","6830328","56.51%","184039","1.52%","476679","3.94%","5893","0.05%","552438","4.57%","76888","0.64%","679972","5.63%","9438647","78.09%","1934069","16%","713265","5.9%","476420","3.94%","3784729","31.31%","3546834","29.34%","39037","0.32%","179946","1.49%","18912","0.16%","1441029","11.92%","141062","1.17%","9473484","78.38%","302974","2.51%","2169771","17.95%","979557","8.1%","218015","1.8%","2271289","18.79%","1412367","11.68%","1263150","10.45%","1261488","10.44%","41453","0.34%","86366","0.71%"
"TELANGANA 													(36)","10364808","3615859","34.89%","331176","3.2%","593544","5.73%","19414","0.19%","266637","2.57%","182478","1.76%","287212","2.77%","7901717","76.24%","1890352","18.24%","567126","5.47%","232971","2.25%","2824153","27.25%","2523551","24.35%","150924","1.46%","127877","1.23%","21801","0.21%","1028516","9.92%","124513","1.2%","8621210","83.18%","179462","1.73%","1439548","13.89%","319278","3.08%","172722","1.67%","3759017","36.27%","3014982","29.09%","1980979","19.11%","1232647","11.89%","344471","3.32%","47060","0.45%"
"TRIPURA 													(16)","1999374","707627","35.39%","141069","7.06%","175524","8.78%","8421","0.42%","232602","11.63%","11178","0.56%","9037","0.45%","1587252","79.39%","245917","12.3%","165661","8.29%","206575","10.33%","163055","8.16%","124866","6.25%","14239","0.71%","21348","1.07%","2602","0.13%","132827","6.64%","22901","1.15%","1192691","59.65%","24344","1.22%","758821","37.95%","31955","1.6%","14802","0.74%","94623","4.73%","62772","3.14%","41181","2.06%","47954","2.4%","23018","1.15%","8622","0.43%"
"UTTAR PRADESH 													(9)","25212392","7689028","30.5%","614201","2.44%","703182","2.79%","43679","0.17%","989074","3.92%","365431","1.45%","679088","2.69%","18203934","72.2%","4994592","19.81%","1993531","7.91%","923075","3.66%","6355973","25.21%","5594112","22.19%","129448","0.51%","568562","2.26%","63851","0.25%","1990027","7.89%","169946","0.67%","21860444","86.71%","270331","1.07%","2910977","11.55%","1603165","6.36%","1892223","7.51%","4954726","19.65%","12767804","50.64%","3035003","12.04%","4209151","16.69%","280770","1.11%","120087","0.48%"
"UTTARAKHAND 													(5)","1398923","259587","18.56%","68898","4.93%","99432","7.11%","2924","0.21%","169454","12.11%","27081","1.94%","124055","8.87%","896185","64.06%","304553","21.77%","198185","14.17%","160522","11.47%","315952","22.59%","269167","19.24%","4123","0.29%","41022","2.93%","1640","0.12%","308758","22.07%","10188","0.73%","1209503","86.46%","24410","1.74%","154732","11.06%","51106","3.65%","57084","4.08%","661437","47.28%","457667","32.72%","179377","12.82%","79920","5.71%","14561","1.04%","5729","0.41%"
"WEST BENGAL 													(19)","16757489","8081584","48.23%","271286","1.62%","1030161","6.15%","211415","1.26%","725569","4.33%","303982","1.81%","426726","2.55%","13768061","82.16%","1957420","11.68%","1030641","6.15%","680913","4.06%","1376600","8.21%","1192732","7.12%","29530","0.18%","137885","0.82%","16453","0.1%","952525","5.68%","57656","0.34%","9220852","55.03%","158763","0.95%","7320168","43.68%","185129","1.1%","158940","0.95%","2965751","17.7%","2807261","16.75%","1209610","7.22%","585814","3.5%","65366","0.39%","40020","0.24%"