lgd_code,district_name,state_name,composite_score,dampener_applied,pillar_coverage_pct,global_pillar_coverage_pct,tier,P1_score,P2_score,P3_score,P4_score,P5_score,P6_score,P7_score
554,Alappuzha,Kerala,55.98,,66.2,100.0,Tier 1 - Established,62.89,82.18,,27.52,,0.0,
121,Ambedkar Nagar,Uttar Pradesh,0.0,,6.2,100.0,Tier 2 - Emerging,,,,,,0.0,
27,Amritsar,Punjab,0.0,,6.2,100.0,Tier 2 - Emerging,,,,,,0.0,
672,Arvalli,Gujarat,0.0,,6.2,100.0,Tier 2 - Emerging,,,,,,0.0,
611,Arwal,Bihar,0.0,,6.2,100.0,Tier 2 - Emerging,,,,,,0.0,
189,Aurangabad,Bihar,100.0,,6.2,100.0,Tier 1 - Established,,,,,,100.0,
125,Bahraich,Uttar Pradesh,100.0,,6.2,100.0,Tier 1 - Established,,,,,,100.0,
646,Balod,Chhattisgarh,23.57,,55.8,100.0,Tier 2 - Emerging,28.74,21.74,,,,0.0,
127,Balrampur,Uttar Pradesh,100.0,,6.2,100.0,Tier 1 - Established,,,,,,100.0,
649,Balrampur-Ramanujganj,Chhattisgarh,23.57,,55.8,100.0,Tier 2 - Emerging,28.74,21.74,,,,0.0,
623,Bandipora,Jammu And Kashmir,0.0,,6.2,100.0,Tier 2 - Emerging,,,,,,0.0,
470,Beed,Maharashtra,2.97,,16.6,100.0,Tier 2 - Emerging,,,,4.75,,0.0,
650,Bemetara,Chhattisgarh,23.57,,55.8,100.0,Tier 2 - Emerging,28.74,21.74,,,,0.0,
525,Bengaluru Urban,Karnataka,49.77,,66.2,100.0,Tier 1 - Established,36.23,65.74,,100.0,,0.0,
179,Bhadohi,Uttar Pradesh,0.0,,6.2,100.0,Tier 2 - Emerging,,,,,,0.0,
471,Bhandara,Maharashtra,0.62,,16.6,100.0,Tier 2 - Emerging,,,,0.99,,0.0,
395,Bhind,Madhya Pradesh,0.49,,16.6,100.0,Tier 2 - Emerging,,,,0.79,,0.0,
636,Bijapur,Chhattisgarh,34.73,,55.8,100.0,Tier 1 - Established,28.74,21.74,,,,100.0,
676,Botad,Gujarat,0.0,,6.2,100.0,Tier 2 - Emerging,,,,,,0.0,
47,Chamoli,Uttarakhand,0.0,,6.2,100.0,Tier 2 - Emerging,,,,,,0.0,
135,Chandauli,Uttar Pradesh,100.0,,6.2,100.0,Tier 1 - Established,,,,,,100.0,
253,Chandel,Manipur,100.0,,6.2,100.0,Tier 1 - Established,,,,,,100.0,
473,Chandrapur,Maharashtra,0.87,,16.6,100.0,Tier 2 - Emerging,,,,1.39,,0.0,
398,Chhatarpur,Madhya Pradesh,40.87,,16.6,100.0,Tier 1 - Established,,,,5.35,,100.0,
668,Chhotaudepur,Gujarat,0.0,,6.2,100.0,Tier 2 - Emerging,,,,,,0.0,
445,Dahod,Gujarat,100.0,,6.2,100.0,Tier 1 - Established,,,,,,100.0,
310,Dakshin Dinajpur,West Bengal,0.0,,6.2,100.0,Tier 2 - Emerging,,,,,,0.0,
400,Damoh,Madhya Pradesh,38.77,,16.6,100.0,Tier 1 - Established,,,,1.98,,100.0,
444,Dangs,Gujarat,0.0,,6.2,100.0,Tier 2 - Emerging,,,,,,0.0,
309,Darjeeling,West Bengal,0.0,,6.2,100.0,Tier 2 - Emerging,,,,,,0.0,
535,Davangere,Karnataka,34.13,,66.2,100.0,Tier 1 - Established,37.17,57.48,,9.5,,0.0,
269,Dhalai,Tripura,100.0,,6.2,100.0,Tier 1 - Established,,,,,,100.0,
352,Dhenkanal,Odisha,37.65,,16.6,100.0,Tier 1 - Established,,,,0.2,,100.0,
404,Dindori,Madhya Pradesh,0.25,,16.6,100.0,Tier 2 - Emerging,,,,0.4,,0.0,
769,Dudu,Rajasthan,0.0,,6.2,100.0,Tier 2 - Emerging,,,,,,0.0,
657,East Jaintia Hills,Meghalaya,0.0,,6.2,100.0,Tier 2 - Emerging,,,,,,0.0,
748,Eluru,Andhra Pradesh,31.34,,66.2,100.0,Tier 2 - Emerging,32.53,60.52,,2.38,,0.0,
573,Erode,Tamil Nadu,45.16,,66.2,100.0,Tier 1 - Established,55.54,63.49,,10.69,,0.0,
651,Fazilka,Punjab,0.0,,6.2,100.0,Tier 2 - Emerging,,,,,,0.0,
31,Ferozepur,Punjab,100.0,,6.2,100.0,Tier 1 - Established,,,,,,100.0,
446,Gandhinagar,Gujarat,0.0,,6.2,100.0,Tier 2 - Emerging,,,,,,0.0,
328,Garhwa,Jharkhand,100.0,,6.2,100.0,Tier 1 - Established,,,,,,100.0,
645,Gariyaband,Chhattisgarh,23.57,,55.8,100.0,Tier 2 - Emerging,28.74,21.74,,,,0.0,
196,Gaya,Bihar,100.0,,6.2,100.0,Tier 1 - Established,,,,,,100.0,
654,Gomati,Tripura,0.0,,6.2,100.0,Tier 2 - Emerging,,,,,,0.0,
331,Gumla,Jharkhand,100.0,,6.2,100.0,Tier 1 - Established,,,,,,100.0,
17,Hamirpur,Himachal Pradesh,0.0,,6.2,100.0,Tier 2 - Emerging,,,,,,0.0,
686,Hanumakonda,Telangana,49.22,,66.2,100.0,Tier 1 - Established,62.12,72.81,,0.99,,0.0,
408,Harda,Madhya Pradesh,0.62,,16.6,100.0,Tier 2 - Emerging,,,,0.99,,0.0,
50,Haridwar,Uttarakhand,100.0,,6.2,100.0,Tier 1 - Established,,,,,,100.0,
539,Hassan,Karnataka,28.3,,66.2,100.0,Tier 2 - Emerging,27.98,54.48,,6.93,,0.0,
355,Jagatsinghapur,Odisha,0.12,,16.6,100.0,Tier 2 - Emerging,,,,0.2,,0.0,
102,Jaipur,Rajasthan,0.0,,6.2,100.0,Tier 2 - Emerging,,,,,,0.0,
104,Jalore,Rajasthan,0.0,,6.2,100.0,Tier 2 - Emerging,,,,,,0.0,
314,Jalpaiguri,West Bengal,0.0,,6.2,100.0,Tier 2 - Emerging,,,,,,0.0,
687,Jayashankar Bhupalapally,Telangana,49.08,,66.2,100.0,Tier 1 - Established,64.93,66.49,,0.4,,0.0,
105,Jhalawar,Rajasthan,0.0,,6.2,100.0,Tier 2 - Emerging,,,,,,0.0,
153,Jhansi,Uttar Pradesh,0.0,,6.2,100.0,Tier 2 - Emerging,,,,,,0.0,
357,Jharsuguda,Odisha,0.12,,16.6,100.0,Tier 2 - Emerging,,,,0.2,,0.0,
382,Kabeerdham,Chhattisgarh,23.57,,55.8,100.0,Tier 2 - Emerging,28.74,21.74,,,,0.0,
702,Kalimpong,West Bengal,0.0,,6.2,100.0,Tier 2 - Emerging,,,,,,0.0,
156,Kanpur Dehat,Uttar Pradesh,0.0,,6.2,100.0,Tier 2 - Emerging,,,,,,0.0,
108,Karauli,Rajasthan,100.0,,6.2,100.0,Tier 1 - Established,,,,,,100.0,
508,Karimnagar,Telangana,49.11,,66.2,100.0,Tier 1 - Established,60.94,74.91,,0.99,,0.0,
201,Katihar,Bihar,100.0,,6.2,100.0,Tier 1 - Established,,,,,,100.0,
360,Kendrapara,Odisha,0.12,,16.6,100.0,Tier 2 - Emerging,,,,0.2,,0.0,
414,Khargone (West Nimar),Madhya Pradesh,1.61,,16.6,100.0,Tier 2 - Emerging,,,,2.57,,0.0,
450,Kheda,Gujarat,0.0,,6.2,100.0,Tier 2 - Emerging,,,,,,0.0,
159,Kheri,Uttar Pradesh,0.0,,6.2,100.0,Tier 2 - Emerging,,,,,,0.0,
652,Khowai,Tripura,0.0,,6.2,100.0,Tier 2 - Emerging,,,,,,0.0,
606,Khunti,Jharkhand,100.0,,6.2,100.0,Tier 1 - Established,,,,,,100.0,
620,Kishtwar,Jammu And Kashmir,0.0,,6.2,100.0,Tier 2 - Emerging,,,,,,0.0,
263,Kolasib,Mizoram,0.0,,6.2,100.0,Tier 2 - Emerging,,,,,,0.0,
315,Kolkata,West Bengal,0.0,,6.2,100.0,Tier 2 - Emerging,,,,,,0.0,
559,Kollam,Kerala,55.26,,66.2,100.0,Tier 1 - Established,65.56,74.62,,25.54,,0.0,
109,Kota,Rajasthan,0.0,,6.2,100.0,Tier 2 - Emerging,,,,,,0.0,
160,Kushinagar,Uttar Pradesh,0.0,,6.2,100.0,Tier 2 - Emerging,,,,,,0.0,
553,Lakshadweep District,Lakshadweep,79.86,,30.9,100.0,Tier 1 - Established,,,100.0,,,0.0,
161,Lalitpur,Uttar Pradesh,0.0,,6.2,100.0,Tier 2 - Emerging,,,,,,0.0,
335,Latehar,Jharkhand,100.0,,6.2,100.0,Tier 1 - Established,,,,,,100.0,
234,Lohit,Arunachal Pradesh,0.0,,6.2,100.0,Tier 2 - Emerging,,,,,,0.0,
615,Longleng,Nagaland,0.0,,6.2,100.0,Tier 2 - Emerging,,,,,,0.0,
206,Madhubani,Bihar,0.0,,6.2,100.0,Tier 2 - Emerging,,,,,,0.0,
578,Madurai,Tamil Nadu,47.35,,66.2,100.0,Tier 1 - Established,60.38,57.5,,17.82,,0.0,
69,Mahendragarh,Haryana,0.0,,6.2,100.0,Tier 2 - Emerging,,,,,,0.0,
669,Mahisagar,Gujarat,0.0,,6.2,100.0,Tier 2 - Emerging,,,,,,0.0,
784,Maihar,Madhya Pradesh,0.25,,16.6,100.0,Tier 2 - Emerging,,,,0.4,,0.0,
166,Mainpuri,Uttar Pradesh,0.0,,6.2,100.0,Tier 2 - Emerging,,,,,,0.0,
706,Majuli,Assam,0.0,,6.2,100.0,Tier 2 - Emerging,,,,,,0.0,
562,Malappuram,Kerala,58.01,,66.2,100.0,Tier 1 - Established,64.37,80.87,,37.62,,0.0,
316,Malda,West Bengal,0.0,,6.2,100.0,Tier 2 - Emerging,,,,,,0.0,
364,Malkangiri,Odisha,37.65,,16.6,100.0,Tier 1 - Established,,,,0.2,,100.0,
684,Mancherial,Telangana,48.29,,66.2,100.0,Tier 1 - Established,58.28,76.97,,1.39,,0.0,
168,Mau,Uttar Pradesh,0.0,,6.2,100.0,Tier 2 - Emerging,,,,,,0.0,
247,Mon,Nagaland,0.0,,6.2,100.0,Tier 2 - Emerging,,,,,,0.0,
720,Mulugu,Telangana,49.16,,66.2,100.0,Tier 1 - Established,62.12,72.81,,0.59,,0.0,
207,Munger,Bihar,0.0,,6.2,100.0,Tier 2 - Emerging,,,,,,0.0,
545,Mysuru,Karnataka,25.89,,66.2,100.0,Tier 2 - Emerging,21.7,50.97,,17.43,,0.0,
579,Nagapattinam,Tamil Nadu,43.26,,66.2,100.0,Tier 1 - Established,60.8,47.53,,5.35,,0.0,
484,Nagpur,Maharashtra,2.47,,16.6,100.0,Tier 2 - Emerging,,,,3.96,,0.0,
51,Nainital,Uttarakhand,0.0,,6.2,100.0,Tier 2 - Emerging,,,,,,0.0,
409,Narmadapuram,Madhya Pradesh,1.24,,16.6,100.0,Tier 2 - Emerging,,,,1.98,,0.0,
487,Nashik,Maharashtra,4.82,,16.6,100.0,Tier 2 - Emerging,,,,7.72,,0.0,
453,Navsari,Gujarat,0.0,,6.2,100.0,Tier 2 - Emerging,,,,,,0.0,
714,Noney,Manipur,0.0,,6.2,100.0,Tier 2 - Emerging,,,,,,0.0,
81,North East,Delhi,0.0,,6.2,100.0,Tier 2 - Emerging,,,,,,0.0,
270,North Tripura,Tripura,0.0,,6.2,100.0,Tier 2 - Emerging,,,,,,0.0,
749,Ntr,Andhra Pradesh,31.65,,66.2,100.0,Tier 2 - Emerging,32.53,60.52,,4.36,,0.0,
563,Palakkad,Kerala,57.7,,66.2,100.0,Tier 1 - Established,63.32,83.27,,35.45,,0.0,
338,Palamu,Jharkhand,100.0,,6.2,100.0,Tier 1 - Established,,,,,,100.0,
665,Palghar,Maharashtra,5.2,,16.6,100.0,Tier 2 - Emerging,,,,8.32,,0.0,
70,Panchkula,Haryana,0.0,,6.2,100.0,Tier 2 - Emerging,,,,,,0.0,
71,Panipat,Haryana,0.0,,6.2,100.0,Tier 2 - Emerging,,,,,,0.0,
743,Parvathipuram Manyam,Andhra Pradesh,40.54,,66.2,100.0,Tier 1 - Established,32.53,60.52,,0.99,,100.0,
662,Pathankot,Punjab,0.0,,6.2,100.0,Tier 2 - Emerging,,,,,,0.0,
53,Pithoragarh,Uttarakhand,0.0,,6.2,100.0,Tier 2 - Emerging,,,,,,0.0,
213,Purbi Champaran,Bihar,0.0,,6.2,100.0,Tier 2 - Emerging,,,,,,0.0,
369,Puri,Odisha,0.12,,16.6,100.0,Tier 2 - Emerging,,,,0.2,,0.0,
421,Raisen,Madhya Pradesh,0.74,,16.6,100.0,Tier 2 - Emerging,,,,1.19,,0.0,
518,Ranga Reddy,Telangana,50.84,,66.2,100.0,Tier 1 - Established,62.28,77.39,,3.96,,0.0,
627,Reasi,Jammu And Kashmir,0.0,,6.2,100.0,Tier 2 - Emerging,,,,,,0.0,
425,Sagar,Madhya Pradesh,2.1,,16.6,100.0,Tier 2 - Emerging,,,,3.37,,0.0,
217,Samastipur,Bihar,0.0,,6.2,100.0,Tier 2 - Emerging,,,,,,0.0,
43,Sangrur,Punjab,0.0,,6.2,100.0,Tier 2 - Emerging,,,,,,0.0,
608,S.A.S Nagar,Punjab,0.0,,6.2,100.0,Tier 2 - Emerging,,,,,,0.0,
40,Shahid Bhagat Singh Nagar,Punjab,0.0,,6.2,100.0,Tier 2 - Emerging,,,,,,0.0,
182,Siddharthnagar,Uttar Pradesh,100.0,,6.2,100.0,Tier 1 - Established,,,,,,100.0,
114,Sikar,Rajasthan,0.0,,6.2,100.0,Tier 2 - Emerging,,,,,,0.0,
495,Sindhudurg,Maharashtra,0.37,,16.6,100.0,Tier 2 - Emerging,,,,0.59,,0.0,
115,Sirohi,Rajasthan,100.0,,6.2,100.0,Tier 1 - Established,,,,,,100.0,
74,Sirsa,Haryana,0.0,,6.2,100.0,Tier 2 - Emerging,,,,,,0.0,
585,Sivaganga,Tamil Nadu,46.68,,66.2,100.0,Tier 1 - Established,65.24,52.89,,4.55,,0.0,
184,Sonbhadra,Uttar Pradesh,100.0,,6.2,100.0,Tier 1 - Established,,,,,,100.0,
372,Sonepur,Odisha,0.12,,16.6,100.0,Tier 2 - Emerging,,,,0.2,,0.0,
304,South 24 Parganas,West Bengal,0.0,,6.2,100.0,Tier 2 - Emerging,,,,,,0.0,
552,South Goa,Goa,48.27,,66.2,100.0,Tier 1 - Established,64.63,62.66,,1.98,,0.0,
696,Suryapet,Telangana,51.99,,66.2,100.0,Tier 1 - Established,66.44,75.31,,0.79,,0.0,
716,Tengnoupal,Manipur,0.0,,6.2,100.0,Tier 2 - Emerging,,,,,,0.0,
588,Theni,Tamil Nadu,44.73,,66.2,100.0,Tier 1 - Established,64.3,45.89,,5.74,,0.0,
590,Thiruvarur,Tamil Nadu,50.34,,66.2,100.0,Tier 1 - Established,72.17,51.64,,7.13,,0.0,
434,Tikamgarh,Madhya Pradesh,1.11,,16.6,100.0,Tier 2 - Emerging,,,,1.78,,0.0,
655,Unakoti,Tripura,0.0,,6.2,100.0,Tier 2 - Emerging,,,,,,0.0,
241,Upper Subansiri,Arunachal Pradesh,0.0,,6.2,100.0,Tier 2 - Emerging,,,,,,0.0,
187,Varanasi,Uttar Pradesh,0.0,,6.2,100.0,Tier 2 - Emerging,,,,,,0.0,
597,Virudhunagar,Tamil Nadu,51.62,,66.2,100.0,Tier 1 - Established,63.68,37.05,,4.95,,100.0,
498,Wardha,Maharashtra,0.62,,16.6,100.0,Tier 2 - Emerging,,,,0.99,,0.0,
279,West Khasi Hills,Meghalaya,0.0,,6.2,100.0,Tier 2 - Emerging,,,,,,0.0,
272,West Tripura,Tripura,0.0,,6.2,100.0,Tier 2 - Emerging,,,,,,0.0,
504,Y.S.R.,Andhra Pradesh,31.28,,66.2,100.0,Tier 2 - Emerging,32.53,60.52,,1.98,,0.0,
667,Agar-Malwa,Madhya Pradesh,0.62,,16.6,100.0,Tier 2 - Emerging,,,,0.99,,0.0,
118,Agra,Uttar Pradesh,0.0,,6.2,100.0,Tier 2 - Emerging,,,,,,0.0,
86,Ajmer,Rajasthan,0.0,,6.2,100.0,Tier 2 - Emerging,,,,,,0.0,
664,Alipurduar,West Bengal,0.0,,6.2,100.0,Tier 2 - Emerging,,,,,,0.0,
45,Almora,Uttarakhand,0.0,,6.2,100.0,Tier 2 - Emerging,,,,,,0.0,
58,Ambala,Haryana,0.0,,6.2,100.0,Tier 2 - Emerging,,,,,,0.0,
468,Amravati,Maharashtra,1.61,,16.6,100.0,Tier 2 - Emerging,,,,2.57,,0.0,
439,Amreli,Gujarat,0.0,,6.2,100.0,Tier 2 - Emerging,,,,,,0.0,
1,Anantnag,Jammu And Kashmir,0.0,,6.2,100.0,Tier 2 - Emerging,,,,,,0.0,
753,Annamayya,Andhra Pradesh,31.19,,66.2,100.0,Tier 2 - Emerging,32.53,60.52,,1.39,,0.0,
616,Baksa,Assam,100.0,,6.2,100.0,Tier 1 - Established,,,,,,100.0,
346,Baleshwar,Odisha,0.12,,16.6,100.0,Tier 2 - Emerging,,,,0.2,,0.0,
126,Ballia,Uttar Pradesh,0.0,,6.2,100.0,Tier 2 - Emerging,,,,,,0.0,
644,Balodabazar-Bhatapara,Chhattisgarh,23.57,,55.8,100.0,Tier 2 - Emerging,28.74,21.74,,,,0.0,
128,Banda,Uttar Pradesh,0.0,,6.2,100.0,Tier 2 - Emerging,,,,,,0.0,
190,Banka,Bihar,100.0,,6.2,100.0,Tier 1 - Established,,,,,,100.0,
305,Bankura,West Bengal,0.0,,6.2,100.0,Tier 2 - Emerging,,,,,,0.0,
3,Baramulla,Jammu And Kashmir,100.0,,6.2,100.0,Tier 1 - Established,,,,,,100.0,
130,Bareilly,Uttar Pradesh,0.0,,6.2,100.0,Tier 2 - Emerging,,,,,,0.0,
393,Barwani,Madhya Pradesh,38.77,,16.6,100.0,Tier 1 - Established,,,,1.98,,100.0,
28,Bathinda,Punjab,0.0,,6.2,100.0,Tier 2 - Emerging,,,,,,0.0,
191,Begusarai,Bihar,100.0,,6.2,100.0,Tier 1 - Established,,,,,,100.0,
527,Belagavi,Karnataka,23.87,,66.2,100.0,Tier 2 - Emerging,27.61,36.77,,6.53,,0.0,
192,Bhagalpur,Bihar,0.0,,6.2,100.0,Tier 2 - Emerging,,,,,,0.0,
375,Bilaspur,Chhattisgarh,23.57,,55.8,100.0,Tier 2 - Emerging,28.74,21.74,,,,0.0,
252,Bishnupur,Manipur,0.0,,6.2,100.0,Tier 2 - Emerging,,,,,,0.0,
705,Biswanath,Assam,0.0,,6.2,100.0,Tier 2 - Emerging,,,,,,0.0,
133,Budaun,Uttar Pradesh,0.0,,6.2,100.0,Tier 2 - Emerging,,,,,,0.0,
134,Bulandshahr,Uttar Pradesh,0.0,,6.2,100.0,Tier 2 - Emerging,,,,,,0.0,
94,Bundi,Rajasthan,0.0,,6.2,100.0,Tier 2 - Emerging,,,,,,0.0,
282,Cachar,Assam,0.0,,6.2,100.0,Tier 2 - Emerging,,,,,,0.0,
531,Chamarajanagara,Karnataka,19.78,,66.2,100.0,Tier 2 - Emerging,27.03,23.06,,2.97,,0.0,
48,Champawat,Uttarakhand,0.0,,6.2,100.0,Tier 2 - Emerging,,,,,,0.0,
708,Charaideo,Assam,0.0,,6.2,100.0,Tier 2 - Emerging,,,,,,0.0,
568,Chennai,Tamil Nadu,60.63,,66.2,100.0,Tier 1 - Established,67.48,79.55,,46.14,,0.0,
612,Chirang,Assam,0.0,,6.2,100.0,Tier 2 - Emerging,,,,,,0.0,
569,Coimbatore,Tamil Nadu,50.32,,66.2,100.0,Tier 1 - Established,61.6,64.25,,22.57,,0.0,
401,Datia,Madhya Pradesh,0.62,,16.6,100.0,Tier 2 - Emerging,,,,0.99,,0.0,
325,Dhanbad,Jharkhand,0.0,,6.2,100.0,Tier 2 - Emerging,,,,,,0.0,
571,Dharmapuri,Tamil Nadu,44.62,,66.2,100.0,Tier 1 - Established,62.83,48.99,,5.15,,0.0,
536,Dharwad,Karnataka,30.46,,66.2,100.0,Tier 2 - Emerging,31.25,55.21,,8.91,,0.0,
98,Dholpur,Rajasthan,100.0,,6.2,100.0,Tier 1 - Established,,,,,,100.0,
286,Dibrugarh,Assam,0.0,,6.2,100.0,Tier 2 - Emerging,,,,,,0.0,
378,Durg,Chhattisgarh,23.57,,55.8,100.0,Tier 2 - Emerging,28.74,21.74,,,,0.0,
273,East Garo Hills,Meghalaya,0.0,,6.2,100.0,Tier 2 - Emerging,,,,,,0.0,
29,Faridkot,Punjab,0.0,,6.2,100.0,Tier 2 - Emerging,,,,,,0.0,
30,Fatehgarh Sahib,Punjab,0.0,,6.2,100.0,Tier 2 - Emerging,,,,,,0.0,
354,Ganjam,Odisha,0.12,,16.6,100.0,Tier 2 - Emerging,,,,0.2,,0.0,
144,Gautam Buddha Nagar,Uttar Pradesh,0.0,,6.2,100.0,Tier 2 - Emerging,,,,,,0.0,
146,Ghazipur,Uttar Pradesh,0.0,,6.2,100.0,Tier 2 - Emerging,,,,,,0.0,
330,Godda,Jharkhand,100.0,,6.2,100.0,Tier 1 - Established,,,,,,100.0,
62,Gurugram,Haryana,0.0,,6.2,100.0,Tier 2 - Emerging,,,,,,0.0,
661,Hapur,Uttar Pradesh,0.0,,6.2,100.0,Tier 2 - Emerging,,,,,,0.0,
163,Hathras,Uttar Pradesh,0.0,,6.2,100.0,Tier 2 - Emerging,,,,,,0.0,
540,Haveri,Karnataka,27.98,,66.2,100.0,Tier 2 - Emerging,28.71,48.92,,10.89,,0.0,
63,Hisar,Haryana,0.0,,6.2,100.0,Tier 2 - Emerging,,,,,,0.0,
726,Hnahthial,Mizoram,0.0,,6.2,100.0,Tier 2 - Emerging,,,,,,0.0,
507,Hyderabad,Telangana,53.17,,66.2,100.0,Tier 1 - Established,65.87,78.54,,5.35,,0.0,
151,Jalaun,Uttar Pradesh,0.0,,6.2,100.0,Tier 2 - Emerging,,,,,,0.0,
479,Jalna,Maharashtra,3.71,,16.6,100.0,Tier 2 - Emerging,,,,5.94,,0.0,
447,Jamnagar,Gujarat,0.0,,6.2,100.0,Tier 2 - Emerging,,,,,,0.0,
380,Jashpur,Chhattisgarh,23.57,,55.8,100.0,Tier 2 - Emerging,28.74,21.74,,,,0.0,
412,Jhabua,Madhya Pradesh,0.49,,16.6,100.0,Tier 2 - Emerging,,,,0.79,,0.0,
65,Jind,Haryana,0.0,,6.2,100.0,Tier 2 - Emerging,,,,,,0.0,
713,Jiribam,Manipur,0.0,,6.2,100.0,Tier 2 - Emerging,,,,,,0.0,
107,Jodhpur,Rajasthan,0.0,,6.2,100.0,Tier 2 - Emerging,,,,,,0.0,
778,Jodhpur (Gramin),Rajasthan,0.0,,6.2,100.0,Tier 2 - Emerging,,,,,,0.0,
290,Jorhat,Assam,0.0,,6.2,100.0,Tier 2 - Emerging,,,,,,0.0,
449,Kachchh,Gujarat,0.0,,6.2,100.0,Tier 2 - Emerging,,,,,,0.0,
746,Kakinada,Andhra Pradesh,31.16,,66.2,100.0,Tier 2 - Emerging,32.53,60.52,,1.19,,0.0,
358,Kalahandi,Odisha,37.65,,16.6,100.0,Tier 1 - Established,,,,0.2,,100.0,
729,Kallakurichi,Tamil Nadu,46.35,,66.2,100.0,Tier 1 - Established,64.1,55.44,,2.38,,0.0,
685,Kamareddy,Telangana,50.54,,66.2,100.0,Tier 1 - Established,67.28,67.7,,0.2,,0.0,
618,Kamrup Metro,Assam,0.0,,6.2,100.0,Tier 2 - Emerging,,,,,,0.0,
557,Kannur,Kerala,53.3,,66.2,100.0,Tier 1 - Established,61.42,77.96,,21.58,,0.0,
157,Kanpur Nagar,Uttar Pradesh,0.0,,6.2,100.0,Tier 2 - Emerging,,,,,,0.0,
35,Kapurthala,Punjab,0.0,,6.2,100.0,Tier 2 - Emerging,,,,,,0.0,
6,Kargil,Ladakh,0.0,,6.2,100.0,Tier 2 - Emerging,,,,,,0.0,
576,Karur,Tamil Nadu,50.96,,66.2,100.0,Tier 1 - Established,71.32,58.07,,4.16,,0.0,
7,Kathua,Jammu And Kashmir,0.0,,6.2,100.0,Tier 2 - Emerging,,,,,,0.0,
770,Khairthal-Tijara,Rajasthan,0.0,,6.2,100.0,Tier 2 - Emerging,,,,,,0.0,
405,Khandwa (East Nimar),Madhya Pradesh,0.87,,16.6,100.0,Tier 2 - Emerging,,,,1.39,,0.0,
542,Kolar,Karnataka,25.81,,66.2,100.0,Tier 2 - Emerging,24.44,53.5,,4.16,,0.0,
699,Kumuram Bheem Asifabad,Telangana,44.7,,66.2,100.0,Tier 1 - Established,62.45,53.07,,0.79,,0.0,
264,Lawngtlai,Mizoram,0.0,,6.2,100.0,Tier 2 - Emerging,,,,,,0.0,
336,Lohardaga,Jharkhand,100.0,,6.2,100.0,Tier 1 - Established,,,,,,100.0,
235,Lower Dibang Valley,Arunachal Pradesh,0.0,,6.2,100.0,Tier 2 - Emerging,,,,,,0.0,
719,Lower Siang,Arunachal Pradesh,0.0,,6.2,100.0,Tier 2 - Emerging,,,,,,0.0,
165,Mahoba,Uttar Pradesh,0.0,,6.2,100.0,Tier 2 - Emerging,,,,,,0.0,
415,Mandla,Madhya Pradesh,1.11,,16.6,100.0,Tier 2 - Emerging,,,,1.78,,0.0,
735,Mayiladuthurai,Tamil Nadu,46.6,,66.2,100.0,Tier 1 - Established,64.1,55.44,,3.96,,0.0,
513,Medak,Telangana,51.04,,66.2,100.0,Tier 1 - Established,65.94,72.74,,0.2,,0.0,
170,Mirzapur,Uttar Pradesh,0.0,,6.2,100.0,Tier 2 - Emerging,,,,,,0.0,
246,Mokokchung,Nagaland,0.0,,6.2,100.0,Tier 2 - Emerging,,,,,,0.0,
171,Moradabad,Uttar Pradesh,0.0,,6.2,100.0,Tier 2 - Emerging,,,,,,0.0,
673,Morbi,Gujarat,0.0,,6.2,100.0,Tier 2 - Emerging,,,,,,0.0,
482,Mumbai,Maharashtra,9.53,,16.6,100.0,Tier 2 - Emerging,,,,15.25,,0.0,
483,Mumbai Suburban,Maharashtra,4.08,,16.6,100.0,Tier 2 - Emerging,,,,6.53,,0.0,
694,Nagarkurnool,Telangana,49.27,,66.2,100.0,Tier 1 - Established,61.07,75.75,,0.4,,0.0,
209,Nalanda,Bihar,0.0,,6.2,100.0,Tier 2 - Emerging,,,,,,0.0,
514,Nalgonda,Telangana,49.8,,66.2,100.0,Tier 1 - Established,62.08,75.76,,0.4,,0.0,
210,Nawada,Bihar,100.0,,6.2,100.0,Tier 1 - Established,,,,,,100.0,
80,North,Delhi,0.0,,6.2,100.0,Tier 2 - Emerging,,,,,,0.0,
82,North West,Delhi,0.0,,6.2,100.0,Tier 2 - Emerging,,,,,,0.0,
237,Papum Pare,Arunachal Pradesh,0.0,,6.2,100.0,Tier 2 - Emerging,,,,,,0.0,
564,Pathanamthitta,Kerala,56.22,,66.2,100.0,Tier 1 - Established,69.45,78.93,,12.48,,0.0,
456,Porbandar,Gujarat,0.0,,6.2,100.0,Tier 2 - Emerging,,,,,,0.0,
120,Prayagraj,Uttar Pradesh,0.0,,6.2,100.0,Tier 2 - Emerging,,,,,,0.0,
175,Rae Bareli,Uttar Pradesh,0.0,,6.2,100.0,Tier 2 - Emerging,,,,,,0.0,
546,Raichur,Karnataka,28.62,,66.2,100.0,Tier 2 - Emerging,22.26,28.13,,7.33,,100.0,
683,Rajanna Sircilla,Telangana,47.7,,66.2,100.0,Tier 1 - Established,57.61,76.73,,0.2,,0.0,
621,Ramban,Jammu And Kashmir,0.0,,6.2,100.0,Tier 2 - Emerging,,,,,,0.0,
423,Ratlam,Madhya Pradesh,2.97,,16.6,100.0,Tier 2 - Emerging,,,,4.75,,0.0,
72,Rewari,Haryana,0.0,,6.2,100.0,Tier 2 - Emerging,,,,,,0.0,
276,Ri Bhoi,Meghalaya,100.0,,6.2,100.0,Tier 1 - Established,,,,,,100.0,
73,Rohtak,Haryana,0.0,,6.2,100.0,Tier 2 - Emerging,,,,,,0.0,
624,Samba,Jammu And Kashmir,0.0,,6.2,100.0,Tier 2 - Emerging,,,,,,0.0,
371,Sambalpur,Odisha,0.12,,16.6,100.0,Tier 2 - Emerging,,,,0.2,,0.0,
493,Sangli,Maharashtra,3.71,,16.6,100.0,Tier 2 - Emerging,,,,5.94,,0.0,
427,Sehore,Madhya Pradesh,1.48,,16.6,100.0,Tier 2 - Emerging,,,,2.38,,0.0,
257,Senapati,Manipur,0.0,,6.2,100.0,Tier 2 - Emerging,,,,,,0.0,
780,Shahpura,Rajasthan,0.0,,6.2,100.0,Tier 2 - Emerging,,,,,,0.0,
219,Sheikhpura,Bihar,100.0,,6.2,100.0,Tier 1 - Established,,,,,,100.0,
679,Siang,Arunachal Pradesh,0.0,,6.2,100.0,Tier 2 - Emerging,,,,,,0.0,
692,Siddipet,Telangana,49.63,,66.2,100.0,Tier 1 - Established,60.84,77.63,,0.59,,0.0,
24,Sirmaur,Himachal Pradesh,0.0,,6.2,100.0,Tier 2 - Emerging,,,,,,0.0,
300,Sivasagar,Assam,0.0,,6.2,100.0,Tier 2 - Emerging,,,,,,0.0,
301,Sonitpur,Assam,0.0,,6.2,100.0,Tier 2 - Emerging,,,,,,0.0,
271,South Tripura,Tripura,0.0,,6.2,100.0,Tier 2 - Emerging,,,,,,0.0,
185,Sultanpur,Uttar Pradesh,0.0,,6.2,100.0,Tier 2 - Emerging,,,,,,0.0,
373,Sundargarh,Odisha,0.12,,16.6,100.0,Tier 2 - Emerging,,,,0.2,,0.0,
459,Surat,Gujarat,0.0,,6.2,100.0,Tier 2 - Emerging,,,,,,0.0,
460,Surendranagar,Gujarat,0.0,,6.2,100.0,Tier 2 - Emerging,,,,,,0.0,
594,Thoothukkudi,Tamil Nadu,44.7,,66.2,100.0,Tier 1 - Established,61.61,52.42,,4.55,,0.0,
566,Thrissur,Kerala,61.97,,66.2,100.0,Tier 1 - Established,68.43,83.95,,44.95,,0.0,
752,Tirupati,Andhra Pradesh,31.53,,66.2,100.0,Tier 2 - Emerging,32.53,60.52,,3.56,,0.0,
249,Tuensang,Nagaland,0.0,,6.2,100.0,Tier 2 - Emerging,,,,,,0.0,
56,Udam Singh Nagar,Uttarakhand,100.0,,6.2,100.0,Tier 1 - Established,,,,,,100.0,
14,Udhampur,Jammu And Kashmir,0.0,,6.2,100.0,Tier 2 - Emerging,,,,,,0.0,
435,Ujjain,Madhya Pradesh,3.34,,16.6,100.0,Tier 2 - Emerging,,,,5.35,,0.0,
186,Unnao,Uttar Pradesh,0.0,,6.2,100.0,Tier 2 - Emerging,,,,,,0.0,
311,Uttar Dinajpur,West Bengal,0.0,,6.2,100.0,Tier 2 - Emerging,,,,,,0.0,
595,Vellore,Tamil Nadu,51.5,,66.2,100.0,Tier 1 - Established,68.31,63.6,,9.11,,0.0,
693,Wanaparthy,Telangana,49.7,,66.2,100.0,Tier 1 - Established,61.83,75.62,,0.79,,0.0,
523,West Godavari,Andhra Pradesh,34.14,,66.2,100.0,Tier 1 - Established,34.25,68.08,,3.17,,0.0,
242,West Kameng,Arunachal Pradesh,0.0,,6.2,100.0,Tier 2 - Emerging,,,,,,0.0,
76,Yamunanagar,Haryana,0.0,,6.2,100.0,Tier 2 - Emerging,,,,,,0.0,
500,Yavatmal,Maharashtra,1.61,,16.6,100.0,Tier 2 - Emerging,,,,2.57,,0.0,
466,Ahmednagar,Maharashtra,1.61,,16.6,100.0,Tier 2 - Emerging,,,,2.57,,0.0,
745,Alluri Sitharama Raju,Andhra Pradesh,40.54,,66.2,100.0,Tier 1 - Established,32.53,60.52,,0.99,,100.0,
154,Amroha,Uttar Pradesh,0.0,,6.2,100.0,Tier 2 - Emerging,,,,,,0.0,
744,Anakapalli,Andhra Pradesh,31.19,,66.2,100.0,Tier 2 - Emerging,32.53,60.52,,1.39,,0.0,
628,Anjaw,Arunachal Pradesh,0.0,,6.2,100.0,Tier 2 - Emerging,,,,,,0.0,
776,Anupgarh,Rajasthan,0.0,,6.2,100.0,Tier 2 - Emerging,,,,,,0.0,
122,Auraiya,Uttar Pradesh,0.0,,6.2,100.0,Tier 2 - Emerging,,,,,,0.0,
140,Ayodhya,Uttar Pradesh,0.0,,6.2,100.0,Tier 2 - Emerging,,,,,,0.0,
739,Bajali,Assam,0.0,,6.2,100.0,Tier 2 - Emerging,,,,,,0.0,
345,Balangir,Odisha,37.65,,16.6,100.0,Tier 1 - Established,,,,0.2,,100.0,
129,Bara Banki,Uttar Pradesh,0.0,,6.2,100.0,Tier 2 - Emerging,,,,,,0.0,
690,Bhadradri Kothagudem,Telangana,58.59,,66.2,100.0,Tier 1 - Established,62.13,72.88,,0.59,,100.0,
91,Bharatpur,Rajasthan,0.0,,6.2,100.0,Tier 2 - Emerging,,,,,,0.0,
193,Bhojpur,Bihar,0.0,,6.2,100.0,Tier 2 - Emerging,,,,,,0.0,
93,Bikaner,Rajasthan,0.0,,6.2,100.0,Tier 2 - Emerging,,,,,,0.0,
307,Birbhum,West Bengal,0.0,,6.2,100.0,Tier 2 - Emerging,,,,,,0.0,
701,Charki Dadri,Haryana,0.0,,6.2,100.0,Tier 2 - Emerging,,,,,,0.0,
630,Chikkaballapura,Karnataka,24.73,,66.2,100.0,Tier 2 - Emerging,28.57,39.9,,4.16,,0.0,
503,Chittoor,Andhra Pradesh,29.41,,66.2,100.0,Tier 2 - Emerging,31.42,54.48,,2.77,,0.0,
376,Dakshin Bastar Dantewada,Chhattisgarh,23.57,,55.8,100.0,Tier 2 - Emerging,28.74,21.74,,,,0.0,
283,Darrang,Assam,100.0,,6.2,100.0,Tier 1 - Established,,,,,,100.0,
49,Dehradun,Uttarakhand,0.0,,6.2,100.0,Tier 2 - Emerging,,,,,,0.0,
351,Deogarh,Odisha,0.12,,16.6,100.0,Tier 2 - Emerging,,,,0.2,,0.0,
284,Dhemaji,Assam,0.0,,6.2,100.0,Tier 2 - Emerging,,,,,,0.0,
285,Dhubri,Assam,100.0,,6.2,100.0,Tier 1 - Established,,,,,,100.0,
230,Dibang Valley,Arunachal Pradesh,0.0,,6.2,100.0,Tier 2 - Emerging,,,,,,0.0,
768,Didwana-Kuchaman,Rajasthan,0.0,,6.2,100.0,Tier 2 - Emerging,,,,,,0.0,
244,Dimapur,Nagaland,0.0,,6.2,100.0,Tier 2 - Emerging,,,,,,0.0,
572,Dindigul,Tamil Nadu,48.63,,66.2,100.0,Tier 1 - Established,70.77,46.24,,8.91,,0.0,
464,Diu,The Dadra And Nagar Haveli And Daman And Diu,0.0,,30.9,100.0,Tier 2 - Emerging,,,0.0,,,0.0,
4,Doda,Jammu And Kashmir,0.0,,6.2,100.0,Tier 2 - Emerging,,,,,,0.0,
99,Dungarpur,Rajasthan,0.0,,6.2,100.0,Tier 2 - Emerging,,,,,,0.0,
232,East Siang,Arunachal Pradesh,0.0,,6.2,100.0,Tier 2 - Emerging,,,,,,0.0,
555,Ernakulam,Kerala,59.05,,66.2,100.0,Tier 1 - Established,61.31,86.94,,45.15,,0.0,
138,Etah,Uttar Pradesh,0.0,,6.2,100.0,Tier 2 - Emerging,,,,,,0.0,
141,Farrukhabad,Uttar Pradesh,0.0,,6.2,100.0,Tier 2 - Emerging,,,,,,0.0,
61,Fatehabad,Haryana,0.0,,6.2,100.0,Tier 2 - Emerging,,,,,,0.0,
142,Fatehpur,Uttar Pradesh,100.0,,6.2,100.0,Tier 1 - Established,,,,,,100.0,
537,Gadag,Karnataka,23.32,,66.2,100.0,Tier 2 - Emerging,30.72,29.64,,3.56,,0.0,
771,Gangapurcity,Rajasthan,0.0,,6.2,100.0,Tier 2 - Emerging,,,,,,0.0,
225,Gangtok,Sikkim,0.0,,6.2,100.0,Tier 2 - Emerging,,,,,,0.0,
145,Ghaziabad,Uttar Pradesh,0.0,,6.2,100.0,Tier 2 - Emerging,,,,,,0.0,
147,Gonda,Uttar Pradesh,0.0,,6.2,100.0,Tier 2 - Emerging,,,,,,0.0,
197,Gopalganj,Bihar,0.0,,6.2,100.0,Tier 2 - Emerging,,,,,,0.0,
32,Gurdaspur,Punjab,0.0,,6.2,100.0,Tier 2 - Emerging,,,,,,0.0,
407,Gwalior,Madhya Pradesh,4.21,,16.6,100.0,Tier 2 - Emerging,,,,6.73,,0.0,
289,Hailakandi,Assam,100.0,,6.2,100.0,Tier 1 - Established,,,,,,100.0,
101,Hanumangarh,Rajasthan,0.0,,6.2,100.0,Tier 2 - Emerging,,,,,,0.0,
150,Hardoi,Uttar Pradesh,0.0,,6.2,100.0,Tier 2 - Emerging,,,,,,0.0,
332,Hazaribagh,Jharkhand,100.0,,6.2,100.0,Tier 1 - Established,,,,,,100.0,
477,Hingoli,Maharashtra,1.11,,16.6,100.0,Tier 2 - Emerging,,,,1.78,,0.0,
681,Jagitial,Telangana,49.57,,66.2,100.0,Tier 1 - Established,61.83,73.1,,3.76,,0.0,
356,Jajapur,Odisha,0.12,,16.6,100.0,Tier 2 - Emerging,,,,0.2,,0.0,
333,Jamtara,Jharkhand,0.0,,6.2,100.0,Tier 2 - Emerging,,,,,,0.0,
198,Jamui,Bihar,100.0,,6.2,100.0,Tier 1 - Established,,,,,,100.0,
379,Janjgir-Champa,Chhattisgarh,23.57,,55.8,100.0,Tier 2 - Emerging,28.74,21.74,,,,0.0,
199,Jehanabad,Bihar,0.0,,6.2,100.0,Tier 2 - Emerging,,,,,,0.0,
703,Jhargram,West Bengal,0.0,,6.2,100.0,Tier 2 - Emerging,,,,,,0.0,
200,Kaimur (Bhabua),Bihar,0.0,,6.2,100.0,Tier 2 - Emerging,,,,,,0.0,
574,Kancheepuram,Tamil Nadu,48.96,,66.2,100.0,Tier 1 - Established,62.73,67.38,,5.54,,0.0,
359,Kandhamal,Odisha,37.65,,16.6,100.0,Tier 1 - Established,,,,0.2,,100.0,
18,Kangra,Himachal Pradesh,0.0,,6.2,100.0,Tier 2 - Emerging,,,,,,0.0,
155,Kannauj,Uttar Pradesh,0.0,,6.2,100.0,Tier 2 - Emerging,,,,,,0.0,
67,Karnal,Haryana,0.0,,6.2,100.0,Tier 2 - Emerging,,,,,,0.0,
633,Kasganj,Uttar Pradesh,0.0,,6.2,100.0,Tier 2 - Emerging,,,,,,0.0,
413,Katni,Madhya Pradesh,1.24,,16.6,100.0,Tier 2 - Emerging,,,,1.98,,0.0,
202,Khagaria,Bihar,100.0,,6.2,100.0,Tier 1 - Established,,,,,,100.0,
19,Kinnaur,Himachal Pradesh,0.0,,6.2,100.0,Tier 2 - Emerging,,,,,,0.0,
614,Kiphire,Nagaland,100.0,,6.2,100.0,Tier 1 - Established,,,,,,100.0,
203,Kishanganj,Bihar,0.0,,6.2,100.0,Tier 2 - Emerging,,,,,,0.0,
334,Koderma,Jharkhand,0.0,,6.2,100.0,Tier 2 - Emerging,,,,,,0.0,
543,Koppal,Karnataka,28.29,,66.2,100.0,Tier 2 - Emerging,33.11,44.05,,5.74,,0.0,
782,Kotputli-Behror,Rajasthan,0.0,,6.2,100.0,Tier 2 - Emerging,,,,,,0.0,
560,Kottayam,Kerala,58.43,,66.2,100.0,Tier 1 - Established,67.52,85.39,,23.17,,0.0,
561,Kozhikode,Kerala,56.85,,66.2,100.0,Tier 1 - Established,60.89,87.36,,31.88,,0.0,
510,Krishna,Andhra Pradesh,33.76,,66.2,100.0,Tier 2 - Emerging,33.38,69.17,,1.98,,0.0,
622,Kulgam,Jammu And Kashmir,0.0,,6.2,100.0,Tier 2 - Emerging,,,,,,0.0,
8,Kupwara,Jammu And Kashmir,100.0,,6.2,100.0,Tier 1 - Established,,,,,,100.0,
511,Kurnool,Andhra Pradesh,34.72,,66.2,100.0,Tier 1 - Established,36.55,64.62,,4.55,,0.0,
204,Lakhisarai,Bihar,0.0,,6.2,100.0,Tier 2 - Emerging,,,,,,0.0,
481,Latur,Maharashtra,5.81,,16.6,100.0,Tier 2 - Emerging,,,,9.31,,0.0,
265,Lunglei,Mizoram,0.0,,6.2,100.0,Tier 2 - Emerging,,,,,,0.0,
688,Mahabubabad,Telangana,47.54,,66.2,100.0,Tier 1 - Established,59.33,71.5,,1.39,,0.0,
451,Mahesana,Gujarat,0.0,,6.2,100.0,Tier 2 - Emerging,,,,,,0.0,
164,Mahrajganj,Uttar Pradesh,0.0,,6.2,100.0,Tier 2 - Emerging,,,,,,0.0,
266,Mamit,Mizoram,100.0,,6.2,100.0,Tier 1 - Established,,,,,,100.0,
22,Mandi,Himachal Pradesh,0.0,,6.2,100.0,Tier 2 - Emerging,,,,,,0.0,
760,Manendragarh-Chirmiri-Bharatpur(M C B),Chhattisgarh,23.57,,55.8,100.0,Tier 2 - Emerging,28.74,21.74,,,,0.0,
365,Mayurbhanj,Odisha,0.12,,16.6,100.0,Tier 2 - Emerging,,,,0.2,,0.0,
700,Medchal Malkajgiri,Telangana,51.03,,66.2,100.0,Tier 1 - Established,59.84,80.73,,8.12,,0.0,
417,Morena,Madhya Pradesh,0.87,,16.6,100.0,Tier 2 - Emerging,,,,1.39,,0.0,
319,Murshidabad,West Bengal,0.0,,6.2,100.0,Tier 2 - Emerging,,,,,,0.0,
366,Nabarangpur,Odisha,37.65,,16.6,100.0,Tier 1 - Established,,,,0.2,,100.0,
320,Nadia,West Bengal,0.0,,6.2,100.0,Tier 2 - Emerging,,,,,,0.0,
485,Nanded,Maharashtra,3.59,,16.6,100.0,Tier 2 - Emerging,,,,5.74,,0.0,
486,Nandurbar,Maharashtra,37.9,,16.6,100.0,Tier 1 - Established,,,,0.59,,100.0,
721,Narayanpet,Telangana,49.09,,66.2,100.0,Tier 1 - Established,62.12,72.81,,0.2,,0.0,
418,Narsimhapur,Madhya Pradesh,1.61,,16.6,100.0,Tier 2 - Emerging,,,,2.57,,0.0,
419,Neemuch,Madhya Pradesh,1.48,,16.6,100.0,Tier 2 - Emerging,,,,2.38,,0.0,
603,Nicobars,Andaman And Nicobar Islands,0.0,,6.2,100.0,Tier 2 - Emerging,,,,,,0.0,
680,Nirmal,Telangana,44.56,,66.2,100.0,Tier 1 - Established,58.51,61.03,,0.79,,0.0,
722,Niwari,Madhya Pradesh,0.25,,16.6,100.0,Tier 2 - Emerging,,,,0.4,,0.0,
516,Nizamabad,Telangana,48.92,,66.2,100.0,Tier 1 - Established,62.57,68.98,,3.37,,0.0,
736,Noklak,Nagaland,0.0,,6.2,100.0,Tier 2 - Emerging,,,,,,0.0,
551,North Goa,Goa,48.1,,66.2,100.0,Tier 1 - Established,63.32,64.95,,1.78,,0.0,
723,Pakke Kessang,Arunachal Pradesh,0.0,,6.2,100.0,Tier 2 - Emerging,,,,,,0.0,
337,Pakur,Jharkhand,100.0,,6.2,100.0,Tier 1 - Established,,,,,,100.0,
785,Pandhurna,Madhya Pradesh,0.12,,16.6,100.0,Tier 2 - Emerging,,,,0.2,,0.0,
489,Parbhani,Maharashtra,2.1,,16.6,100.0,Tier 2 - Emerging,,,,3.37,,0.0,
704,Paschim Bardhaman,West Bengal,0.0,,6.2,100.0,Tier 2 - Emerging,,,,,,0.0,
318,Paschim Medinipur,West Bengal,0.0,,6.2,100.0,Tier 2 - Emerging,,,,,,0.0,
41,Patiala,Punjab,0.0,,6.2,100.0,Tier 2 - Emerging,,,,,,0.0,
212,Patna,Bihar,0.0,,6.2,100.0,Tier 2 - Emerging,,,,,,0.0,
682,Peddapalli,Telangana,49.38,,66.2,100.0,Tier 1 - Established,61.8,74.33,,0.79,,0.0,
10,Poonch,Jammu And Kashmir,0.0,,6.2,100.0,Tier 2 - Emerging,,,,,,0.0,
174,Pratapgarh,Uttar Pradesh,0.0,,6.2,100.0,Tier 2 - Emerging,,,,,,0.0,
600,Puducherry,Puducherry,34.07,,90.9,100.0,Tier 1 - Established,62.43,58.83,0.0,5.54,,0.0,
11,Pulwama,Jammu And Kashmir,0.0,,6.2,100.0,Tier 2 - Emerging,,,,,,0.0,
490,Pune,Maharashtra,6.8,,16.6,100.0,Tier 2 - Emerging,,,,10.89,,0.0,
491,Raigad,Maharashtra,1.48,,16.6,100.0,Tier 2 - Emerging,,,,2.38,,0.0,
386,Raigarh,Chhattisgarh,23.57,,55.8,100.0,Tier 2 - Emerging,28.74,21.74,,,,0.0,
387,Raipur,Chhattisgarh,23.57,,55.8,100.0,Tier 2 - Emerging,28.74,21.74,,,,0.0,
422,Rajgarh,Madhya Pradesh,38.52,,16.6,100.0,Tier 1 - Established,,,,1.58,,100.0,
12,Rajouri,Jammu And Kashmir,0.0,,6.2,100.0,Tier 2 - Emerging,,,,,,0.0,
54,Rudra Prayag,Uttarakhand,0.0,,6.2,100.0,Tier 2 - Emerging,,,,,,0.0,
458,Sabar Kantha,Gujarat,0.0,,6.2,100.0,Tier 2 - Emerging,,,,,,0.0,
177,Saharanpur,Uttar Pradesh,0.0,,6.2,100.0,Tier 2 - Emerging,,,,,,0.0,
727,Saitual,Mizoram,0.0,,6.2,100.0,Tier 2 - Emerging,,,,,,0.0,
584,Salem,Tamil Nadu,47.73,,66.2,100.0,Tier 1 - Established,62.96,56.93,,12.67,,0.0,
777,Salumbar,Rajasthan,0.0,,6.2,100.0,Tier 2 - Emerging,,,,,,0.0,
659,Sambhal,Uttar Pradesh,0.0,,6.2,100.0,Tier 2 - Emerging,,,,,,0.0,
691,Sangareddy,Telangana,47.31,,66.2,100.0,Tier 1 - Established,60.96,66.85,,1.58,,0.0,
218,Saran,Bihar,0.0,,6.2,100.0,Tier 2 - Emerging,,,,,,0.0,
763,Sarangarh-Bilaigarh,Chhattisgarh,23.57,,55.8,100.0,Tier 2 - Emerging,28.74,21.74,,,,0.0,
426,Satna,Madhya Pradesh,0.87,,16.6,100.0,Tier 2 - Emerging,,,,1.39,,0.0,
671,Shahdara,Delhi,0.0,,6.2,100.0,Tier 2 - Emerging,,,,,,0.0,
765,Shamator,Nagaland,0.0,,6.2,100.0,Tier 2 - Emerging,,,,,,0.0,
660,Shamli,Uttar Pradesh,0.0,,6.2,100.0,Tier 2 - Emerging,,,,,,0.0,
23,Shimla,Himachal Pradesh,0.0,,6.2,100.0,Tier 2 - Emerging,,,,,,0.0,
547,Shivamogga,Karnataka,28.27,,66.2,100.0,Tier 2 - Emerging,28.03,51.77,,10.69,,0.0,
725,Shi Yomi,Arunachal Pradesh,0.0,,6.2,100.0,Tier 2 - Emerging,,,,,,0.0,
267,Siaha,Mizoram,0.0,,6.2,100.0,Tier 2 - Emerging,,,,,,0.0,
221,Sitamarhi,Bihar,100.0,,6.2,100.0,Tier 1 - Established,,,,,,100.0,
75,Sonipat,Haryana,0.0,,6.2,100.0,Tier 2 - Emerging,,,,,,0.0,
602,South Andamans,Andaman And Nicobar Islands,0.0,,6.2,100.0,Tier 2 - Emerging,,,,,,0.0,
277,South Garo Hills,Meghalaya,0.0,,6.2,100.0,Tier 2 - Emerging,,,,,,0.0,
658,South West Khasi Hills,Meghalaya,0.0,,6.2,100.0,Tier 2 - Emerging,,,,,,0.0,
39,Sri Muktsar Sahib,Punjab,0.0,,6.2,100.0,Tier 2 - Emerging,,,,,,0.0,
13,Srinagar,Jammu And Kashmir,0.0,,6.2,100.0,Tier 2 - Emerging,,,,,,0.0,
515,Sri Potti Sriramulu Nellore,Andhra Pradesh,29.98,,66.2,100.0,Tier 2 - Emerging,31.05,58.49,,1.58,,0.0,
754,Sri Sathya Sai,Andhra Pradesh,31.41,,66.2,100.0,Tier 2 - Emerging,32.53,60.52,,2.77,,0.0,
641,Tapi,Gujarat,0.0,,6.2,100.0,Tier 2 - Emerging,,,,,,0.0,
589,Thiruvallur,Tamil Nadu,53.34,,66.2,100.0,Tier 1 - Established,68.38,68.25,,13.66,,0.0,
259,Thoubal,Manipur,0.0,,6.2,100.0,Tier 2 - Emerging,,,,,,0.0,
592,Tirunelveli,Tamil Nadu,45.55,,66.2,100.0,Tier 1 - Established,63.49,49.3,,8.51,,0.0,
757,Tseminyu,Nagaland,0.0,,6.2,100.0,Tier 2 - Emerging,,,,,,0.0,
548,Tumakuru,Karnataka,29.1,,66.2,100.0,Tier 2 - Emerging,32.46,45.76,,10.5,,0.0,
436,Umaria,Madhya Pradesh,0.37,,16.6,100.0,Tier 2 - Emerging,,,,0.59,,0.0,
461,Vadodara,Gujarat,0.0,,6.2,100.0,Tier 2 - Emerging,,,,,,0.0,
224,Vaishali,Bihar,0.0,,6.2,100.0,Tier 2 - Emerging,,,,,,0.0,
462,Valsad,Gujarat,0.0,,6.2,100.0,Tier 2 - Emerging,,,,,,0.0,
596,Viluppuram,Tamil Nadu,44.62,,66.2,100.0,Tier 1 - Established,62.77,50.33,,3.37,,0.0,
520,Visakhapatnam,Andhra Pradesh,30.33,,66.2,100.0,Tier 2 - Emerging,30.06,61.19,,2.97,,0.0,
521,Vizianagaram,Andhra Pradesh,25.37,,66.2,100.0,Tier 2 - Emerging,26.91,47.55,,2.18,,0.0,
85,West,Delhi,0.0,,6.2,100.0,Tier 2 - Emerging,,,,,,0.0,
440,Anand,Gujarat,0.0,,6.2,100.0,Tier 2 - Emerging,,,,,,0.0,
502,Ananthapuramu,Andhra Pradesh,29.51,,66.2,100.0,Tier 2 - Emerging,30.0,58.12,,2.57,,0.0,
344,Anugul,Odisha,0.12,,16.6,100.0,Tier 2 - Emerging,,,,0.2,,0.0,
390,Anuppur,Madhya Pradesh,1.11,,16.6,100.0,Tier 2 - Emerging,,,,1.78,,0.0,
188,Araria,Bihar,100.0,,6.2,100.0,Tier 1 - Established,,,,,,100.0,
610,Ariyalur,Tamil Nadu,46.23,,66.2,100.0,Tier 1 - Established,64.1,55.44,,1.58,,0.0,
391,Ashoknagar,Madhya Pradesh,0.37,,16.6,100.0,Tier 2 - Emerging,,,,0.59,,0.0,
124,Baghpat,Uttar Pradesh,0.0,,6.2,100.0,Tier 2 - Emerging,,,,,,0.0,
392,Balaghat,Madhya Pradesh,1.11,,16.6,100.0,Tier 2 - Emerging,,,,1.78,,0.0,
775,Balotra,Rajasthan,0.0,,6.2,100.0,Tier 2 - Emerging,,,,,,0.0,
441,Banas Kantha,Gujarat,0.0,,6.2,100.0,Tier 2 - Emerging,,,,,,0.0,
88,Banswara,Rajasthan,0.0,,6.2,100.0,Tier 2 - Emerging,,,,,,0.0,
89,Baran,Rajasthan,100.0,,6.2,100.0,Tier 1 - Established,,,,,,100.0,
347,Bargarh,Odisha,0.12,,16.6,100.0,Tier 2 - Emerging,,,,0.2,,0.0,
131,Basti,Uttar Pradesh,0.0,,6.2,100.0,Tier 2 - Emerging,,,,,,0.0,
774,Beawar,Rajasthan,0.0,,6.2,100.0,Tier 2 - Emerging,,,,,,0.0,
526,Bengaluru Rural,Karnataka,30.93,,66.2,100.0,Tier 2 - Emerging,27.84,65.02,,8.32,,0.0,
442,Bharuch,Gujarat,0.0,,6.2,100.0,Tier 2 - Emerging,,,,,,0.0,
396,Bhopal,Madhya Pradesh,7.17,,16.6,100.0,Tier 2 - Emerging,,,,11.49,,0.0,
349,Boudh,Odisha,0.12,,16.6,100.0,Tier 2 - Emerging,,,,0.2,,0.0,
472,Buldhana,Maharashtra,3.46,,16.6,100.0,Tier 2 - Emerging,,,,5.54,,0.0,
397,Burhanpur,Madhya Pradesh,0.62,,16.6,100.0,Tier 2 - Emerging,,,,0.99,,0.0,
229,Changlang,Arunachal Pradesh,0.0,,6.2,100.0,Tier 2 - Emerging,,,,,,0.0,
323,Chatra,Jharkhand,100.0,,6.2,100.0,Tier 1 - Established,,,,,,100.0,
532,Chikkamagaluru,Karnataka,23.46,,66.2,100.0,Tier 2 - Emerging,24.48,41.87,,6.53,,0.0,
533,Chitradurga,Karnataka,25.06,,66.2,100.0,Tier 2 - Emerging,30.28,37.58,,4.16,,0.0,
95,Chittorgarh,Rajasthan,0.0,,6.2,100.0,Tier 2 - Emerging,,,,,,0.0,
758,Chumoukedima,Nagaland,0.0,,6.2,100.0,Tier 2 - Emerging,,,,,,0.0,
96,Churu,Rajasthan,0.0,,6.2,100.0,Tier 2 - Emerging,,,,,,0.0,
308,Cooch Behar,West Bengal,0.0,,6.2,100.0,Tier 2 - Emerging,,,,,,0.0,
465,Dadra And Nagar Haveli,The Dadra And Nagar Haveli And Daman And Diu,0.0,,30.9,100.0,Tier 2 - Emerging,,,0.0,,,0.0,
324,Deoghar,Jharkhand,0.0,,6.2,100.0,Tier 2 - Emerging,,,,,,0.0,
674,Devbhumi Dwarka,Gujarat,0.0,,6.2,100.0,Tier 2 - Emerging,,,,,,0.0,
377,Dhamtari,Chhattisgarh,23.57,,55.8,100.0,Tier 2 - Emerging,28.74,21.74,,,,0.0,
299,Dima Hasao,Assam,0.0,,6.2,100.0,Tier 2 - Emerging,,,,,,0.0,
326,Dumka,Jharkhand,100.0,,6.2,100.0,Tier 1 - Established,,,,,,100.0,
78,East,Delhi,0.0,,6.2,100.0,Tier 2 - Emerging,,,,,,0.0,
740,Eastern West Khasi Hills,Meghalaya,0.0,,6.2,100.0,Tier 2 - Emerging,,,,,,0.0,
505,East Godavari,Andhra Pradesh,34.65,,66.2,100.0,Tier 1 - Established,36.51,65.36,,3.17,,0.0,
274,East Khasi Hills,Meghalaya,0.0,,6.2,100.0,Tier 2 - Emerging,,,,,,0.0,
327,East Singhbum,Jharkhand,0.0,,6.2,100.0,Tier 2 - Emerging,,,,,,0.0,
475,Gadchiroli,Maharashtra,37.78,,16.6,100.0,Tier 1 - Established,,,,0.4,,100.0,
353,Gajapati,Odisha,37.65,,16.6,100.0,Tier 1 - Established,,,,0.2,,100.0,
626,Ganderbal,Jammu And Kashmir,0.0,,6.2,100.0,Tier 2 - Emerging,,,,,,0.0,
734,Gaurela-Pendra-Marwahi,Chhattisgarh,23.57,,55.8,100.0,Tier 2 - Emerging,28.74,21.74,,,,0.0,
329,Giridih,Jharkhand,100.0,,6.2,100.0,Tier 1 - Established,,,,,,100.0,
675,Gir Somnath,Gujarat,0.0,,6.2,100.0,Tier 2 - Emerging,,,,,,0.0,
287,Goalpara,Assam,100.0,,6.2,100.0,Tier 1 - Established,,,,,,100.0,
476,Gondia,Maharashtra,0.74,,16.6,100.0,Tier 2 - Emerging,,,,1.19,,0.0,
506,Guntur,Andhra Pradesh,36.03,,66.2,100.0,Tier 1 - Established,35.55,71.97,,5.15,,0.0,
709,Hojai,Assam,0.0,,6.2,100.0,Tier 2 - Emerging,,,,,,0.0,
312,Hooghly,West Bengal,0.0,,6.2,100.0,Tier 2 - Emerging,,,,,,0.0,
33,Hoshiarpur,Punjab,0.0,,6.2,100.0,Tier 2 - Emerging,,,,,,0.0,
313,Howrah,West Bengal,0.0,,6.2,100.0,Tier 2 - Emerging,,,,,,0.0,
256,Imphal West,Manipur,0.0,,6.2,100.0,Tier 2 - Emerging,,,,,,0.0,
411,Jabalpur,Madhya Pradesh,4.33,,16.6,100.0,Tier 2 - Emerging,,,,6.93,,0.0,
34,Jalandhar,Punjab,0.0,,6.2,100.0,Tier 2 - Emerging,,,,,,0.0,
478,Jalgaon,Maharashtra,1.73,,16.6,100.0,Tier 2 - Emerging,,,,2.77,,0.0,
5,Jammu,Jammu And Kashmir,0.0,,6.2,100.0,Tier 2 - Emerging,,,,,,0.0,
106,Jhunjhunu,Rajasthan,0.0,,6.2,100.0,Tier 2 - Emerging,,,,,,0.0,
695,Jogulamba Gadwal,Telangana,49.88,,66.2,100.0,Tier 1 - Established,62.93,74.13,,0.59,,0.0,
711,Kakching,Manipur,0.0,,6.2,100.0,Tier 2 - Emerging,,,,,,0.0,
538,Kalaburagi,Karnataka,28.44,,66.2,100.0,Tier 2 - Emerging,38.59,30.95,,8.51,,0.0,
717,Kamjong,Manipur,0.0,,6.2,100.0,Tier 2 - Emerging,,,,,,0.0,
291,Kamrup,Assam,0.0,,6.2,100.0,Tier 2 - Emerging,,,,,,0.0,
712,Kangpokpi,Manipur,0.0,,6.2,100.0,Tier 2 - Emerging,,,,,,0.0,
292,Karbi Anglong,Assam,0.0,,6.2,100.0,Tier 2 - Emerging,,,,,,0.0,
558,Kasaragod,Kerala,49.11,,66.2,100.0,Tier 1 - Established,56.85,78.81,,8.51,,0.0,
509,Khammam,Telangana,50.19,,66.2,100.0,Tier 1 - Established,60.7,80.04,,0.99,,0.0,
728,Khawzawl,Mizoram,0.0,,6.2,100.0,Tier 2 - Emerging,,,,,,0.0,
362,Khordha,Odisha,0.12,,16.6,100.0,Tier 2 - Emerging,,,,0.2,,0.0,
541,Kodagu,Karnataka,31.15,,66.2,100.0,Tier 2 - Emerging,30.91,62.18,,3.96,,0.0,
363,Koraput,Odisha,37.65,,16.6,100.0,Tier 1 - Established,,,,0.2,,100.0,
383,Korba,Chhattisgarh,34.73,,55.8,100.0,Tier 1 - Established,28.74,21.74,,,,100.0,
384,Korea,Chhattisgarh,23.57,,55.8,100.0,Tier 2 - Emerging,28.74,21.74,,,,0.0,
677,Kra Daadi,Arunachal Pradesh,0.0,,6.2,100.0,Tier 2 - Emerging,,,,,,0.0,
577,Krishnagiri,Tamil Nadu,42.47,,66.2,100.0,Tier 1 - Established,55.86,55.09,,5.15,,0.0,
68,Kurukshetra,Haryana,0.0,,6.2,100.0,Tier 2 - Emerging,,,,,,0.0,
21,Lahaul And Spiti,Himachal Pradesh,0.0,,6.2,100.0,Tier 2 - Emerging,,,,,,0.0,
295,Lakhimpur,Assam,0.0,,6.2,100.0,Tier 2 - Emerging,,,,,,0.0,
724,Leparada,Arunachal Pradesh,0.0,,6.2,100.0,Tier 2 - Emerging,,,,,,0.0,
666,Longding,Arunachal Pradesh,0.0,,6.2,100.0,Tier 2 - Emerging,,,,,,0.0,
236,Lower Subansiri,Arunachal Pradesh,0.0,,6.2,100.0,Tier 2 - Emerging,,,,,,0.0,
36,Ludhiana,Punjab,0.0,,6.2,100.0,Tier 2 - Emerging,,,,,,0.0,
512,Mahabubnagar,Telangana,48.83,,66.2,100.0,Tier 1 - Established,59.94,75.39,,1.78,,0.0,
385,Mahasamund,Chhattisgarh,34.73,,55.8,100.0,Tier 1 - Established,28.74,21.74,,,,100.0,
599,Mahe,Puducherry,39.73,,90.9,100.0,Tier 1 - Established,66.54,86.5,0.0,0.0,,0.0,
416,Mandsaur,Madhya Pradesh,1.48,,16.6,100.0,Tier 2 - Emerging,,,,2.38,,0.0,
544,Mandya,Karnataka,26.7,,66.2,100.0,Tier 2 - Emerging,25.04,51.86,,10.3,,0.0,
766,MAUGANJ,Madhya Pradesh,0.25,,16.6,100.0,Tier 2 - Emerging,,,,0.4,,0.0,
761,Mohla-Manpur-Ambagarh Chouki,Chhattisgarh,23.57,,55.8,100.0,Tier 2 - Emerging,28.74,21.74,,,,0.0,
297,Nagaon,Assam,0.0,,6.2,100.0,Tier 2 - Emerging,,,,,,0.0,
298,Nalbari,Assam,0.0,,6.2,100.0,Tier 2 - Emerging,,,,,,0.0,
580,Namakkal,Tamil Nadu,45.79,,66.2,100.0,Tier 1 - Established,61.27,57.21,,5.35,,0.0,
678,Namsai,Arunachal Pradesh,100.0,,6.2,100.0,Tier 1 - Established,,,,,,100.0,
755,Nandyal,Andhra Pradesh,31.22,,66.2,100.0,Tier 2 - Emerging,32.53,60.52,,1.58,,0.0,
773,Neem Ka Thana,Rajasthan,0.0,,6.2,100.0,Tier 2 - Emerging,,,,,,0.0,
79,New Delhi,Delhi,0.0,,6.2,100.0,Tier 2 - Emerging,,,,,,0.0,
368,Nuapada,Odisha,37.65,,16.6,100.0,Tier 1 - Established,,,,0.2,,100.0,
454,Panch Mahals,Gujarat,0.0,,6.2,100.0,Tier 2 - Emerging,,,,,,0.0,
211,Pashchim Champaran,Bihar,0.0,,6.2,100.0,Tier 2 - Emerging,,,,,,0.0,
455,Patan,Gujarat,0.0,,6.2,100.0,Tier 2 - Emerging,,,,,,0.0,
581,Perambalur,Tamil Nadu,45.04,,66.2,100.0,Tier 1 - Established,63.23,52.13,,1.78,,0.0,
613,Peren,Nagaland,0.0,,6.2,100.0,Tier 2 - Emerging,,,,,,0.0,
248,Phek,Nagaland,0.0,,6.2,100.0,Tier 2 - Emerging,,,,,,0.0,
715,Pherzawl,Manipur,0.0,,6.2,100.0,Tier 2 - Emerging,,,,,,0.0,
517,Prakasam,Andhra Pradesh,35.51,,66.2,100.0,Tier 1 - Established,40.05,61.26,,3.17,,0.0,
629,Pratapgarh,Rajasthan,0.0,,6.2,100.0,Tier 2 - Emerging,,,,,,0.0,
582,Pudukkottai,Tamil Nadu,43.99,,66.2,100.0,Tier 1 - Established,63.64,43.68,,6.53,,0.0,
317,Purba Medinipur,West Bengal,0.0,,6.2,100.0,Tier 2 - Emerging,,,,,,0.0,
214,Purnia,Bihar,0.0,,6.2,100.0,Tier 2 - Emerging,,,,,,0.0,
321,Purulia,West Bengal,0.0,,6.2,100.0,Tier 2 - Emerging,,,,,,0.0,
388,Rajnandgaon,Chhattisgarh,34.73,,55.8,100.0,Tier 1 - Established,28.74,21.74,,,,100.0,
112,Rajsamand,Rajasthan,0.0,,6.2,100.0,Tier 2 - Emerging,,,,,,0.0,
583,Ramanathapuram,Tamil Nadu,51.82,,66.2,100.0,Tier 1 - Established,58.77,49.79,,3.17,,100.0,
339,Ranchi,Jharkhand,100.0,,6.2,100.0,Tier 1 - Established,,,,,,100.0,
492,Ratnagiri,Maharashtra,0.49,,16.6,100.0,Tier 2 - Emerging,,,,0.79,,0.0,
370,Rayagada,Odisha,37.65,,16.6,100.0,Tier 1 - Established,,,,0.2,,100.0,
216,Saharsa,Bihar,0.0,,6.2,100.0,Tier 2 - Emerging,,,,,,0.0,
340,Sahebganj,Jharkhand,100.0,,6.2,100.0,Tier 1 - Established,,,,,,100.0,
762,Sakti,Chhattisgarh,23.57,,55.8,100.0,Tier 2 - Emerging,28.74,21.74,,,,0.0,
178,Sant Kabir Nagar,Uttar Pradesh,0.0,,6.2,100.0,Tier 2 - Emerging,,,,,,0.0,
341,Saraikela Kharsawan,Jharkhand,0.0,,6.2,100.0,Tier 2 - Emerging,,,,,,0.0,
113,Sawai Madhopur,Rajasthan,0.0,,6.2,100.0,Tier 2 - Emerging,,,,,,0.0,
653,Sepahijala,Tripura,0.0,,6.2,100.0,Tier 2 - Emerging,,,,,,0.0,
268,Serchhip,Mizoram,0.0,,6.2,100.0,Tier 2 - Emerging,,,,,,0.0,
429,Shahdol,Madhya Pradesh,1.11,,16.6,100.0,Tier 2 - Emerging,,,,1.78,,0.0,
220,Sheohar,Bihar,0.0,,6.2,100.0,Tier 2 - Emerging,,,,,,0.0,
181,Shrawasti,Uttar Pradesh,100.0,,6.2,100.0,Tier 1 - Established,,,,,,100.0,
342,Simdega,Jharkhand,100.0,,6.2,100.0,Tier 1 - Established,,,,,,100.0,
222,Siwan,Bihar,0.0,,6.2,100.0,Tier 2 - Emerging,,,,,,0.0,
25,Solan,Himachal Pradesh,0.0,,6.2,100.0,Tier 2 - Emerging,,,,,,0.0,
670,South East,Delhi,0.0,,6.2,100.0,Tier 2 - Emerging,,,,,,0.0,
84,South West,Delhi,0.0,,6.2,100.0,Tier 2 - Emerging,,,,,,0.0,
648,Surajpur,Chhattisgarh,23.57,,55.8,100.0,Tier 2 - Emerging,28.74,21.74,,,,0.0,
389,Surguja,Chhattisgarh,23.57,,55.8,100.0,Tier 2 - Emerging,28.74,21.74,,,,0.0,
258,Tamenglong,Manipur,0.0,,6.2,100.0,Tier 2 - Emerging,,,,,,0.0,
609,Tarn Taran,Punjab,0.0,,6.2,100.0,Tier 2 - Emerging,,,,,,0.0,
238,Tawang,Arunachal Pradesh,0.0,,6.2,100.0,Tier 2 - Emerging,,,,,,0.0,
733,Tenkasi,Tamil Nadu,46.72,,66.2,100.0,Tier 1 - Established,64.1,55.44,,4.75,,0.0,
586,Thanjavur,Tamil Nadu,49.99,,66.2,100.0,Tier 1 - Established,68.76,52.84,,14.26,,0.0,
587,The Nilgiris,Tamil Nadu,47.15,,66.2,100.0,Tier 1 - Established,62.37,62.73,,2.18,,0.0,
302,Tinsukia,Assam,0.0,,6.2,100.0,Tier 2 - Emerging,,,,,,0.0,
239,Tirap,Arunachal Pradesh,0.0,,6.2,100.0,Tier 2 - Emerging,,,,,,0.0,
732,Tirupathur,Tamil Nadu,46.38,,66.2,100.0,Tier 1 - Established,64.1,55.44,,2.57,,0.0,
116,Tonk,Rajasthan,0.0,,6.2,100.0,Tier 2 - Emerging,,,,,,0.0,
549,Udupi,Karnataka,34.45,,66.2,100.0,Tier 1 - Established,27.23,75.88,,16.44,,0.0,
260,Ukhrul,Manipur,0.0,,6.2,100.0,Tier 2 - Emerging,,,,,,0.0,
26,Una,Himachal Pradesh,0.0,,6.2,100.0,Tier 2 - Emerging,,,,,,0.0,
381,Uttar Bastar Kanker,Chhattisgarh,23.57,,55.8,100.0,Tier 2 - Emerging,28.74,21.74,,,,0.0,
437,Vidisha,Madhya Pradesh,38.4,,16.6,100.0,Tier 1 - Established,,,,1.39,,100.0,
738,Vijayanagar,Karnataka,26.29,,66.2,100.0,Tier 2 - Emerging,28.72,46.18,,4.16,,0.0,
530,Vijayapura,Karnataka,27.4,,66.2,100.0,Tier 2 - Emerging,28.72,46.18,,11.29,,0.0,
698,Vikarabad,Telangana,45.94,,66.2,100.0,Tier 1 - Established,58.72,66.03,,1.39,,0.0,
499,Washim,Maharashtra,38.4,,16.6,100.0,Tier 1 - Established,,,,1.39,,100.0,
710,West Karbi Anglong,Assam,0.0,,6.2,100.0,Tier 2 - Emerging,,,,,,0.0,
250,Wokha,Nagaland,0.0,,6.2,100.0,Tier 2 - Emerging,,,,,,0.0,
501,Adilabad,Telangana,48.3,,66.2,100.0,Tier 1 - Established,67.76,55.6,,2.57,,0.0,
438,Ahmedabad,Gujarat,0.0,,6.2,100.0,Tier 2 - Emerging,,,,,,0.0,
261,Aizawl,Mizoram,0.0,,6.2,100.0,Tier 2 - Emerging,,,,,,0.0,
467,Akola,Maharashtra,1.36,,16.6,100.0,Tier 2 - Emerging,,,,2.18,,0.0,
119,Aligarh,Uttar Pradesh,0.0,,6.2,100.0,Tier 2 - Emerging,,,,,,0.0,
639,Alirajpur,Madhya Pradesh,0.25,,16.6,100.0,Tier 2 - Emerging,,,,0.4,,0.0,
87,Alwar,Rajasthan,0.0,,6.2,100.0,Tier 2 - Emerging,,,,,,0.0,
640,Amethi,Uttar Pradesh,0.0,,6.2,100.0,Tier 2 - Emerging,,,,,,0.0,
123,Azamgarh,Uttar Pradesh,0.0,,6.2,100.0,Tier 2 - Emerging,,,,,,0.0,
524,Bagalkote,Karnataka,22.04,,66.2,100.0,Tier 2 - Emerging,29.09,26.19,,5.94,,0.0,
46,Bageshwar,Uttarakhand,0.0,,6.2,100.0,Tier 2 - Emerging,,,,,,0.0,
528,Ballari,Karnataka,24.1,,66.2,100.0,Tier 2 - Emerging,30.08,32.39,,6.53,,0.0,
750,Bapatla,Andhra Pradesh,31.25,,66.2,100.0,Tier 2 - Emerging,32.53,60.52,,1.78,,0.0,
90,Barmer,Rajasthan,0.0,,6.2,100.0,Tier 2 - Emerging,,,,,,0.0,
605,Barnala,Punjab,0.0,,6.2,100.0,Tier 2 - Emerging,,,,,,0.0,
280,Barpeta,Assam,100.0,,6.2,100.0,Tier 1 - Established,,,,,,100.0,
374,Bastar,Chhattisgarh,34.73,,55.8,100.0,Tier 1 - Established,28.74,21.74,,,,100.0,
394,Betul,Madhya Pradesh,1.61,,16.6,100.0,Tier 2 - Emerging,,,,2.57,,0.0,
348,Bhadrak,Odisha,0.12,,16.6,100.0,Tier 2 - Emerging,,,,0.2,,0.0,
443,Bhavnagar,Gujarat,0.0,,6.2,100.0,Tier 2 - Emerging,,,,,,0.0,
92,Bhilwara,Rajasthan,0.0,,6.2,100.0,Tier 2 - Emerging,,,,,,0.0,
59,Bhiwani,Haryana,0.0,,6.2,100.0,Tier 2 - Emerging,,,,,,0.0,
529,Bidar,Karnataka,20.24,,66.2,100.0,Tier 2 - Emerging,26.0,24.76,,6.73,,0.0,
132,Bijnor,Uttar Pradesh,0.0,,6.2,100.0,Tier 2 - Emerging,,,,,,0.0,
15,Bilaspur,Himachal Pradesh,0.0,,6.2,100.0,Tier 2 - Emerging,,,,,,0.0,
322,Bokaro,Jharkhand,100.0,,6.2,100.0,Tier 1 - Established,,,,,,100.0,
281,Bongaigaon,Assam,0.0,,6.2,100.0,Tier 2 - Emerging,,,,,,0.0,
2,Budgam,Jammu And Kashmir,0.0,,6.2,100.0,Tier 2 - Emerging,,,,,,0.0,
194,Buxar,Bihar,0.0,,6.2,100.0,Tier 2 - Emerging,,,,,,0.0,
77,Central,Delhi,0.0,,6.2,100.0,Tier 2 - Emerging,,,,,,0.0,
16,Chamba,Himachal Pradesh,100.0,,6.2,100.0,Tier 1 - Established,,,,,,100.0,
262,Champhai,Mizoram,0.0,,6.2,100.0,Tier 2 - Emerging,,,,,,0.0,
44,Chandigarh,Chandigarh,39.93,,30.9,100.0,Tier 1 - Established,,,50.0,,,0.0,
730,Chengalpattu,Tamil Nadu,48.15,,66.2,100.0,Tier 1 - Established,64.1,55.44,,13.86,,0.0,
469,Chhatrapati Sambhajinagar,Maharashtra,1.98,,16.6,100.0,Tier 2 - Emerging,,,,3.17,,0.0,
399,Chhindwara,Madhya Pradesh,1.11,,16.6,100.0,Tier 2 - Emerging,,,,1.78,,0.0,
136,Chitrakoot,Uttar Pradesh,100.0,,6.2,100.0,Tier 1 - Established,,,,,,100.0,
254,Churachandpur,Manipur,0.0,,6.2,100.0,Tier 2 - Emerging,,,,,,0.0,
570,Cuddalore,Tamil Nadu,46.2,,66.2,100.0,Tier 1 - Established,64.0,51.07,,8.32,,0.0,
350,Cuttack,Odisha,0.12,,16.6,100.0,Tier 2 - Emerging,,,,0.2,,0.0,
534,Dakshina Kannada,Karnataka,34.16,,66.2,100.0,Tier 1 - Established,23.29,73.9,,30.5,,0.0,
463,Daman,The Dadra And Nagar Haveli And Daman And Diu,0.0,,30.9,100.0,Tier 2 - Emerging,,,0.0,,,0.0,
195,Darbhanga,Bihar,0.0,,6.2,100.0,Tier 2 - Emerging,,,,,,0.0,
97,Dausa,Rajasthan,0.0,,6.2,100.0,Tier 2 - Emerging,,,,,,0.0,
767,Deeg,Rajasthan,0.0,,6.2,100.0,Tier 2 - Emerging,,,,,,0.0,
137,Deoria,Uttar Pradesh,0.0,,6.2,100.0,Tier 2 - Emerging,,,,,,0.0,
402,Dewas,Madhya Pradesh,3.34,,16.6,100.0,Tier 2 - Emerging,,,,5.35,,0.0,
403,Dhar,Madhya Pradesh,2.1,,16.6,100.0,Tier 2 - Emerging,,,,3.37,,0.0,
488,Dharashiv,Maharashtra,1.86,,16.6,100.0,Tier 2 - Emerging,,,,2.97,,0.0,
474,Dhule,Maharashtra,0.37,,16.6,100.0,Tier 2 - Emerging,,,,0.59,,0.0,
747,Dr. B.R. Ambedkar Konaseema,Andhra Pradesh,31.31,,66.2,100.0,Tier 2 - Emerging,32.53,60.52,,2.18,,0.0,
231,East Kameng,Arunachal Pradesh,0.0,,6.2,100.0,Tier 2 - Emerging,,,,,,0.0,
139,Etawah,Uttar Pradesh,0.0,,6.2,100.0,Tier 2 - Emerging,,,,,,0.0,
60,Faridabad,Haryana,0.0,,6.2,100.0,Tier 2 - Emerging,,,,,,0.0,
143,Firozabad,Uttar Pradesh,0.0,,6.2,100.0,Tier 2 - Emerging,,,,,,0.0,
100,Ganganagar,Rajasthan,0.0,,6.2,100.0,Tier 2 - Emerging,,,,,,0.0,
288,Golaghat,Assam,0.0,,6.2,100.0,Tier 2 - Emerging,,,,,,0.0,
148,Gorakhpur,Uttar Pradesh,0.0,,6.2,100.0,Tier 2 - Emerging,,,,,,0.0,
406,Guna,Madhya Pradesh,38.02,,16.6,100.0,Tier 1 - Established,,,,0.79,,100.0,
228,Gyalshing,Sikkim,0.0,,6.2,100.0,Tier 2 - Emerging,,,,,,0.0,
149,Hamirpur,Uttar Pradesh,0.0,,6.2,100.0,Tier 2 - Emerging,,,,,,0.0,
556,Idukki,Kerala,53.17,,66.2,100.0,Tier 1 - Established,62.09,82.15,,12.28,,0.0,
255,Imphal East,Manipur,0.0,,6.2,100.0,Tier 2 - Emerging,,,,,,0.0,
410,Indore,Madhya Pradesh,13.98,,16.6,100.0,Tier 2 - Emerging,,,,22.38,,0.0,
783,Jaipur (Gramin),Rajasthan,0.0,,6.2,100.0,Tier 2 - Emerging,,,,,,0.0,
103,Jaisalmer,Rajasthan,100.0,,6.2,100.0,Tier 1 - Established,,,,,,100.0,
689,Jangoan,Telangana,51.38,,66.2,100.0,Tier 1 - Established,62.51,80.59,,1.78,,0.0,
152,Jaunpur,Uttar Pradesh,0.0,,6.2,100.0,Tier 2 - Emerging,,,,,,0.0,
64,Jhajjar,Haryana,0.0,,6.2,100.0,Tier 2 - Emerging,,,,,,0.0,
448,Junagadh,Gujarat,0.0,,6.2,100.0,Tier 2 - Emerging,,,,,,0.0,
66,Kaithal,Haryana,0.0,,6.2,100.0,Tier 2 - Emerging,,,,,,0.0,
718,Kamle,Arunachal Pradesh,0.0,,6.2,100.0,Tier 2 - Emerging,,,,,,0.0,
575,Kanniyakumari,Tamil Nadu,53.77,,66.2,100.0,Tier 1 - Established,63.03,77.24,,20.4,,0.0,
598,Karaikal,Puducherry,35.33,,90.9,100.0,Tier 1 - Established,64.61,64.45,0.0,0.99,,0.0,
293,Karimganj,Assam,0.0,,6.2,100.0,Tier 2 - Emerging,,,,,,0.0,
158,Kaushambi,Uttar Pradesh,0.0,,6.2,100.0,Tier 2 - Emerging,,,,,,0.0,
781,Kekri,Rajasthan,0.0,,6.2,100.0,Tier 2 - Emerging,,,,,,0.0,
361,Kendujhar,Odisha,0.12,,16.6,100.0,Tier 2 - Emerging,,,,0.2,,0.0,
759,Khairagarh-Chhuikhadan-Gandai,Chhattisgarh,23.57,,55.8,100.0,Tier 2 - Emerging,28.74,21.74,,,,0.0,
245,Kohima,Nagaland,0.0,,6.2,100.0,Tier 2 - Emerging,,,,,,0.0,
294,Kokrajhar,Assam,0.0,,6.2,100.0,Tier 2 - Emerging,,,,,,0.0,
480,Kolhapur,Maharashtra,2.85,,16.6,100.0,Tier 2 - Emerging,,,,4.55,,0.0,
643,Kondagaon,Chhattisgarh,34.73,,55.8,100.0,Tier 1 - Established,28.74,21.74,,,,100.0,
20,Kullu,Himachal Pradesh,0.0,,6.2,100.0,Tier 2 - Emerging,,,,,,0.0,
233,Kurung Kumey,Arunachal Pradesh,0.0,,6.2,100.0,Tier 2 - Emerging,,,,,,0.0,
9,Leh Ladakh,Ladakh,0.0,,6.2,100.0,Tier 2 - Emerging,,,,,,0.0,
162,Lucknow,Uttar Pradesh,0.0,,6.2,100.0,Tier 2 - Emerging,,,,,,0.0,
205,Madhepura,Bihar,0.0,,6.2,100.0,Tier 2 - Emerging,,,,,,0.0,
737,Malerkotla,Punjab,0.0,,6.2,100.0,Tier 2 - Emerging,,,,,,0.0,
226,Mangan,Sikkim,0.0,,6.2,100.0,Tier 2 - Emerging,,,,,,0.0,
37,Mansa,Punjab,0.0,,6.2,100.0,Tier 2 - Emerging,,,,,,0.0,
296,Marigaon,Assam,0.0,,6.2,100.0,Tier 2 - Emerging,,,,,,0.0,
167,Mathura,Uttar Pradesh,0.0,,6.2,100.0,Tier 2 - Emerging,,,,,,0.0,
169,Meerut,Uttar Pradesh,0.0,,6.2,100.0,Tier 2 - Emerging,,,,,,0.0,
38,Moga,Punjab,100.0,,6.2,100.0,Tier 1 - Established,,,,,,100.0,
647,Mungeli,Chhattisgarh,23.57,,55.8,100.0,Tier 2 - Emerging,28.74,21.74,,,,0.0,
172,Muzaffarnagar,Uttar Pradesh,0.0,,6.2,100.0,Tier 2 - Emerging,,,,,,0.0,
208,Muzaffarpur,Bihar,100.0,,6.2,100.0,Tier 1 - Established,,,,,,100.0,
110,Nagaur,Rajasthan,0.0,,6.2,100.0,Tier 2 - Emerging,,,,,,0.0,
227,Namchi,Sikkim,0.0,,6.2,100.0,Tier 2 - Emerging,,,,,,0.0,
637,Narayanpur,Chhattisgarh,34.73,,55.8,100.0,Tier 1 - Established,28.74,21.74,,,,100.0,
452,Narmada,Gujarat,100.0,,6.2,100.0,Tier 1 - Established,,,,,,100.0,
367,Nayagarh,Odisha,0.12,,16.6,100.0,Tier 2 - Emerging,,,,0.2,,0.0,
764,Niuland,Nagaland,0.0,,6.2,100.0,Tier 2 - Emerging,,,,,,0.0,
303,North 24 Parganas,West Bengal,0.0,,6.2,100.0,Tier 2 - Emerging,,,,,,0.0,
632,North And Middle Andaman,Andaman And Nicobar Islands,0.0,,6.2,100.0,Tier 2 - Emerging,,,,,,0.0,
656,North Garo Hills,Meghalaya,0.0,,6.2,100.0,Tier 2 - Emerging,,,,,,0.0,
604,Nuh,Haryana,0.0,,6.2,100.0,Tier 2 - Emerging,,,,,,0.0,
741,Pakyong,Sikkim,0.0,,6.2,100.0,Tier 2 - Emerging,,,,,,0.0,
111,Pali,Rajasthan,0.0,,6.2,100.0,Tier 2 - Emerging,,,,,,0.0,
751,Palnadu,Andhra Pradesh,31.41,,66.2,100.0,Tier 2 - Emerging,32.53,60.52,,2.77,,0.0,
619,Palwal,Haryana,0.0,,6.2,100.0,Tier 2 - Emerging,,,,,,0.0,
420,Panna,Madhya Pradesh,0.49,,16.6,100.0,Tier 2 - Emerging,,,,0.79,,0.0,
52,Pauri Garhwal,Uttarakhand,0.0,,6.2,100.0,Tier 2 - Emerging,,,,,,0.0,
772,Phalodi,Rajasthan,0.0,,6.2,100.0,Tier 2 - Emerging,,,,,,0.0,
173,Pilibhit,Uttar Pradesh,0.0,,6.2,100.0,Tier 2 - Emerging,,,,,,0.0,
306,Purba Bardhaman,West Bengal,0.0,,6.2,100.0,Tier 2 - Emerging,,,,,,0.0,
457,Rajkot,Gujarat,0.0,,6.2,100.0,Tier 2 - Emerging,,,,,,0.0,
631,Ramanagara,Karnataka,28.03,,66.2,100.0,Tier 2 - Emerging,27.96,55.63,,3.56,,0.0,
607,Ramgarh,Jharkhand,100.0,,6.2,100.0,Tier 1 - Established,,,,,,100.0,
176,Rampur,Uttar Pradesh,0.0,,6.2,100.0,Tier 2 - Emerging,,,,,,0.0,
731,Ranipet,Tamil Nadu,46.54,,66.2,100.0,Tier 1 - Established,64.1,55.44,,3.56,,0.0,
424,Rewa,Madhya Pradesh,1.98,,16.6,100.0,Tier 2 - Emerging,,,,3.17,,0.0,
215,Rohtas,Bihar,0.0,,6.2,100.0,Tier 2 - Emerging,,,,,,0.0,
42,Rupnagar,Punjab,0.0,,6.2,100.0,Tier 2 - Emerging,,,,,,0.0,
779,Sanchore,Rajasthan,0.0,,6.2,100.0,Tier 2 - Emerging,,,,,,0.0,
494,Satara,Maharashtra,2.23,,16.6,100.0,Tier 2 - Emerging,,,,3.56,,0.0,
428,Seoni,Madhya Pradesh,1.24,,16.6,100.0,Tier 2 - Emerging,,,,1.98,,0.0,
180,Shahjahanpur,Uttar Pradesh,0.0,,6.2,100.0,Tier 2 - Emerging,,,,,,0.0,
430,Shajapur,Madhya Pradesh,1.11,,16.6,100.0,Tier 2 - Emerging,,,,1.78,,0.0,
431,Sheopur,Madhya Pradesh,0.49,,16.6,100.0,Tier 2 - Emerging,,,,0.79,,0.0,
432,Shivpuri,Madhya Pradesh,1.24,,16.6,100.0,Tier 2 - Emerging,,,,1.98,,0.0,
625,Shopian,Jammu And Kashmir,0.0,,6.2,100.0,Tier 2 - Emerging,,,,,,0.0,
433,Sidhi,Madhya Pradesh,0.49,,16.6,100.0,Tier 2 - Emerging,,,,0.79,,0.0,
638,Singrauli,Madhya Pradesh,38.4,,16.6,100.0,Tier 1 - Established,,,,1.39,,100.0,
183,Sitapur,Uttar Pradesh,0.0,,6.2,100.0,Tier 2 - Emerging,,,,,,0.0,
496,Solapur,Maharashtra,3.59,,16.6,100.0,Tier 2 - Emerging,,,,5.74,,0.0,
742,Soreng,Sikkim,100.0,,6.2,100.0,Tier 1 - Established,,,,,,100.0,
83,South,Delhi,0.0,,6.2,100.0,Tier 2 - Emerging,,,,,,0.0,
707,South Salmara Mancachar,Assam,0.0,,6.2,100.0,Tier 2 - Emerging,,,,,,0.0,
663,South West Garo Hills,Meghalaya,0.0,,6.2,100.0,Tier 2 - Emerging,,,,,,0.0,
519,Srikakulam,Andhra Pradesh,23.85,,66.2,100.0,Tier 2 - Emerging,24.64,45.92,,2.38,,0.0,
642,Sukma,Chhattisgarh,34.73,,55.8,100.0,Tier 1 - Established,28.74,21.74,,,,100.0,
223,Supaul,Bihar,0.0,,6.2,100.0,Tier 2 - Emerging,,,,,,0.0,
756,Tamulpur,Assam,0.0,,6.2,100.0,Tier 2 - Emerging,,,,,,0.0,
55,Tehri Garhwal,Uttarakhand,0.0,,6.2,100.0,Tier 2 - Emerging,,,,,,0.0,
497,Thane,Maharashtra,9.65,,16.6,100.0,Tier 2 - Emerging,,,,15.45,,0.0,
565,Thiruvananthapuram,Kerala,61.53,,66.2,100.0,Tier 1 - Established,70.03,82.55,,39.01,,0.0,
591,Tiruchirappalli,Tamil Nadu,51.2,,66.2,100.0,Tier 1 - Established,69.09,55.16,,17.43,,0.0,
634,Tiruppur,Tamil Nadu,47.13,,66.2,100.0,Tier 1 - Established,62.04,58.58,,9.31,,0.0,
593,Tiruvannamalai,Tamil Nadu,45.59,,66.2,100.0,Tier 1 - Established,68.53,41.78,,3.56,,0.0,
117,Udaipur,Rajasthan,0.0,,6.2,100.0,Tier 2 - Emerging,,,,,,0.0,
617,Udalguri,Assam,100.0,,6.2,100.0,Tier 1 - Established,,,,,,100.0,
240,Upper Siang,Arunachal Pradesh,0.0,,6.2,100.0,Tier 2 - Emerging,,,,,,0.0,
550,Uttara Kannada,Karnataka,26.04,,66.2,100.0,Tier 2 - Emerging,24.64,52.18,,6.93,,0.0,
57,Uttar Kashi,Uttarakhand,0.0,,6.2,100.0,Tier 2 - Emerging,,,,,,0.0,
522,Warangal,Telangana,52.94,,66.2,100.0,Tier 1 - Established,66.49,78.69,,1.58,,0.0,
567,Wayanad,Kerala,60.25,,66.2,100.0,Tier 1 - Established,62.71,75.23,,5.74,,100.0,
278,West Garo Hills,Meghalaya,0.0,,6.2,100.0,Tier 2 - Emerging,,,,,,0.0,
275,West Jaintia Hills,Meghalaya,0.0,,6.2,100.0,Tier 2 - Emerging,,,,,,0.0,
243,West Siang,Arunachal Pradesh,0.0,,6.2,100.0,Tier 2 - Emerging,,,,,,0.0,
343,West Singhbhum,Jharkhand,0.0,,6.2,100.0,Tier 2 - Emerging,,,,,,0.0,
697,Yadadri Bhuvanagiri,Telangana,49.61,,66.2,100.0,Tier 1 - Established,59.73,79.79,,0.79,,0.0,
635,Yadgir,Karnataka,31.1,,66.2,100.0,Tier 2 - Emerging,30.23,23.42,,4.16,,100.0,
601,Yanam,Puducherry,37.16,,90.9,100.0,Tier 1 - Established,67.8,68.78,0.0,0.0,,0.0,
251,Zunheboto,Nagaland,0.0,,6.2,100.0,Tier 2 - Emerging,,,,,,0.0,
