lgd_district_code,baseline_rank,mean_sim_rank,median_sim_rank,rank_std_dev,rank_ci_lower_2_5,rank_ci_upper_97_5,top_10_frequency_pct,top_20_frequency_pct
563,1,2.5,2.0,2.03,1,9,99.1,100.0
687,2,3.53,2.0,3.5,1,13,90.9,99.8
583,3,3.03,2.0,2.19,1,9,99.5,100.0
699,4,7.13,4.0,5.14,2,19,76.3,98.5
572,5,6.23,6.0,2.22,2,11,97.1,100.0
732,6,6.87,6.0,2.84,2,13,89.0,99.9
731,6,6.87,6.0,2.84,2,13,89.0,99.9
595,6,6.87,6.0,2.84,2,13,89.0,99.9
592,9,8.32,9.0,3.84,2,17,74.3,99.6
733,9,8.32,9.0,3.84,2,17,74.3,99.6
585,11,12.75,13.0,3.18,6,19,18.9,99.7
690,12,15.19,15.0,6.03,5,27,19.5,82.2
596,13,15.28,14.0,5.53,8,28,15.7,85.4
729,13,15.28,14.0,5.53,8,28,15.7,85.4
559,15,14.28,15.0,4.1,5,21,15.9,96.9
566,16,15.89,16.0,4.57,6,26,9.0,87.9
567,17,17.56,16.0,11.57,3,46,31.2,63.3
591,18,16.86,17.0,2.78,11,22,1.3,90.9
586,19,19.01,18.0,5.07,12,31,0.1,68.9
593,20,20.95,21.0,2.73,16,27,0.0,40.8
561,21,21.36,21.0,5.49,10,35,2.5,46.7
597,22,23.26,22.0,8.11,7,41,5.8,36.0
685,23,23.59,24.0,7.37,8,38,5.0,34.7
579,24,25.47,25.0,3.67,20,33,0.0,6.6
735,24,25.47,25.0,3.67,20,33,0.0,6.6
501,26,27.98,28.0,10.23,7,50,5.0,21.9
554,27,28.27,27.0,6.63,17,43,0.5,9.0
565,28,28.81,27.0,10.44,9,49,3.5,19.4
582,29,30.04,29.0,5.37,22,43,0.0,0.5
576,30,29.34,30.0,7.95,12,46,0.9,12.9
522,31,29.94,30.0,4.88,20,39,0.0,3.3
686,32,31.4,32.0,5.96,18,41,0.0,5.1
573,33,32.4,32.0,4.94,24,44,0.0,0.1
556,34,33.94,33.0,8.13,20,50,0.0,3.0
682,35,33.62,34.0,5.03,24,43,0.0,0.1
695,36,36.45,36.0,6.24,22,49,0.0,1.6
689,37,37.03,37.0,4.69,27,46,0.0,0.0
610,38,37.69,38.0,5.0,29,48,0.0,0.0
560,39,38.69,38.0,8.26,25,53,0.0,0.8
694,40,39.94,40.0,4.67,30,49,0.0,0.0
555,41,42.16,41.0,10.79,23,62,0.1,1.7
575,42,43.03,43.0,7.6,28,57,0.0,0.0
721,43,42.91,43.0,4.33,35,52,0.0,0.0
512,43,42.91,43.0,4.33,35,52,0.0,0.0
589,45,43.96,44.5,7.26,29,56,0.0,0.0
696,46,44.94,45.0,5.24,34,55,0.0,0.0
693,47,47.22,47.0,4.37,39,56,0.0,0.0
514,48,47.49,47.0,4.98,37,57,0.0,0.0
681,49,48.61,49.0,5.52,37,58,0.0,0.0
513,50,49.46,50.0,7.32,33,61,0.0,0.0
557,51,48.69,50.0,9.56,31,65,0.0,0.1
581,52,52.22,52.0,2.49,47,57,0.0,0.0
594,53,51.88,52.5,3.28,44,56,0.0,0.0
590,54,53.14,54.0,4.09,45,60,0.0,0.0
730,55,53.19,54.0,5.07,40,61,0.0,0.0
720,56,55.96,57.0,4.36,46,63,0.0,0.0
562,57,55.36,56.0,10.71,34,75,0.0,0.0
580,58,58.13,58.0,5.8,44,69,0.0,0.0
683,59,58.66,59.0,4.91,46,68,0.0,0.0
509,60,59.72,60.0,2.68,54,65,0.0,0.0
508,61,60.45,61.0,4.5,50,69,0.0,0.0
564,62,61.41,62.0,9.8,39,78,0.0,0.0
688,63,63.12,63.0,2.74,58,69,0.0,0.0
518,64,65.34,65.0,3.14,60,73,0.0,0.0
697,65,65.75,66.0,3.16,60,72,0.0,0.0
516,66,65.37,65.0,6.9,52,80,0.0,0.0
691,67,69.23,68.0,6.05,56,81,0.0,0.0
578,68,68.26,69.0,3.95,60,75,0.0,0.0
698,69,70.27,70.0,3.86,64,78,0.0,0.0
570,70,69.6,70.0,5.2,60,79,0.0,0.0
568,71,70.18,71.0,4.27,62,78,0.0,0.0
684,72,72.66,73.0,3.13,66,78,0.0,0.0
634,73,72.63,73.0,3.4,65,78,0.0,0.0
692,74,73.93,74.0,3.44,68,81,0.0,0.0
571,75,74.75,76.0,4.86,64,84,0.0,0.0
584,76,76.6,77.0,4.09,67,83,0.0,0.0
577,77,76.48,78.0,3.88,66,81,0.0,0.0
558,78,75.74,77.0,8.58,57,92,0.0,0.0
587,79,77.21,78.0,4.78,66,86,0.0,0.0
588,80,80.64,80.0,2.62,75,86,0.0,0.0
598,81,78.94,81.0,11.38,49,98,0.0,0.0
521,82,81.53,82.0,7.33,61,92,0.0,0.0
743,82,81.53,82.0,7.33,61,92,0.0,0.0
569,84,84.71,84.0,2.21,82,90,0.0,0.0
680,85,86.64,85.0,5.44,79,99,0.0,0.0
574,86,87.0,86.0,3.2,83,95,0.0,0.0
505,87,87.17,88.0,6.41,72,95,0.0,0.0
747,87,87.17,88.0,6.41,72,95,0.0,0.0
746,87,87.17,88.0,6.41,72,95,0.0,0.0
755,90,89.89,89.0,4.79,83,100,0.0,0.0
754,91,89.65,90.0,1.84,85,93,0.0,0.0
502,91,89.65,90.0,1.84,85,93,0.0,0.0
745,93,92.35,93.0,6.37,82,103,0.0,0.0
752,94,94.44,94.5,3.64,86,101,0.0,0.0
503,94,94.44,94.5,3.64,86,101,0.0,0.0
552,96,95.62,95.5,7.44,83,109,0.0,0.0
748,97,96.74,97.0,2.73,90,101,0.0,0.0
523,97,96.74,97.0,2.73,90,101,0.0,0.0
551,99,98.26,100.0,6.83,87,110,0.0,0.0
515,100,98.41,98.0,2.41,93,102,0.0,0.0
511,101,101.12,101.0,5.3,90,110,0.0,0.0
504,102,102.54,102.0,1.24,100,105,0.0,0.0
753,102,102.54,102.0,1.24,100,105,0.0,0.0
517,104,103.7,104.0,2.47,99,107,0.0,0.0
548,105,104.37,105.0,4.95,95,113,0.0,0.0
539,106,104.82,106.0,5.64,93,114,0.0,0.0
520,107,104.63,105.0,5.43,92,112,0.0,0.0
749,108,106.95,107.0,1.48,104,109,0.0,0.0
510,108,106.95,107.0,1.48,104,109,0.0,0.0
751,110,111.55,111.0,2.43,108,119,0.0,0.0
750,110,111.55,111.0,2.43,108,119,0.0,0.0
519,112,112.56,112.0,3.77,107,122,0.0,0.0
744,113,114.81,114.0,2.87,111,122,0.0,0.0
534,114,113.83,114.0,1.31,111,116,0.0,0.0
550,115,113.89,115.0,3.06,108,119,0.0,0.0
599,116,117.01,117.0,10.48,93,138,0.0,0.0
533,117,118.05,118.0,2.34,114,123,0.0,0.0
532,118,119.01,119.0,2.37,116,124,0.0,0.0
547,119,119.81,120.0,1.93,115,124,0.0,0.0
506,120,120.52,120.0,4.5,114,129,0.0,0.0
535,121,121.43,121.0,2.28,116,125,0.0,0.0
549,122,123.57,124.0,3.64,117,130,0.0,0.0
538,123,123.13,124.0,5.55,111,132,0.0,0.0
544,124,123.88,124.0,4.89,115,135,0.0,0.0
541,125,124.78,125.0,3.23,118,132,0.0,0.0
635,126,124.22,125.0,6.23,110,135,0.0,0.0
546,127,125.44,126.0,5.1,112,134,0.0,0.0
507,128,126.55,126.0,7.71,112,142,0.0,0.0
526,129,128.4,128.5,2.27,124,133,0.0,0.0
543,130,130.59,131.0,3.01,124,137,0.0,0.0
527,131,131.11,131.0,4.49,123,141,0.0,0.0
700,132,134.3,134.0,3.85,128,142,0.0,0.0
524,133,133.88,134.0,2.51,130,140,0.0,0.0
601,134,134.88,134.0,8.14,118,147,0.0,0.0
545,135,135.15,135.0,4.48,127,144,0.0,0.0
600,136,136.27,136.0,5.75,127,146,0.0,0.0
528,137,136.08,136.0,4.07,128,143,0.0,0.0
738,137,136.08,136.0,4.07,128,143,0.0,0.0
530,139,138.13,138.0,2.88,134,144,0.0,0.0
531,140,138.27,139.0,2.47,133,142,0.0,0.0
540,141,140.86,141.0,3.36,133,146,0.0,0.0
542,142,140.95,142.0,4.74,130,146,0.0,0.0
630,143,141.81,142.0,2.12,137,145,0.0,0.0
536,144,141.77,143.0,3.34,134,145,0.0,0.0
529,145,143.66,144.0,2.41,138,147,0.0,0.0
537,146,144.69,146.0,2.42,138,147,0.0,0.0
631,147,145.26,147.0,2.73,137,147,0.0,0.0
525,148,147.96,148.0,0.3,148,148,0.0,0.0
