lgd_district_code,district_name,state_name,baseline_mi_rank,rank_std_dev,rank_ci_lower_2_5,rank_ci_upper_97_5,rank_interval_width
745,Alluri Sitharama Raju,Andhra Pradesh,122,2.13,118,126,8
744,Anakapalli,Andhra Pradesh,122,2.01,118,126,8
502,Ananthapuramu,Andhra Pradesh,88,0.83,88,91,3
753,Annamayya,Andhra Pradesh,96,8.0,80,108,28
750,Bapatla,Andhra Pradesh,114,2.96,109,118,9
503,Chittoor,Andhra Pradesh,81,0.83,80,83,3
747,Dr. B.R. Ambedkar Konaseema,Andhra Pradesh,28,6.47,22,45,23
505,East Godavari,Andhra Pradesh,28,1.44,28,33,5
748,Eluru,Andhra Pradesh,77,4.27,66,83,17
506,Guntur,Andhra Pradesh,121,0.7,121,123,2
746,Kakinada,Andhra Pradesh,28,5.92,22,42,19
510,Krishna,Andhra Pradesh,92,0.98,91,94,3
511,Kurnool,Andhra Pradesh,109,0.68,109,111,2
755,Nandyal,Andhra Pradesh,104,3.55,94,108,14
749,Ntr,Andhra Pradesh,92,3.68,86,101,14
751,Palnadu,Andhra Pradesh,114,2.9,109,118,9
743,Parvathipuram Manyam,Andhra Pradesh,111,2.99,109,117,8
517,Prakasam,Andhra Pradesh,90,0.85,89,92,3
515,Sri Potti Sriramulu Nellore,Andhra Pradesh,87,0.83,87,90,3
754,Sri Sathya Sai,Andhra Pradesh,88,4.37,78,96,17
519,Srikakulam,Andhra Pradesh,108,0.44,107,108,1
752,Tirupati,Andhra Pradesh,81,4.16,73,89,16
520,Visakhapatnam,Andhra Pradesh,126,0.36,125,126,1
521,Vizianagaram,Andhra Pradesh,111,0.81,111,114,3
523,West Godavari,Andhra Pradesh,77,0.93,75,78,3
504,Y.S.R.,Andhra Pradesh,96,7.76,79,108,29
551,North Goa,Goa,76,0.94,74,77,3
552,South Goa,Goa,63,0.95,61,65,4
524,Bagalkote,Karnataka,141,0.0,141,141,0
528,Ballari,Karnataka,130,0.5,130,131,1
527,Belagavi,Karnataka,134,0.39,133,134,1
526,Bengaluru Rural,Karnataka,120,0.58,120,122,2
525,Bengaluru Urban,Karnataka,140,0.0,140,140,0
529,Bidar,Karnataka,144,0.0,144,144,0
531,Chamarajanagara,Karnataka,138,0.0,138,138,0
630,Chikkaballapura,Karnataka,137,0.0,137,137,0
532,Chikkamagaluru,Karnataka,110,0.68,110,112,2
533,Chitradurga,Karnataka,124,0.64,122,124,2
534,Dakshina Kannada,Karnataka,107,0.44,106,107,1
535,Davangere,Karnataka,117,0.71,115,117,2
536,Dharwad,Karnataka,145,0.0,145,145,0
537,Gadag,Karnataka,146,0.0,146,146,0
539,Hassan,Karnataka,80,0.93,78,81,3
540,Haveri,Karnataka,135,0.22,134,135,1
538,Kalaburagi,Karnataka,129,0.2,129,130,1
541,Kodagu,Karnataka,125,0.42,124,125,1
542,Kolar,Karnataka,132,0.47,131,132,1
543,Koppal,Karnataka,139,0.0,139,139,0
544,Mandya,Karnataka,116,0.78,113,116,3
545,Mysuru,Karnataka,127,0.14,127,127,0
546,Raichur,Karnataka,147,0.0,147,147,0
631,Ramanagara,Karnataka,136,0.1,136,136,0
547,Shivamogga,Karnataka,118,0.47,117,119,2
548,Tumakuru,Karnataka,84,0.7,83,86,3
549,Udupi,Karnataka,119,0.58,119,121,2
550,Uttara Kannada,Karnataka,113,0.82,112,115,3
738,Vijayanagar,Karnataka,130,1.81,129,135,6
530,Vijayapura,Karnataka,142,0.0,142,142,0
635,Yadgir,Karnataka,148,0.0,148,148,0
554,Alappuzha,Kerala,35,1.65,34,40,6
555,Ernakulam,Kerala,51,1.3,47,52,5
556,Idukki,Kerala,66,0.96,65,68,3
557,Kannur,Kerala,62,1.02,59,64,4
558,Kasaragod,Kerala,106,0.52,105,106,1
559,Kollam,Kerala,14,1.06,12,16,4
560,Kottayam,Kerala,52,1.16,49,54,5
561,Kozhikode,Kerala,33,1.54,31,36,5
562,Malappuram,Kerala,79,0.96,76,80,4
563,Palakkad,Kerala,1,0.26,1,2,1
564,Pathanamthitta,Kerala,68,0.95,67,71,4
565,Thiruvananthapuram,Kerala,41,1.61,37,43,6
566,Thrissur,Kerala,9,1.05,7,11,4
567,Wayanad,Kerala,105,0.52,104,105,1
598,Karaikal,Puducherry,71,0.91,69,73,4
599,Mahe,Puducherry,128,0.14,128,128,0
600,Puducherry,Puducherry,133,0.45,132,133,1
601,Yanam,Puducherry,143,0.0,143,143,0
610,Ariyalur,Tamil Nadu,73,5.18,63,83,20
730,Chengalpattu,Tamil Nadu,55,6.05,44,69,25
568,Chennai,Tamil Nadu,16,5.16,7,25,18
569,Coimbatore,Tamil Nadu,103,0.81,101,104,3
570,Cuddalore,Tamil Nadu,83,0.73,82,85,3
571,Dharmapuri,Tamil Nadu,98,0.92,95,99,4
572,Dindigul,Tamil Nadu,11,1.13,9,13,4
573,Erode,Tamil Nadu,60,1.03,57,61,4
729,Kallakurichi,Tamil Nadu,12,4.59,7,24,17
574,Kancheepuram,Tamil Nadu,55,1.36,53,58,5
575,Kanniyakumari,Tamil Nadu,32,7.17,23,46,23
576,Karur,Tamil Nadu,72,0.93,71,74,3
577,Krishnagiri,Tamil Nadu,99,0.85,97,100,3
578,Madurai,Tamil Nadu,85,0.7,84,87,3
735,Mayiladuthurai,Tamil Nadu,46,6.63,30,57,27
579,Nagapattinam,Tamil Nadu,46,1.46,42,48,6
580,Namakkal,Tamil Nadu,67,0.93,66,69,3
581,Perambalur,Tamil Nadu,73,0.88,73,76,3
582,Pudukkottai,Tamil Nadu,58,1.14,55,60,5
583,Ramanathapuram,Tamil Nadu,42,8.57,23,54,30
731,Ranipet,Tamil Nadu,2,1.63,1,6,5
584,Salem,Tamil Nadu,94,1.03,92,96,4
585,Sivaganga,Tamil Nadu,17,1.01,15,19,4
733,Tenkasi,Tamil Nadu,5,2.01,2,10,8
586,Thanjavur,Tamil Nadu,18,1.12,17,22,5
587,The Nilgiris,Tamil Nadu,100,0.85,98,101,3
588,Theni,Tamil Nadu,102,0.82,100,103,3
589,Thiruvallur,Tamil Nadu,53,1.1,51,55,4
590,Thiruvarur,Tamil Nadu,69,0.94,68,72,4
594,Thoothukkudi,Tamil Nadu,61,1.01,58,62,4
591,Tiruchirappalli,Tamil Nadu,26,8.55,15,47,32
592,Tirunelveli,Tamil Nadu,5,0.82,3,6,3
732,Tirupathur,Tamil Nadu,2,1.52,2,6,4
634,Tiruppur,Tamil Nadu,86,0.8,86,89,3
593,Tiruvannamalai,Tamil Nadu,24,1.3,22,27,5
595,Vellore,Tamil Nadu,2,0.84,2,5,3
596,Viluppuram,Tamil Nadu,12,1.08,11,15,4
597,Virudhunagar,Tamil Nadu,95,1.0,94,97,3
501,Adilabad,Telangana,49,1.26,45,50,5
690,Bhadradri Kothagudem,Telangana,36,5.19,26,46,20
686,Hanumakonda,Telangana,8,2.5,6,16,10
507,Hyderabad,Telangana,101,0.85,99,102,3
681,Jagitial,Telangana,31,4.33,25,40,15
689,Jangoan,Telangana,7,2.58,6,16,10
687,Jayashankar Bhupalapally,Telangana,10,3.1,7,17,10
695,Jogulamba Gadwal,Telangana,43,8.55,25,55,29
685,Kamareddy,Telangana,19,3.6,14,27,13
508,Karimnagar,Telangana,34,1.58,32,38,6
509,Khammam,Telangana,27,1.42,26,31,5
699,Kumuram Bheem Asifabad,Telangana,48,4.06,38,56,17
688,Mahabubabad,Telangana,44,3.85,35,49,14
512,Mahabubnagar,Telangana,38,9.13,21,55,34
684,Mancherial,Telangana,59,4.21,52,68,16
513,Medak,Telangana,45,1.52,40,47,6
700,Medchal Malkajgiri,Telangana,64,8.44,43,77,34
720,Mulugu,Telangana,20,5.28,12,33,21
694,Nagarkurnool,Telangana,25,7.26,14,41,27
514,Nalgonda,Telangana,22,1.22,20,25,5
721,Narayanpet,Telangana,38,8.83,20,53,33
680,Nirmal,Telangana,91,1.96,90,97,7
516,Nizamabad,Telangana,65,0.9,63,67,4
682,Peddapalli,Telangana,15,3.1,7,18,11
683,Rajanna Sircilla,Telangana,37,5.15,28,48,20
518,Ranga Reddy,Telangana,50,7.87,35,64,29
691,Sangareddy,Telangana,70,4.02,59,74,15
692,Siddipet,Telangana,57,3.24,50,64,14
696,Suryapet,Telangana,23,3.54,16,29,13
698,Vikarabad,Telangana,75,6.54,60,86,26
693,Wanaparthy,Telangana,40,9.15,21,56,34
522,Warangal,Telangana,20,1.18,19,23,4
697,Yadadri Bhuvanagiri,Telangana,54,3.42,45,60,15
