lgd_district_code,district_name,state_name,pcei_scenario_a_strict_density,pcei_m_manufacturing_density,pcei_c_corporate_density,pcei_h_healthcare_density,pcei_scenario_b_inclusive_density,pcei_scenario_c_conservative_density,pharma_paidup_capital_cr,raw_active_companies_count
745,Alluri Sitharama Raju,Andhra Pradesh,19.5,8.7727,9.4545,4.7273,19.5,0.0,619.2,429
744,Anakapalli,Andhra Pradesh,0.5,0.3182,0.3636,0.0455,0.5,0.5,407.41,11
502,Ananthapuramu,Andhra Pradesh,0.0,0.0,0.0,0.0,0.0,0.0,0.0,0
753,Annamayya,Andhra Pradesh,0.0,0.0,0.0,0.0,0.0,0.0,0.0,0
750,Bapatla,Andhra Pradesh,0.2273,0.0909,0.1364,0.0,0.2273,0.2273,3.67,5
503,Chittoor,Andhra Pradesh,6.0455,2.1818,2.9091,1.6818,6.0455,6.0455,78.43,133
747,Dr. B.R. Ambedkar Konaseema,Andhra Pradesh,0.0455,0.0455,0.0,0.0,0.0455,0.0455,2.25,1
505,East Godavari,Andhra Pradesh,5.5455,2.0,2.2727,1.8636,5.5455,5.5455,219.69,122
748,Eluru,Andhra Pradesh,1.3636,0.6364,0.6364,0.4091,1.3636,1.3636,52.15,30
506,Guntur,Andhra Pradesh,5.5943,1.9877,2.8279,1.5574,5.5943,5.5943,368.88,273
746,Kakinada,Andhra Pradesh,0.2727,0.2273,0.0909,0.0455,0.2727,0.2727,0.58,6
510,Krishna,Andhra Pradesh,13.7273,5.0909,6.4091,4.0909,26.1364,13.7273,141.11,302
511,Kurnool,Andhra Pradesh,2.0741,0.6914,0.7901,0.8889,2.0741,2.0741,34.85,84
755,Nandyal,Andhra Pradesh,0.2273,0.1818,0.0909,0.0,0.2273,0.2273,3.39,5
749,Ntr,Andhra Pradesh,0.5455,0.3636,0.2273,0.0909,0.5455,0.5455,34.12,12
751,Palnadu,Andhra Pradesh,0.0,0.0,0.0,0.0,0.0,0.0,0.0,0
743,Parvathipuram Manyam,Andhra Pradesh,0.0,0.0,0.0,0.0,0.0,0.0,0.0,0
517,Prakasam,Andhra Pradesh,1.6818,0.5,0.6818,0.6818,1.6818,1.6818,8.19,37
515,Sri Potti Sriramulu Nellore,Andhra Pradesh,0.0,0.0,0.0,0.0,0.0,0.0,0.0,0
754,Sri Sathya Sai,Andhra Pradesh,0.0455,0.0,0.0455,0.0,0.0455,0.0455,0.01,1
519,Srikakulam,Andhra Pradesh,4.0909,1.8182,2.1364,0.7273,4.0909,4.0909,39.56,90
752,Tirupati,Andhra Pradesh,0.6364,0.5,0.2273,0.0455,0.6364,0.6364,19.62,14
520,Visakhapatnam,Andhra Pradesh,8.8578,3.1469,4.6853,2.3776,12.1911,8.8578,3985.64,380
521,Vizianagaram,Andhra Pradesh,1.2727,0.4545,0.5909,0.4091,1.2727,1.2727,2.19,28
523,West Godavari,Andhra Pradesh,2.7727,1.1818,0.8636,1.0,2.7727,2.7727,205.84,61
504,Y.S.R.,Andhra Pradesh,0.0455,0.0455,0.0,0.0455,0.0455,0.0455,0.0,1
551,North Goa,Goa,30.6098,13.4146,12.8049,10.0,33.5366,19.0244,122.57,251
552,South Goa,Goa,12.3438,4.6875,5.1562,3.9062,12.3438,12.3438,79.32,79
524,Bagalkote,Karnataka,245.0,69.0,104.1364,100.3636,245.0,0.0455,7561.02,5390
528,Ballari,Karnataka,0.0909,0.0,0.0455,0.0455,0.0909,0.0909,0.01,2
527,Belagavi,Karnataka,0.2929,0.0628,0.1883,0.0837,0.2929,0.2929,0.28,14
526,Bengaluru Rural,Karnataka,0.202,0.101,0.101,0.101,0.202,0.202,0.96,2
525,Bengaluru Urban,Karnataka,0.0104,0.0,0.0,0.0104,2.4324,0.0104,0.01,1
529,Bidar,Karnataka,2.9545,1.2273,1.7727,0.5909,2.9545,2.9545,27.06,65
531,Chamarajanagara,Karnataka,0.0,0.0,0.0,0.0,0.0,0.0,0.0,0
630,Chikkaballapura,Karnataka,0.0,0.0,0.0,0.0,0.0,0.0,0.0,0
532,Chikkamagaluru,Karnataka,0.0455,0.0,0.0455,0.0,0.0455,0.0455,0.07,1
533,Chitradurga,Karnataka,0.3636,0.0455,0.2727,0.0455,0.3636,0.3636,0.41,8
534,Dakshina Kannada,Karnataka,3.1364,1.0909,0.9545,1.5,3.1364,3.1364,10.98,69
535,Davangere,Karnataka,2.0455,0.8182,1.2727,0.5909,2.0455,2.0455,1.41,45
536,Dharwad,Karnataka,4.4091,1.3636,1.8182,1.7273,4.4091,4.4091,88.84,97
537,Gadag,Karnataka,0.5,0.0909,0.1818,0.2727,0.5,0.5,3.84,11
539,Hassan,Karnataka,0.7273,0.1364,0.3636,0.2727,0.7273,0.7273,2.38,16
540,Haveri,Karnataka,0.6818,0.2273,0.2727,0.3182,0.6818,0.6818,38.66,15
538,Kalaburagi,Karnataka,0.3182,0.0909,0.2727,0.0455,0.3182,0.3182,2.72,7
541,Kodagu,Karnataka,0.2727,0.0455,0.0455,0.1818,0.2727,0.2727,0.01,6
542,Kolar,Karnataka,1.6818,0.6818,0.8636,0.5909,1.6818,1.6818,33.53,37
543,Koppal,Karnataka,0.3182,0.0,0.0909,0.2273,0.3182,0.3182,0.46,7
544,Mandya,Karnataka,1.1818,0.1818,0.3636,0.6364,1.1818,1.1818,6.4,26
545,Mysuru,Karnataka,1.4,0.2667,0.5333,0.7333,1.4,1.4,813.7,42
546,Raichur,Karnataka,1.3182,0.5909,0.6818,0.3182,1.3182,1.3182,23.05,29
631,Ramanagara,Karnataka,0.7273,0.1818,0.1818,0.4545,0.7273,0.7273,9.35,16
547,Shivamogga,Karnataka,0.3636,0.0455,0.1818,0.1364,0.3636,0.3636,0.05,8
548,Tumakuru,Karnataka,0.2273,0.0909,0.0909,0.0909,0.2273,0.2273,0.63,5
549,Udupi,Karnataka,2.6364,0.9091,0.7727,1.1364,2.6364,2.6364,12.86,58
550,Uttara Kannada,Karnataka,0.6818,0.2273,0.1818,0.3182,0.6818,0.6818,0.64,15
738,Vijayanagar,Karnataka,2.5909,0.6818,1.0909,1.0455,2.5909,2.5909,5.37,57
530,Vijayapura,Karnataka,0.3182,0.0455,0.1364,0.1818,0.3182,0.3182,0.87,7
635,Yadgir,Karnataka,0.1818,0.0909,0.0909,0.0455,0.1818,0.1818,2.88,4
554,Alappuzha,Kerala,15.1818,6.8182,6.0909,6.9091,15.1818,5.6818,406.07,334
555,Ernakulam,Kerala,24.7256,8.0793,7.5,13.2927,24.7256,24.7256,344.45,811
556,Idukki,Kerala,3.5909,1.4545,1.4091,1.7273,3.5909,3.5909,14.1,79
557,Kannur,Kerala,6.2273,1.8636,1.9091,3.5455,6.2273,6.2273,42.41,137
558,Kasaragod,Kerala,0.9545,0.0455,0.4091,0.5455,0.9545,0.9545,0.55,21
559,Kollam,Kerala,7.0909,2.7273,2.5909,3.5909,7.0909,7.0909,27.78,156
560,Kottayam,Kerala,6.7727,2.5,2.2727,3.7727,8.8636,6.7727,175.29,149
561,Kozhikode,Kerala,17.0455,3.1364,6.2273,9.5455,17.0455,17.0455,75.27,375
562,Malappuram,Kerala,8.7105,2.7251,2.7737,5.1582,8.7105,8.7105,59.41,358
563,Palakkad,Kerala,9.9545,3.2727,3.8182,4.7727,9.9545,9.9545,27.51,219
564,Pathanamthitta,Kerala,2.5,0.9545,1.1364,1.2727,2.5,2.5,8.46,55
565,Thiruvananthapuram,Kerala,11.4848,2.0303,4.2121,6.6061,11.4848,11.4848,355.32,379
566,Thrissur,Kerala,14.9545,5.4545,5.5909,6.9091,14.9545,14.9545,112.43,329
567,Wayanad,Kerala,2.1364,0.3182,0.5,1.4545,2.1364,2.1364,2.54,47
598,Karaikal,Puducherry,90.0,50.0,43.5,19.0,90.0,3.0,512.64,180
599,Mahe,Puducherry,0.2273,0.0455,0.1364,0.0909,1.0909,0.2273,0.11,5
600,Puducherry,Puducherry,2.7368,1.3684,1.8947,0.2105,2.7368,2.7368,24.17,26
601,Yanam,Puducherry,0.5909,0.3636,0.2727,0.0909,0.5909,0.5909,14.03,13
610,Ariyalur,Tamil Nadu,33.1364,12.1818,12.9091,12.5455,33.1364,0.2273,923.44,729
730,Chengalpattu,Tamil Nadu,1.4545,0.5,0.9545,0.4091,1.4545,1.4545,108.5,32
568,Chennai,Tamil Nadu,77.0538,31.4409,34.8387,25.2258,77.0538,77.0538,7969.22,3583
569,Coimbatore,Tamil Nadu,18.2659,7.3988,6.7341,6.4162,18.2659,18.2659,338.91,632
570,Cuddalore,Tamil Nadu,1.8182,0.8636,0.8182,0.5,1.8182,1.8182,63.28,40
571,Dharmapuri,Tamil Nadu,1.0455,0.5455,0.5909,0.1364,1.0455,1.0455,6.59,23
572,Dindigul,Tamil Nadu,1.8182,1.4091,0.3636,0.3636,1.8182,1.8182,30.13,40
573,Erode,Tamil Nadu,5.2273,2.5909,1.7727,1.6364,5.2273,5.2273,137.6,115
729,Kallakurichi,Tamil Nadu,0.1818,0.0,0.0909,0.0909,0.1818,0.1818,0.04,4
574,Kancheepuram,Tamil Nadu,3.5455,1.4545,1.5,1.0455,4.1818,3.5455,158.08,78
575,Kanniyakumari,Tamil Nadu,0.0455,0.0,0.0,0.0455,0.0455,0.0455,0.01,1
576,Karur,Tamil Nadu,1.3636,0.5,0.4545,0.5,1.3636,1.3636,3.32,30
577,Krishnagiri,Tamil Nadu,3.2727,1.3636,1.5455,0.7273,3.2727,3.2727,43.18,72
578,Madurai,Tamil Nadu,6.7763,3.0592,3.2566,1.6447,6.7763,6.7763,64.43,206
735,Mayiladuthurai,Tamil Nadu,0.2727,0.0909,0.0909,0.1364,0.2727,0.2727,0.36,6
579,Nagapattinam,Tamil Nadu,0.3182,0.1364,0.0909,0.1364,0.3182,0.3182,0.08,7
580,Namakkal,Tamil Nadu,1.8182,0.6818,1.0,0.4545,1.8182,1.8182,6.26,40
581,Perambalur,Tamil Nadu,0.3182,0.0455,0.0455,0.2273,0.3182,0.3182,0.05,7
582,Pudukkottai,Tamil Nadu,0.7727,0.3182,0.1818,0.2727,0.7727,0.7727,0.24,17
583,Ramanathapuram,Tamil Nadu,0.1364,0.0,0.0909,0.0455,0.1364,0.1364,0.03,3
731,Ranipet,Tamil Nadu,0.3636,0.2727,0.1364,0.0455,0.3636,0.3636,4.16,8
584,Salem,Tamil Nadu,4.023,1.5517,2.1552,1.092,4.023,4.023,22.98,140
585,Sivaganga,Tamil Nadu,0.6364,0.0909,0.1818,0.3636,0.6364,0.6364,32.86,14
733,Tenkasi,Tamil Nadu,0.3182,0.1364,0.0455,0.1364,0.3182,0.3182,0.21,7
586,Thanjavur,Tamil Nadu,2.5,1.0455,1.3636,0.6364,2.5,2.5,2.47,55
587,The Nilgiris,Tamil Nadu,0.1364,0.0909,0.0,0.0909,0.1364,0.1364,0.4,3
588,Theni,Tamil Nadu,0.8182,0.1818,0.2727,0.4545,0.8182,0.8182,0.56,18
589,Thiruvallur,Tamil Nadu,1.6818,0.6364,0.7273,0.5455,1.6818,1.6818,8.73,37
590,Thiruvarur,Tamil Nadu,0.3182,0.1364,0.2273,0.0909,0.3182,0.3182,0.25,7
594,Thoothukkudi,Tamil Nadu,0.0909,0.0,0.0455,0.0455,0.0909,0.0909,0.04,2
591,Tiruchirappalli,Tamil Nadu,4.0441,0.9191,1.875,1.7647,4.0441,4.0441,27.22,110
592,Tirunelveli,Tamil Nadu,2.4545,1.0,0.9091,0.8636,2.4545,2.4545,110.13,54
732,Tirupathur,Tamil Nadu,0.1818,0.0909,0.0455,0.0909,0.1818,0.1818,0.38,4
634,Tiruppur,Tamil Nadu,0.0,0.0,0.0,0.0,0.0,0.0,0.0,0
593,Tiruvannamalai,Tamil Nadu,0.9091,0.1364,0.5,0.3636,0.9091,0.9091,6.68,20
595,Vellore,Tamil Nadu,4.0,1.1364,1.9091,1.5455,4.0,4.0,27.9,88
596,Viluppuram,Tamil Nadu,0.1364,0.0,0.0455,0.0909,0.1364,0.1364,0.08,3
597,Virudhunagar,Tamil Nadu,3.9545,3.0455,0.7273,0.6818,3.9545,3.9545,31.79,87
501,Adilabad,Telangana,46.2727,18.8182,26.3182,9.7727,46.2727,1.0455,2741.34,1018
690,Bhadradri Kothagudem,Telangana,0.0,0.0,0.0,0.0,0.0,0.0,0.0,0
686,Hanumakonda,Telangana,0.0455,0.0,0.0455,0.0,0.0455,0.0455,0.01,1
507,Hyderabad,Telangana,207.5381,92.0305,120.1777,41.9036,207.5381,207.5381,18823.3,8177
681,Jagitial,Telangana,0.0,0.0,0.0,0.0,0.0,0.0,0.0,0
689,Jangoan,Telangana,0.0455,0.0,0.0,0.0455,0.0455,0.0455,0.15,1
687,Jayashankar Bhupalapally,Telangana,0.0,0.0,0.0,0.0,0.0,0.0,0.0,0
695,Jogulamba Gadwal,Telangana,0.0,0.0,0.0,0.0,0.0,0.0,0.0,0
685,Kamareddy,Telangana,0.1364,0.0,0.0909,0.0455,0.1364,0.1364,5.74,3
508,Karimnagar,Telangana,1.6364,0.5,0.5909,0.7727,1.6364,1.6364,13.48,36
509,Khammam,Telangana,1.5455,0.5,0.7273,0.6364,1.5455,1.5455,1.33,34
699,Kumuram Bheem Asifabad,Telangana,0.0,0.0,0.0,0.0,0.0,0.0,0.0,0
688,Mahabubabad,Telangana,0.2273,0.0,0.1364,0.0909,0.2273,0.2273,0.05,5
512,Mahabubnagar,Telangana,0.3636,0.0909,0.2727,0.0455,0.3636,0.3636,4.48,8
684,Mancherial,Telangana,0.0,0.0,0.0,0.0,0.0,0.0,0.0,0
513,Medak,Telangana,11.1818,4.9091,7.3182,1.5909,11.1818,11.1818,2767.89,246
700,Medchal Malkajgiri,Telangana,0.6364,0.2273,0.3636,0.1364,0.6364,0.6364,25.68,14
720,Mulugu,Telangana,0.0909,0.0,0.0455,0.0455,0.0909,0.0909,69.46,2
694,Nagarkurnool,Telangana,0.0909,0.0,0.0455,0.0455,0.0909,0.0909,0.11,2
514,Nalgonda,Telangana,2.1364,0.6364,1.0909,0.5909,2.1364,2.1364,17.51,47
721,Narayanpet,Telangana,0.0,0.0,0.0,0.0,0.0,0.0,0.0,0
680,Nirmal,Telangana,0.1364,0.0455,0.0455,0.0455,0.1364,0.1364,0.02,3
516,Nizamabad,Telangana,1.4091,0.4091,0.4545,0.6364,1.4091,1.4091,34.39,31
682,Peddapalli,Telangana,0.0909,0.0,0.0,0.0909,0.0909,0.0909,0.01,2
683,Rajanna Sircilla,Telangana,0.0,0.0,0.0,0.0,0.0,0.0,0.0,0
518,Ranga Reddy,Telangana,1.6818,0.9545,0.9545,0.1364,1.6818,1.6818,250.77,37
691,Sangareddy,Telangana,0.2727,0.2273,0.1818,0.0,0.2727,0.2727,260.88,6
692,Siddipet,Telangana,0.0909,0.0455,0.0909,0.0,0.0909,0.0909,0.02,2
696,Suryapet,Telangana,0.0455,0.0,0.0455,0.0,0.0455,0.0455,0.01,1
698,Vikarabad,Telangana,0.1364,0.0455,0.0909,0.0455,0.1364,0.1364,0.04,3
693,Wanaparthy,Telangana,0.0455,0.0,0.0,0.0455,0.0455,0.0455,0.01,1
522,Warangal,Telangana,3.0455,0.8636,1.5455,1.0,3.0455,3.0455,12.55,67
697,Yadadri Bhuvanagiri,Telangana,0.0,0.0,0.0,0.0,0.0,0.0,0.0,0
