lgd_district_code,district_name,state_name,jan_aushadhi_density_per_100k,census_total_population,census_urban_population_pct,census_population_age_0_6_pct,census_decadal_growth_pct,niti_aspirational_district_flag,mca21_pharma_density_per_100k,mca21_pharma_mfg_density_per_100k,mca21_corporate_concentration_index,nfhs_hypertension_combined_pct,nfhs_diabetes_combined_pct,nfhs_stunting_pct,nfhs_wasting_pct,nfhs_underweight_pct,nfhs_clean_fuel_pct,nfhs_sanitation_pct,nfhs_insurance_pct,nfhs_oope_delivery_rs,rhs_phc_density_per_100k,rhs_chc_density_per_100k,rhs_subcentre_density_per_100k,rhs_hospital_presence,insurance_pct,sanitation_pct,clean_fuel_pct,oope_delivery_rs,stunting_pct,wasting_pct,underweight_pct,diabetes_combined_pct_women,diabetes_combined_pct_men,hypertension_combined_pct_women,hypertension_combined_pct_men
745,Alluri Sitharama Raju,Andhra Pradesh,1.773,2200000.0,42.6,10.2,12.4,1.0,0.0,0.0,0.0,59.6,17.6,31.0,21.5,33.5,3.0,77.8,64.9,2200.0,1.772,0.303,13.357,2.0,,,,,,,,,,,
744,Anakapalli,Andhra Pradesh,1.773,2200000.0,42.6,10.2,12.4,0.0,0.4545,0.3182,3.0604,59.6,17.6,31.0,21.5,33.5,3.0,77.8,64.9,2200.0,1.772,0.303,13.357,2.0,,,,,,,,,,,
502,Ananthapuramu,Andhra Pradesh,1.773,2200000.0,42.6,10.2,12.4,0.0,0.0,0.0,0.0,58.35,15.5,36.0,19.3,40.6,3.0,71.3,73.2,2682.0,3.727,0.5,27.682,3.0,73.2,71.3,3.0,2682.0,36.0,19.3,40.6,14.2,16.8,90.0,26.7
753,Annamayya,Andhra Pradesh,1.773,2200000.0,42.6,10.2,12.4,0.0,0.0,0.0,0.0,59.59,20.371,30.317,16.592,29.312,3.0,76.271,70.079,3388.783,3.001,0.516,23.406,3.125,,,,,,,,,,,
750,Bapatla,Andhra Pradesh,1.773,2200000.0,42.6,10.2,12.4,0.0,0.1818,0.0455,1.6811,60.65,24.3,23.8,17.8,26.9,3.0,83.4,71.1,3912.0,1.516,0.328,14.119,3.0,,,,,,,,,,,
503,Chittoor,Andhra Pradesh,1.773,2200000.0,42.6,10.2,12.4,0.0,4.8182,1.7727,9.4383,58.55,19.8,27.1,14.8,27.9,3.0,74.6,70.7,2533.0,4.273,0.409,29.682,6.0,70.7,74.6,3.0,2533.0,27.1,14.8,27.9,17.2,22.4,90.0,27.1
747,Dr. B.R. Ambedkar Konaseema,Andhra Pradesh,1.773,2200000.0,42.6,10.2,12.4,0.0,0.0455,0.0455,0.724,61.1,24.65,23.1,14.3,22.4,3.0,77.7,66.4,8159.0,4.364,0.909,36.773,4.0,,,,,,,,,,,
505,East Godavari,Andhra Pradesh,1.773,2200000.0,42.6,10.2,12.4,0.0,4.5,1.4545,8.7403,61.1,24.65,23.1,14.3,22.4,3.0,77.7,66.4,8159.0,4.364,0.909,36.773,4.0,66.4,77.7,3.0,8159.0,23.1,14.3,22.4,21.7,27.6,90.0,32.2
748,Eluru,Andhra Pradesh,1.773,2200000.0,42.6,10.2,12.4,0.0,0.8636,0.3182,3.8234,60.7,21.35,31.4,11.7,22.5,3.0,80.8,67.6,2318.0,3.182,0.682,29.227,4.0,,,,,,,,,,,
506,Guntur,Andhra Pradesh,0.943,4880000.0,64.04,10.2,12.4,0.0,4.2418,1.2295,9.6171,60.65,24.3,23.8,17.8,26.9,3.0,83.4,71.1,3912.0,1.516,0.328,14.119,3.0,71.1,83.4,3.0,3912.0,23.8,17.8,26.9,22.7,25.9,90.0,31.3
746,Kakinada,Andhra Pradesh,1.773,2200000.0,42.6,10.2,12.4,0.0,0.1818,0.1818,1.8783,61.1,24.65,23.1,14.3,22.4,3.0,77.7,66.4,8159.0,4.364,0.909,36.773,4.0,,,,,,,,,,,
510,Krishna,Andhra Pradesh,1.773,2200000.0,42.6,10.2,12.4,0.0,51.7273,20.2727,28.5558,59.25,22.9,29.8,14.3,21.1,3.0,79.1,68.1,3715.0,3.273,0.409,27.682,3.0,68.1,79.1,3.0,3715.0,29.8,14.3,21.1,23.3,22.5,90.0,28.5
511,Kurnool,Andhra Pradesh,0.938,4050000.0,57.4,10.2,12.4,0.0,1.3827,0.2963,5.0923,60.9,17.85,50.5,16.7,46.3,3.0,73.5,73.3,2094.0,2.173,0.444,14.222,2.0,73.3,73.5,3.0,2094.0,50.5,16.7,46.3,15.1,20.6,90.0,31.8
755,Nandyal,Andhra Pradesh,1.773,2200000.0,42.6,10.2,12.4,0.0,0.0909,0.0909,1.1942,60.9,17.85,50.5,16.7,46.3,3.0,73.5,73.3,2094.0,2.173,0.444,14.222,2.0,,,,,,,,,,,
749,Ntr,Andhra Pradesh,1.773,2200000.0,42.6,10.2,12.4,0.0,0.4091,0.2727,2.8578,59.25,22.9,29.8,14.3,21.1,3.0,79.1,68.1,3715.0,3.273,0.409,27.682,3.0,,,,,,,,,,,
751,Palnadu,Andhra Pradesh,1.773,2200000.0,42.6,10.2,12.4,0.0,0.0,0.0,0.0,60.65,24.3,23.8,17.8,26.9,3.0,83.4,71.1,3912.0,1.516,0.328,14.119,3.0,,,,,,,,,,,
743,Parvathipuram Manyam,Andhra Pradesh,1.773,2200000.0,42.6,10.2,12.4,1.0,0.0,0.0,0.0,57.55,14.4,36.4,19.2,32.2,3.0,61.7,76.7,1931.0,2.636,0.455,21.364,2.0,,,,,,,,,,,
517,Prakasam,Andhra Pradesh,1.773,2200000.0,42.6,10.2,12.4,0.0,1.2727,0.1818,3.9298,61.5,26.7,22.6,8.7,24.7,3.0,78.4,67.6,3388.783,3.864,0.636,25.227,3.0,67.6,78.4,3.0,,22.6,8.7,24.7,23.2,30.2,90.0,33.0
515,Sri Potti Sriramulu Nellore,Andhra Pradesh,1.773,2200000.0,42.6,10.2,12.4,0.0,0.0,0.0,0.0,57.55,21.45,29.2,17.2,27.8,3.0,81.8,72.3,1104.0,2.773,0.682,21.864,3.0,72.3,81.8,3.0,1104.0,29.2,17.2,27.8,21.8,21.1,90.0,25.1
754,Sri Sathya Sai,Andhra Pradesh,1.773,2200000.0,42.6,10.2,12.4,0.0,0.0,0.0,0.0,58.35,15.5,36.0,19.3,40.6,3.0,71.3,73.2,2682.0,3.727,0.5,27.682,3.0,,,,,,,,,,,
519,Srikakulam,Andhra Pradesh,1.773,2200000.0,42.6,10.2,12.4,0.0,2.0909,0.8636,6.2469,56.45,17.5,19.7,19.5,21.4,3.0,71.6,75.6,3479.0,3.909,0.636,22.182,2.0,75.6,71.6,3.0,3479.0,19.7,19.5,21.4,17.4,17.6,90.0,22.9
752,Tirupati,Andhra Pradesh,1.773,2200000.0,42.6,10.2,12.4,0.0,0.2727,0.1364,2.1947,58.55,19.8,27.1,14.8,27.9,3.0,74.6,70.7,2533.0,4.273,0.409,29.682,6.0,,,,,,,,,,,
520,Visakhapatnam,Andhra Pradesh,1.445,4290000.0,59.32,10.2,12.4,1.0,14.5455,5.6177,18.6035,59.6,17.6,31.0,21.5,33.5,3.0,77.8,64.9,2200.0,1.772,0.303,13.357,2.0,64.9,77.8,3.0,2200.0,31.0,21.5,33.5,17.0,18.2,90.0,29.2
521,Vizianagaram,Andhra Pradesh,1.773,2200000.0,42.6,10.2,12.4,1.0,0.9091,0.1818,3.5531,57.55,14.4,36.4,19.2,32.2,3.0,61.7,76.7,1931.0,2.636,0.455,21.364,2.0,76.7,61.7,3.0,1931.0,36.4,19.2,32.2,14.3,14.5,90.0,25.1
523,West Godavari,Andhra Pradesh,1.773,2200000.0,42.6,10.2,12.4,0.0,2.2273,0.7727,6.1517,60.7,21.35,31.4,11.7,22.5,3.0,80.8,67.6,2318.0,3.182,0.682,29.227,4.0,67.6,80.8,3.0,2318.0,31.4,11.7,22.5,23.8,18.9,90.0,31.4
504,Y.S.R.,Andhra Pradesh,1.773,2200000.0,42.6,10.2,12.4,0.0,0.0455,0.0455,0.724,59.59,20.371,30.317,16.592,29.312,3.0,76.271,70.079,3388.783,3.001,0.516,23.406,3.125,,,,,,,,,,,
551,North Goa,Goa,2.683,820000.0,31.56,10.2,12.4,0.0,19.5122,8.2927,16.409,90.0,22.75,24.2,17.7,25.8,3.0,87.7,64.8,3824.0,1.341,0.366,12.683,1.0,64.8,87.7,3.0,3824.0,24.2,17.7,25.8,20.6,24.9,90.0,90.0
552,South Goa,Goa,2.812,640000.0,30.12,10.2,12.4,0.0,10.1562,3.75,10.7177,90.0,22.15,28.3,21.4,21.0,3.0,88.2,67.7,3768.0,1.25,0.312,11.094,1.0,67.7,88.2,3.0,3768.0,28.3,21.4,21.0,21.1,23.2,90.0,90.0
524,Bagalkote,Karnataka,1.773,2200000.0,42.6,10.2,12.4,0.0,0.0,0.0,0.0,55.5,12.3,48.3,16.9,42.3,3.0,51.3,22.3,4576.0,2.273,0.318,10.636,6.0,22.3,51.3,3.0,4576.0,48.3,16.9,42.3,11.8,12.8,90.0,21.0
528,Ballari,Karnataka,1.773,2200000.0,42.6,10.2,12.4,0.0,0.0909,0.0,1.0986,55.45,10.4,36.1,22.9,36.5,3.0,64.1,25.7,12348.0,3.409,0.364,12.364,7.0,25.7,64.1,3.0,12348.0,36.1,22.9,36.5,9.2,11.6,90.0,20.9
527,Belagavi,Karnataka,1.004,4780000.0,63.24,10.2,12.4,0.0,0.2929,0.0628,2.873,56.1,12.55,32.8,23.6,36.9,3.0,67.7,20.7,3902.0,3.222,0.335,11.485,10.0,20.7,67.7,3.0,3902.0,32.8,23.6,36.9,12.9,12.2,90.0,22.2
526,Bengaluru Rural,Karnataka,1.717,990000.0,12.0,10.2,12.4,0.0,0.202,0.101,1.2043,60.4,15.65,36.6,16.2,23.8,3.0,88.8,34.9,4836.0,4.747,0.101,16.869,4.0,34.9,88.8,3.0,4836.0,36.6,16.2,23.8,13.6,17.7,90.0,30.8
525,Bengaluru Urban,Karnataka,1.476,9620000.0,85.0,10.2,12.4,0.0,42.3701,10.5509,28.6533,61.75,20.35,31.3,19.2,28.1,3.0,90.4,28.8,3633.0,0.78,0.031,2.027,6.0,28.8,90.4,3.0,3633.0,31.3,19.2,28.1,19.4,21.3,90.0,33.5
529,Bidar,Karnataka,1.773,2200000.0,42.6,10.2,12.4,0.0,1.5455,0.5,4.9969,57.05,10.75,36.8,22.1,36.1,3.0,56.5,21.4,4091.0,2.409,0.273,12.682,5.0,21.4,56.5,3.0,4091.0,36.8,22.1,36.1,9.0,12.5,90.0,24.1
531,Chamarajanagara,Karnataka,1.773,2200000.0,42.6,10.2,12.4,0.0,0.0,0.0,0.0,59.95,14.45,32.2,18.0,28.7,3.0,75.2,34.4,4270.0,2.727,0.136,11.136,4.0,34.4,75.2,3.0,4270.0,32.2,18.0,28.7,14.1,14.8,90.0,29.9
630,Chikkaballapura,Karnataka,1.773,2200000.0,42.6,10.2,12.4,0.0,0.0,0.0,0.0,61.25,14.2,31.3,16.1,25.2,3.0,84.9,26.1,4324.0,2.727,0.091,9.045,6.0,26.1,84.9,3.0,4324.0,31.3,16.1,25.2,11.9,16.5,90.0,32.5
532,Chikkamagaluru,Karnataka,1.773,2200000.0,42.6,10.2,12.4,0.0,0.0455,0.0,0.6931,59.35,15.65,27.3,24.9,25.4,3.0,92.3,30.0,4544.0,4.182,0.182,17.045,7.0,30.0,92.3,3.0,4544.0,27.3,24.9,25.4,15.6,15.7,90.0,28.7
533,Chitradurga,Karnataka,1.773,2200000.0,42.6,10.2,12.4,0.0,0.2727,0.0455,2.0325,60.3,14.75,36.0,17.9,32.4,3.0,63.1,35.3,4234.0,4.045,0.455,12.864,6.0,35.3,63.1,3.0,4234.0,36.0,17.9,32.4,15.1,14.4,90.0,30.6
534,Dakshina Kannada,Karnataka,1.773,2200000.0,42.6,10.2,12.4,0.0,2.8182,1.0,7.0149,59.95,15.1,25.1,30.5,26.4,3.0,97.1,36.3,3699.0,3.227,0.273,20.0,5.0,36.3,97.1,3.0,3699.0,25.1,30.5,26.4,15.4,14.8,90.0,29.9
535,Davangere,Karnataka,1.773,2200000.0,42.6,10.2,12.4,0.0,1.6364,0.6364,5.3893,59.75,16.8,38.4,18.8,32.8,3.0,83.3,25.2,7508.0,4.909,0.227,13.682,6.0,25.2,83.3,3.0,7508.0,38.4,18.8,32.8,16.1,17.5,90.0,29.5
536,Dharwad,Karnataka,1.773,2200000.0,42.6,10.2,12.4,0.0,3.4091,1.0455,7.43,56.85,13.95,45.2,16.5,40.4,3.0,79.3,24.5,3225.0,1.455,0.0,8.818,4.0,24.5,79.3,3.0,3225.0,45.2,16.5,40.4,13.8,14.1,90.0,23.7
537,Gadag,Karnataka,1.773,2200000.0,42.6,10.2,12.4,0.0,0.4091,0.0455,2.405,56.95,12.65,45.2,18.2,39.8,3.0,55.2,28.3,5726.0,1.682,0.091,7.636,5.0,28.3,55.2,3.0,5726.0,45.2,18.2,39.8,12.1,13.2,90.0,23.9
539,Hassan,Karnataka,1.773,2200000.0,42.6,10.2,12.4,0.0,0.5909,0.1364,2.9765,59.75,17.5,27.1,15.2,23.8,3.0,87.9,36.9,3421.0,6.227,0.636,20.727,8.0,36.9,87.9,3.0,3421.0,27.1,15.2,23.8,16.3,18.7,90.0,29.5
540,Haveri,Karnataka,1.773,2200000.0,42.6,10.2,12.4,0.0,0.5909,0.2273,3.1796,57.2,13.95,29.9,17.7,35.0,3.0,68.9,28.8,11573.0,3.273,0.227,13.773,7.0,28.8,68.9,3.0,11573.0,29.9,17.7,35.0,12.7,15.2,90.0,24.4
538,Kalaburagi,Karnataka,1.773,2200000.0,42.6,10.2,12.4,0.0,0.3182,0.0909,2.2604,57.4,13.25,34.5,25.0,36.2,3.0,36.5,17.4,3738.0,4.045,0.727,15.773,7.0,17.4,36.5,3.0,3738.0,34.5,25.0,36.2,11.4,15.1,90.0,24.8
541,Kodagu,Karnataka,1.773,2200000.0,42.6,10.2,12.4,0.0,0.2273,0.0455,1.8715,61.65,18.35,30.4,21.7,22.6,3.0,93.9,45.6,2830.0,1.455,0.273,9.364,3.0,45.6,93.9,3.0,2830.0,30.4,21.7,22.6,17.4,19.3,90.0,33.3
542,Kolar,Karnataka,1.773,2200000.0,42.6,10.2,12.4,0.0,1.2273,0.5,4.6833,58.95,13.8,31.1,15.5,15.7,3.0,89.2,33.9,3188.0,2.818,0.091,12.5,6.0,33.9,89.2,3.0,3188.0,31.1,15.5,15.7,12.5,15.1,90.0,27.9
543,Koppal,Karnataka,1.773,2200000.0,42.6,10.2,12.4,0.0,0.3182,0.0,2.0794,56.1,12.05,49.1,23.1,45.8,3.0,58.8,20.6,4909.0,2.136,0.364,8.409,4.0,20.6,58.8,3.0,4909.0,49.1,23.1,45.8,9.6,14.5,90.0,22.2
544,Mandya,Karnataka,1.773,2200000.0,42.6,10.2,12.4,0.0,1.0909,0.1364,3.6305,59.9,17.15,24.3,11.8,16.7,3.0,86.7,39.9,4109.0,5.182,0.318,17.5,7.0,39.9,86.7,3.0,4109.0,24.3,11.8,16.7,16.1,18.2,90.0,29.8
545,Mysuru,Karnataka,1.733,3000000.0,49.0,10.2,12.4,0.0,1.2667,0.2667,4.5297,58.7,13.9,27.5,15.6,28.2,3.0,86.4,26.2,4143.0,4.667,0.3,14.6,6.0,26.2,86.4,3.0,4143.0,27.5,15.6,28.2,13.8,14.0,90.0,27.4
546,Raichur,Karnataka,1.773,2200000.0,42.6,10.2,12.4,1.0,0.9091,0.4091,4.0886,53.35,9.05,39.8,23.2,40.7,3.0,53.0,17.8,6277.0,2.409,0.227,10.136,5.0,17.8,53.0,3.0,6277.0,39.8,23.2,40.7,8.9,9.2,90.0,16.7
631,Ramanagara,Karnataka,1.773,2200000.0,42.6,10.2,12.4,0.0,0.6364,0.1364,3.0543,59.95,18.9,15.6,20.0,19.8,3.0,89.6,35.7,4877.0,2.727,0.136,10.455,4.0,35.7,89.6,3.0,4877.0,15.6,20.0,19.8,18.2,19.6,90.0,29.9
547,Shivamogga,Karnataka,1.773,2200000.0,42.6,10.2,12.4,0.0,0.2727,0.0,1.9459,59.35,16.0,29.0,23.2,34.4,3.0,85.4,26.5,5284.0,4.136,0.227,13.864,7.0,26.5,85.4,3.0,5284.0,29.0,23.2,34.4,15.3,16.7,90.0,28.7
548,Tumakuru,Karnataka,1.773,2200000.0,42.6,10.2,12.4,0.0,0.2273,0.0909,1.9476,62.0,17.65,40.3,10.9,26.7,3.0,86.1,31.0,4533.0,6.5,0.182,22.136,10.0,31.0,86.1,3.0,4533.0,40.3,10.9,26.7,15.4,19.9,90.0,34.0
549,Udupi,Karnataka,1.773,2200000.0,42.6,10.2,12.4,0.0,2.2273,0.6364,5.8387,61.25,17.2,23.1,17.6,21.0,3.0,94.5,50.9,2886.0,3.318,0.318,13.682,3.0,50.9,94.5,3.0,2886.0,23.1,17.6,21.0,16.7,17.7,90.0,32.5
550,Uttara Kannada,Karnataka,1.773,2200000.0,42.6,10.2,12.4,0.0,0.5455,0.1818,2.9934,57.55,13.25,29.6,21.9,33.3,3.0,89.6,32.0,5362.0,3.636,0.136,15.591,11.0,32.0,89.6,3.0,5362.0,29.6,21.9,33.3,12.7,13.8,90.0,25.1
738,Vijayanagar,Karnataka,1.773,2200000.0,42.6,10.2,12.4,0.0,1.4545,0.4091,4.6956,55.45,10.4,36.1,22.9,36.5,3.0,64.1,25.7,12348.0,3.409,0.364,12.364,7.0,,,,,,,,,,,
530,Vijayapura,Karnataka,1.773,2200000.0,42.6,10.2,12.4,0.0,0.3182,0.0455,2.172,55.5,12.95,45.9,15.0,39.0,3.0,44.8,21.2,3198.0,3.091,0.364,14.045,5.0,21.2,44.8,3.0,3198.0,45.9,15.0,39.0,11.6,14.3,90.0,21.0
635,Yadgir,Karnataka,1.773,2200000.0,42.6,10.2,12.4,1.0,0.0909,0.0,1.0986,54.0,10.4,57.6,17.7,45.2,3.0,37.4,16.7,4386.0,2.091,0.227,8.0,3.0,16.7,37.4,3.0,4386.0,57.6,17.7,45.2,7.7,13.1,90.0,18.0
554,Alappuzha,Kerala,1.773,2200000.0,42.6,10.2,12.4,0.0,3.1364,0.7727,6.6808,90.0,25.3,20.1,14.4,20.4,3.0,99.2,60.4,9472.0,2.545,0.727,14.727,4.0,60.4,99.2,3.0,9472.0,20.1,14.4,20.4,25.2,25.4,90.0,90.0
555,Ernakulam,Kerala,2.561,3280000.0,51.24,10.2,12.4,0.0,18.3232,4.939,17.8026,90.0,25.65,22.0,17.1,19.4,3.0,99.3,46.2,4940.0,2.134,0.701,10.976,2.0,46.2,99.3,3.0,4940.0,22.0,17.1,19.4,25.8,25.5,90.0,90.0
556,Idukki,Kerala,1.773,2200000.0,42.6,10.2,12.4,0.0,1.9545,0.4091,5.082,90.0,23.35,24.3,14.5,23.6,3.0,97.5,58.1,4942.0,1.818,0.636,12.545,3.0,58.1,97.5,3.0,4942.0,24.3,14.5,23.6,22.8,23.9,90.0,90.0
557,Kannur,Kerala,1.773,2200000.0,42.6,10.2,12.4,0.0,4.7727,1.0455,8.0008,90.0,24.4,19.4,14.0,17.9,3.0,99.5,47.9,6125.0,3.682,0.455,16.455,4.0,47.9,99.5,3.0,6125.0,19.4,14.0,17.9,23.8,25.0,90.0,90.0
558,Kasaragod,Kerala,1.773,2200000.0,42.6,10.2,12.4,0.0,0.7273,0.0455,2.9593,90.0,21.35,25.3,12.6,21.4,3.0,98.9,44.0,3778.0,1.818,0.409,10.0,2.0,44.0,98.9,3.0,3778.0,25.3,12.6,21.4,20.4,22.3,90.0,90.0
559,Kollam,Kerala,1.773,2200000.0,42.6,10.2,12.4,0.0,4.8182,1.3636,8.6923,90.0,28.2,15.5,21.4,17.0,3.0,97.5,56.0,6836.0,2.273,0.727,16.727,6.0,56.0,97.5,3.0,6836.0,15.5,21.4,17.0,26.2,30.2,90.0,90.0
560,Kottayam,Kerala,1.773,2200000.0,42.6,10.2,12.4,0.0,33.4545,11.3182,23.1822,90.0,29.05,23.4,8.4,17.3,3.0,98.6,53.2,6260.0,2.455,0.773,13.318,3.0,53.2,98.6,3.0,6260.0,23.4,8.4,17.3,28.7,29.4,90.0,90.0
561,Kozhikode,Kerala,1.773,2200000.0,42.6,10.2,12.4,0.0,14.6364,2.3182,12.7075,90.0,23.2,21.3,14.1,18.9,3.0,99.6,61.1,4734.0,2.773,0.727,16.091,4.0,61.1,99.6,3.0,4734.0,21.3,14.1,18.9,22.5,23.9,90.0,90.0
562,Malappuram,Kerala,1.776,4110000.0,57.88,10.2,12.4,0.0,6.18,1.0706,9.5744,90.0,22.7,29.4,18.2,21.4,3.0,99.9,42.8,6760.0,2.044,0.511,12.506,2.0,42.8,99.9,3.0,6760.0,29.4,18.2,21.4,21.4,24.0,90.0,90.0
563,Palakkad,Kerala,1.773,2200000.0,42.6,10.2,12.4,0.0,7.3636,1.8636,10.4528,90.0,25.45,29.7,21.7,27.7,3.0,99.0,53.8,6211.0,3.364,0.818,20.045,4.0,53.8,99.0,3.0,6211.0,29.7,21.7,27.7,24.6,26.3,90.0,90.0
564,Pathanamthitta,Kerala,1.773,2200000.0,42.6,10.2,12.4,0.0,1.7273,0.5909,5.3646,90.0,33.4,22.7,11.4,11.2,3.0,98.9,50.1,7467.0,1.909,0.591,10.455,2.0,50.1,98.9,3.0,7467.0,22.7,11.4,11.2,32.1,34.7,90.0,90.0
565,Thiruvananthapuram,Kerala,2.788,3300000.0,51.4,10.2,12.4,0.0,9.3333,1.5758,11.158,90.0,31.15,19.5,17.4,15.2,3.0,95.4,48.7,8788.0,1.848,0.576,12.727,2.0,48.7,95.4,3.0,8788.0,19.5,17.4,15.2,26.1,36.2,90.0,90.0
566,Thrissur,Kerala,1.773,2200000.0,42.6,10.2,12.4,0.0,12.0455,4.2273,14.818,90.0,30.0,22.0,9.6,17.3,3.0,99.5,48.7,5053.0,3.409,1.091,18.773,3.0,48.7,99.5,3.0,5053.0,22.0,9.6,17.3,28.3,31.7,90.0,90.0
567,Wayanad,Kerala,1.773,2200000.0,42.6,10.2,12.4,1.0,1.8182,0.1364,4.1884,90.0,18.1,31.3,16.1,22.5,3.0,97.6,64.8,4232.0,0.955,0.364,0.0,2.0,64.8,97.6,3.0,4232.0,31.3,16.1,22.5,18.3,17.9,90.0,90.0
598,Karaikal,Puducherry,4.0,200000.0,26.6,10.2,12.4,0.0,1.0,0.5,1.5441,90.0,22.6,25.5,15.3,19.7,3.0,84.3,26.9,2788.0,4.5,0.5,8.5,0.0,26.9,84.3,3.0,2788.0,25.5,15.3,19.7,22.4,22.8,90.0,90.0
599,Mahe,Puducherry,1.773,2200000.0,42.6,10.2,12.4,0.0,5.3636,2.7727,11.1248,90.0,27.85,48.2,7.3,32.6,3.0,99.8,23.6,8288.0,0.0,0.0,0.0,0.0,23.6,99.8,3.0,8288.0,48.2,7.3,32.6,27.1,28.6,90.0,90.0
600,Puducherry,Puducherry,2.526,950000.0,32.6,10.2,12.4,0.0,2.3158,1.0526,5.3903,90.0,20.05,17.0,11.6,13.1,3.0,84.6,31.3,3317.0,1.579,0.211,3.789,0.0,31.3,84.6,3.0,3317.0,17.0,11.6,13.1,19.1,21.0,90.0,90.0
601,Yanam,Puducherry,1.773,2200000.0,42.6,10.2,12.4,0.0,0.2273,0.2273,2.1587,90.0,23.35,25.0,12.4,18.7,3.0,84.1,29.2,2763.0,0.0,0.0,0.0,0.0,29.2,84.1,3.0,2763.0,25.0,12.4,18.7,22.0,24.7,90.0,90.0
610,Ariyalur,Tamil Nadu,1.773,2200000.0,42.6,10.2,12.4,0.0,0.1818,0.0909,1.7495,90.0,22.1,29.1,15.9,22.3,3.0,57.4,75.5,3707.0,2.318,0.455,9.227,7.0,,,,,,,,,,,
730,Chengalpattu,Tamil Nadu,1.773,2200000.0,42.6,10.2,12.4,0.0,1.2727,0.4545,4.6289,90.0,23.6,20.6,15.7,19.8,3.0,75.9,59.7,3531.0,2.0,0.591,16.545,8.0,,,,,,,,,,,
568,Chennai,Tamil Nadu,2.473,4650000.0,85.0,10.2,12.4,0.0,43.7849,13.3548,27.9175,90.0,24.65,20.4,18.3,21.9,3.0,90.4,58.2,3951.0,1.886,0.603,13.647,8.882,58.2,90.4,3.0,3951.0,20.4,18.3,21.9,27.2,22.1,90.0,90.0
569,Coimbatore,Tamil Nadu,2.254,3460000.0,52.68,10.2,12.4,0.0,13.2948,4.4798,16.5667,90.0,18.7,23.0,7.0,18.5,3.0,78.5,61.0,5609.0,1.012,0.347,9.48,9.0,61.0,78.5,3.0,5609.0,23.0,7.0,18.5,19.1,18.3,90.0,90.0
570,Cuddalore,Tamil Nadu,1.773,2200000.0,42.6,10.2,12.4,0.0,1.0455,0.3636,4.1637,90.0,20.6,20.2,13.9,18.0,3.0,61.3,64.4,3803.0,2.136,0.591,14.5,8.0,64.4,61.3,3.0,3803.0,20.2,13.9,18.0,20.5,20.7,90.0,90.0
571,Dharmapuri,Tamil Nadu,1.773,2200000.0,42.6,10.2,12.4,0.0,0.8182,0.4091,3.9542,90.0,16.75,28.7,16.9,23.2,3.0,72.4,75.5,2808.0,1.273,0.364,9.909,4.0,75.5,72.4,3.0,2808.0,28.7,16.9,23.2,15.4,18.1,90.0,90.0
572,Dindigul,Tamil Nadu,1.773,2200000.0,42.6,10.2,12.4,0.0,1.0,0.6818,4.7655,90.0,23.6,27.1,21.1,28.4,3.0,61.0,71.9,2828.0,1.955,0.636,14.136,12.0,71.9,61.0,3.0,2828.0,27.1,21.1,28.4,22.1,25.1,90.0,90.0
573,Erode,Tamil Nadu,1.773,2200000.0,42.6,10.2,12.4,0.0,3.7273,1.6364,8.7025,90.0,16.35,19.4,20.9,26.9,3.0,67.6,77.7,2401.0,1.727,0.636,14.136,8.0,77.7,67.6,3.0,2401.0,19.4,20.9,26.9,16.6,16.1,90.0,90.0
729,Kallakurichi,Tamil Nadu,1.773,2200000.0,42.6,10.2,12.4,0.0,0.1818,0.0,1.6094,90.0,18.8,23.9,12.4,20.5,3.0,53.8,77.6,3255.0,3.091,1.0,25.318,9.0,,,,,,,,,,,
574,Kancheepuram,Tamil Nadu,1.773,2200000.0,42.6,10.2,12.4,0.0,9.5,4.1364,14.0969,90.0,23.6,20.6,15.7,19.8,3.0,75.9,59.7,3531.0,2.0,0.591,16.545,8.0,59.7,75.9,3.0,3531.0,20.6,15.7,19.8,22.9,24.3,90.0,90.0
575,Kanniyakumari,Tamil Nadu,1.773,2200000.0,42.6,10.2,12.4,0.0,0.0455,0.0,0.6931,90.0,27.1,17.3,11.4,14.5,3.0,96.2,64.1,3170.0,1.886,0.603,13.647,8.882,64.1,96.2,3.0,3170.0,17.3,11.4,14.5,29.0,25.2,90.0,90.0
576,Karur,Tamil Nadu,1.773,2200000.0,42.6,10.2,12.4,0.0,1.0,0.3182,4.0017,90.0,26.15,33.6,18.4,36.3,3.0,63.6,74.6,2586.0,1.045,0.364,7.636,6.0,74.6,63.6,3.0,2586.0,33.6,18.4,36.3,23.4,28.9,90.0,90.0
577,Krishnagiri,Tamil Nadu,1.773,2200000.0,42.6,10.2,12.4,0.0,2.6818,1.0455,7.0244,90.0,14.5,29.0,10.4,19.3,3.0,75.9,73.6,2081.0,1.318,0.455,10.818,6.0,73.6,75.9,3.0,2081.0,29.0,10.4,19.3,14.0,15.0,90.0,90.0
578,Madurai,Tamil Nadu,1.776,3040000.0,49.32,10.2,12.4,0.0,4.2105,1.6118,9.5254,90.0,21.95,32.4,9.5,21.5,3.0,80.1,66.3,3317.0,1.25,0.428,10.329,6.0,66.3,80.1,3.0,3317.0,32.4,9.5,21.5,21.2,22.7,90.0,90.0
735,Mayiladuthurai,Tamil Nadu,1.773,2200000.0,42.6,10.2,12.4,0.0,0.2727,0.0909,2.1152,90.0,19.65,32.3,12.5,24.3,3.0,69.6,70.9,4655.0,1.773,0.5,11.727,12.0,,,,,,,,,,,
579,Nagapattinam,Tamil Nadu,1.773,2200000.0,42.6,10.2,12.4,0.0,0.2273,0.0909,1.9476,90.0,19.65,32.3,12.5,24.3,3.0,69.6,70.9,4655.0,1.773,0.5,11.727,12.0,70.9,69.6,3.0,4655.0,32.3,12.5,24.3,19.4,19.9,90.0,90.0
580,Namakkal,Tamil Nadu,1.773,2200000.0,42.6,10.2,12.4,0.0,1.3636,0.3636,4.499,90.0,21.85,25.2,10.3,15.7,3.0,75.2,68.8,3435.0,1.682,0.682,10.909,8.0,68.8,75.2,3.0,3435.0,25.2,10.3,15.7,19.7,24.0,90.0,90.0
581,Perambalur,Tamil Nadu,1.773,2200000.0,42.6,10.2,12.4,0.0,0.2727,0.0455,2.0325,90.0,22.1,29.1,15.9,22.3,3.0,57.4,75.5,3707.0,2.318,0.455,9.227,7.0,75.5,57.4,3.0,3707.0,29.1,15.9,22.3,21.0,23.2,90.0,90.0
582,Pudukkottai,Tamil Nadu,1.773,2200000.0,42.6,10.2,12.4,0.0,0.5909,0.2273,3.1796,90.0,20.75,32.2,9.5,21.6,3.0,55.2,72.9,2610.0,1.909,0.591,10.909,12.0,72.9,55.2,3.0,2610.0,32.2,9.5,21.6,18.5,23.0,90.0,90.0
583,Ramanathapuram,Tamil Nadu,1.773,2200000.0,42.6,10.2,12.4,1.0,0.0909,0.0,1.0986,90.0,18.7,26.4,17.7,21.6,3.0,78.6,69.7,3729.0,1.886,0.603,13.647,8.882,69.7,78.6,3.0,3729.0,26.4,17.7,21.6,17.2,20.2,90.0,90.0
731,Ranipet,Tamil Nadu,1.773,2200000.0,42.6,10.2,12.4,0.0,0.3182,0.2273,2.5053,90.0,20.9,29.8,13.1,19.7,3.0,76.2,71.4,2272.0,2.5,0.909,20.636,10.0,,,,,,,,,,,
584,Salem,Tamil Nadu,1.293,3480000.0,52.84,10.2,12.4,0.0,2.6724,0.9195,7.5058,90.0,20.35,23.6,10.1,20.8,3.0,64.5,67.5,3965.0,1.695,0.575,11.437,9.0,67.5,64.5,3.0,3965.0,23.6,10.1,20.8,18.0,22.7,90.0,90.0
585,Sivaganga,Tamil Nadu,1.773,2200000.0,42.6,10.2,12.4,0.0,0.5,0.0909,2.7011,90.0,24.45,27.6,22.8,28.4,3.0,74.4,67.7,3143.0,1.636,0.545,12.5,10.0,67.7,74.4,3.0,3143.0,27.6,22.8,28.4,22.7,26.2,90.0,90.0
733,Tenkasi,Tamil Nadu,1.773,2200000.0,42.6,10.2,12.4,0.0,0.2727,0.1364,2.1947,90.0,21.65,29.4,12.0,22.7,3.0,79.8,61.3,3281.0,2.273,0.864,17.409,13.0,,,,,,,,,,,
586,Thanjavur,Tamil Nadu,1.773,2200000.0,42.6,10.2,12.4,0.0,1.4545,0.6364,5.2185,90.0,26.15,19.6,8.3,21.9,3.0,79.6,70.6,3425.0,2.227,0.636,14.045,13.0,70.6,79.6,3.0,3425.0,19.6,8.3,21.9,23.3,29.0,90.0,90.0
587,The Nilgiris,Tamil Nadu,1.773,2200000.0,42.6,10.2,12.4,0.0,0.0455,0.0,0.6931,90.0,14.3,26.7,17.3,23.2,3.0,83.6,74.5,3438.0,1.182,0.182,8.818,6.0,74.5,83.6,3.0,3438.0,26.7,17.3,23.2,13.6,15.0,90.0,90.0
588,Theni,Tamil Nadu,1.773,2200000.0,42.6,10.2,12.4,0.0,0.6364,0.1818,3.1604,90.0,23.0,20.2,15.5,18.8,3.0,74.4,67.4,1773.0,1.0,0.364,7.364,6.0,67.4,74.4,3.0,1773.0,20.2,15.5,18.8,22.9,23.1,90.0,90.0
589,Thiruvallur,Tamil Nadu,1.773,2200000.0,42.6,10.2,12.4,0.0,1.5,0.5909,5.1636,90.0,22.95,18.1,17.0,20.6,3.0,75.6,57.4,3668.0,1.545,0.636,13.773,11.0,57.4,75.6,3.0,3668.0,18.1,17.0,20.6,22.5,23.4,90.0,90.0
590,Thiruvarur,Tamil Nadu,1.773,2200000.0,42.6,10.2,12.4,0.0,0.2273,0.0909,1.9476,90.0,26.2,19.8,18.4,21.5,3.0,71.0,75.2,4590.0,1.455,0.455,8.864,7.0,75.2,71.0,3.0,4590.0,19.8,18.4,21.5,26.5,25.9,90.0,90.0
594,Thoothukkudi,Tamil Nadu,1.773,2200000.0,42.6,10.2,12.4,0.0,0.0909,0.0,1.0986,90.0,23.7,20.3,18.4,21.0,3.0,79.4,57.8,3180.0,1.636,0.545,11.318,9.0,57.8,79.4,3.0,3180.0,20.3,18.4,21.0,22.0,25.4,90.0,90.0
591,Tiruchirappalli,Tamil Nadu,1.765,2720000.0,46.76,10.2,12.4,0.0,3.0147,0.6618,6.6632,90.0,24.6,27.6,20.9,27.4,3.0,67.1,67.8,2593.0,1.886,0.603,13.647,8.882,67.8,67.1,3.0,2593.0,27.6,20.9,27.4,22.7,26.5,90.0,90.0
592,Tirunelveli,Tamil Nadu,1.773,2200000.0,42.6,10.2,12.4,0.0,1.5909,0.5455,5.1436,90.0,21.65,29.4,12.0,22.7,3.0,79.8,61.3,3281.0,2.273,0.864,17.409,13.0,61.3,79.8,3.0,3281.0,29.4,12.0,22.7,21.0,22.3,90.0,90.0
732,Tirupathur,Tamil Nadu,1.773,2200000.0,42.6,10.2,12.4,0.0,0.1818,0.0909,1.7495,90.0,20.9,29.8,13.1,19.7,3.0,76.2,71.4,2272.0,2.5,0.909,20.636,10.0,,,,,,,,,,,
634,Tiruppur,Tamil Nadu,1.773,2200000.0,42.6,10.2,12.4,0.0,0.0,0.0,0.0,90.0,18.45,21.5,15.3,23.1,3.0,75.9,59.9,5017.0,1.364,0.591,11.0,8.0,59.9,75.9,3.0,5017.0,21.5,15.3,23.1,18.3,18.6,90.0,90.0
593,Tiruvannamalai,Tamil Nadu,1.773,2200000.0,42.6,10.2,12.4,0.0,0.8182,0.1364,3.3209,90.0,20.3,30.6,14.8,25.0,3.0,61.7,69.6,2724.0,3.318,0.818,18.636,7.0,69.6,61.7,3.0,2724.0,30.6,14.8,25.0,18.8,21.8,90.0,90.0
595,Vellore,Tamil Nadu,1.773,2200000.0,42.6,10.2,12.4,0.0,2.9545,0.7273,6.4796,90.0,20.9,29.8,13.1,19.7,3.0,76.2,71.4,2272.0,2.5,0.909,20.636,10.0,71.4,76.2,3.0,2272.0,29.8,13.1,19.7,20.4,21.4,90.0,90.0
596,Viluppuram,Tamil Nadu,1.773,2200000.0,42.6,10.2,12.4,0.0,0.0909,0.0,1.0986,90.0,18.8,23.9,12.4,20.5,3.0,53.8,77.6,3255.0,3.091,1.0,25.318,9.0,77.6,53.8,3.0,3255.0,23.9,12.4,20.5,17.7,19.9,90.0,90.0
597,Virudhunagar,Tamil Nadu,1.773,2200000.0,42.6,10.2,12.4,1.0,2.1364,1.5909,7.5566,90.0,20.4,29.2,14.4,23.7,3.0,59.8,51.3,2607.0,1.364,0.5,11.136,9.0,51.3,59.8,3.0,2607.0,29.2,14.4,23.7,19.2,21.6,90.0,90.0
501,Adilabad,Telangana,1.773,2200000.0,42.6,10.2,12.4,0.0,0.8182,0.1818,3.4363,90.0,11.8,45.7,29.5,52.0,3.0,50.8,63.6,4105.0,3.182,0.591,21.364,2.0,63.6,50.8,3.0,4105.0,45.7,29.5,52.0,10.8,12.8,90.0,90.0
690,Bhadradri Kothagudem,Telangana,1.773,2200000.0,42.6,10.2,12.4,1.0,0.0,0.0,0.0,90.0,18.35,28.4,21.8,25.3,3.0,75.3,59.4,3255.0,3.136,0.591,26.864,3.0,59.4,75.3,3.0,3255.0,28.4,21.8,25.3,18.3,18.4,90.0,90.0
686,Hanumakonda,Telangana,1.773,2200000.0,42.6,10.2,12.4,0.0,0.0455,0.0,0.6931,90.0,18.05,29.5,29.5,36.0,3.0,81.2,62.0,2825.0,3.136,0.636,27.5,2.0,62.0,81.2,3.0,2825.0,29.5,29.5,36.0,17.1,19.0,90.0,90.0
507,Hyderabad,Telangana,3.249,3940000.0,85.0,10.2,12.4,0.0,142.9949,52.7919,43.0553,90.0,24.0,30.4,17.7,18.9,3.0,84.4,48.9,2815.0,0.254,0.0,1.345,5.0,48.9,84.4,3.0,2815.0,30.4,17.7,18.9,21.2,26.8,90.0,90.0
681,Jagitial,Telangana,1.773,2200000.0,42.6,10.2,12.4,0.0,0.0,0.0,0.0,90.0,17.5,29.9,17.5,32.3,3.0,76.5,59.2,3494.0,3.182,0.727,26.364,4.0,59.2,76.5,3.0,3494.0,29.9,17.5,32.3,15.5,19.5,90.0,90.0
689,Jangoan,Telangana,1.773,2200000.0,42.6,10.2,12.4,0.0,0.0,0.0,0.0,90.0,16.35,33.4,22.9,30.9,3.0,84.3,71.7,4741.0,3.136,0.636,27.5,2.0,71.7,84.3,3.0,4741.0,33.4,22.9,30.9,14.4,18.3,90.0,90.0
687,Jayashankar Bhupalapally,Telangana,1.773,2200000.0,42.6,10.2,12.4,1.0,0.0,0.0,0.0,90.0,15.45,32.5,31.8,36.7,3.0,65.6,71.5,5993.0,3.136,0.636,27.5,2.0,71.5,65.6,3.0,5993.0,32.5,31.8,36.7,13.5,17.4,90.0,90.0
695,Jogulamba Gadwal,Telangana,1.773,2200000.0,42.6,10.2,12.4,0.0,0.0,0.0,0.0,90.0,11.8,49.7,17.3,41.7,3.0,73.7,61.8,2832.0,2.972,0.527,24.019,3.28,61.8,73.7,3.0,2832.0,49.7,17.3,41.7,9.3,14.3,90.0,90.0
685,Kamareddy,Telangana,1.773,2200000.0,42.6,10.2,12.4,0.0,0.1364,0.0,1.3863,90.0,15.2,33.4,34.5,43.9,3.0,68.2,66.5,5957.0,2.273,0.636,18.727,4.0,66.5,68.2,3.0,5957.0,33.4,34.5,43.9,12.9,17.5,90.0,90.0
508,Karimnagar,Telangana,1.773,2200000.0,42.6,10.2,12.4,0.0,1.1818,0.2273,3.9709,90.0,18.4,30.3,13.9,27.5,3.0,78.8,58.6,4573.0,3.182,0.727,26.364,4.0,58.6,78.8,3.0,4573.0,30.3,13.9,27.5,16.8,20.0,90.0,90.0
509,Khammam,Telangana,1.773,2200000.0,42.6,10.2,12.4,0.0,1.1364,0.1818,3.8023,90.0,17.7,22.2,24.7,26.2,3.0,84.5,60.4,3771.0,3.136,0.591,26.864,3.0,60.4,84.5,3.0,3771.0,22.2,24.7,26.2,17.7,17.7,90.0,90.0
699,Kumuram Bheem Asifabad,Telangana,1.773,2200000.0,42.6,10.2,12.4,1.0,0.0,0.0,0.0,90.0,10.0,38.1,35.7,41.1,3.0,54.0,63.6,4121.0,3.182,0.591,21.364,2.0,63.6,54.0,3.0,4121.0,38.1,35.7,41.1,8.4,11.6,90.0,90.0
688,Mahabubabad,Telangana,1.773,2200000.0,42.6,10.2,12.4,0.0,0.2273,0.0,1.7918,90.0,15.3,33.0,19.3,26.3,3.0,68.6,69.3,3234.0,3.136,0.636,27.5,2.0,69.3,68.6,3.0,3234.0,33.0,19.3,26.3,14.1,16.5,90.0,90.0
512,Mahabubnagar,Telangana,1.773,2200000.0,42.6,10.2,12.4,0.0,0.2727,0.0909,2.1152,90.0,12.5,42.6,17.8,33.0,3.0,73.7,70.3,2369.0,2.972,0.527,24.019,3.28,70.3,73.7,3.0,2369.0,42.6,17.8,33.0,10.8,14.2,90.0,90.0
684,Mancherial,Telangana,1.773,2200000.0,42.6,10.2,12.4,0.0,0.0,0.0,0.0,90.0,15.15,25.9,22.1,27.4,3.0,78.1,64.4,3041.0,3.182,0.591,21.364,2.0,64.4,78.1,3.0,3041.0,25.9,22.1,27.4,14.2,16.1,90.0,90.0
513,Medak,Telangana,1.773,2200000.0,42.6,10.2,12.4,0.0,10.1818,4.4545,14.6042,90.0,16.75,36.4,21.3,42.0,3.0,78.2,61.2,6139.0,3.045,0.364,22.227,4.0,61.2,78.2,3.0,6139.0,36.4,21.3,42.0,14.0,19.5,90.0,90.0
700,Medchal Malkajgiri,Telangana,1.773,2200000.0,42.6,10.2,12.4,0.0,0.5909,0.2273,3.1796,90.0,17.55,33.4,12.0,25.0,3.0,86.2,53.8,3534.0,2.972,0.527,24.019,3.28,53.8,86.2,3.0,3534.0,33.4,12.0,25.0,16.5,18.6,90.0,90.0
720,Mulugu,Telangana,1.773,2200000.0,42.6,10.2,12.4,0.0,0.0455,0.0,0.6931,90.0,16.85,36.1,19.0,37.9,3.0,74.3,72.0,3713.0,3.136,0.636,27.5,2.0,,,,,,,,,,,
694,Nagarkurnool,Telangana,1.773,2200000.0,42.6,10.2,12.4,0.0,0.0909,0.0,1.0986,90.0,13.5,35.1,27.3,30.9,3.0,73.2,68.6,2975.0,2.972,0.527,24.019,3.28,68.6,73.2,3.0,2975.0,35.1,27.3,30.9,12.5,14.5,90.0,90.0
514,Nalgonda,Telangana,1.773,2200000.0,42.6,10.2,12.4,0.0,1.9091,0.5,5.2862,90.0,15.4,31.7,29.8,28.0,3.0,76.4,64.8,4320.0,3.273,0.182,28.455,5.0,64.8,76.4,3.0,4320.0,31.7,29.8,28.0,13.8,17.0,90.0,90.0
721,Narayanpet,Telangana,1.773,2200000.0,42.6,10.2,12.4,0.0,0.0,0.0,0.0,90.0,12.5,42.6,17.8,33.0,3.0,73.7,70.3,2369.0,2.972,0.527,24.019,3.28,,,,,,,,,,,
680,Nirmal,Telangana,1.773,2200000.0,42.6,10.2,12.4,0.0,0.0909,0.0,1.0986,90.0,13.75,31.7,18.1,33.4,3.0,63.6,49.9,5080.0,3.182,0.591,21.364,2.0,49.9,63.6,3.0,5080.0,31.7,18.1,33.4,11.7,15.8,90.0,90.0
516,Nizamabad,Telangana,1.773,2200000.0,42.6,10.2,12.4,0.0,1.2273,0.2727,4.1357,90.0,14.55,30.5,26.2,38.4,3.0,72.5,52.3,5262.0,2.273,0.636,18.727,4.0,52.3,72.5,3.0,5262.0,30.5,26.2,38.4,13.5,15.6,90.0,90.0
682,Peddapalli,Telangana,1.773,2200000.0,42.6,10.2,12.4,0.0,0.0909,0.0,1.0986,90.0,15.25,27.5,28.8,33.1,3.0,77.8,59.1,3850.0,3.182,0.727,26.364,4.0,59.1,77.8,3.0,3850.0,27.5,28.8,33.1,13.7,16.8,90.0,90.0
683,Rajanna Sircilla,Telangana,1.773,2200000.0,42.6,10.2,12.4,0.0,0.0,0.0,0.0,90.0,16.75,22.4,19.4,26.1,3.0,77.4,62.8,3065.0,3.182,0.727,26.364,4.0,62.8,77.4,3.0,3065.0,22.4,19.4,26.1,13.2,20.3,90.0,90.0
518,Ranga Reddy,Telangana,1.773,2200000.0,42.6,10.2,12.4,0.0,1.1818,0.6364,4.919,90.0,17.45,37.8,13.9,29.5,3.0,81.1,58.3,3499.0,2.972,0.527,24.019,3.28,58.3,81.1,3.0,3499.0,37.8,13.9,29.5,15.3,19.6,90.0,90.0
691,Sangareddy,Telangana,1.773,2200000.0,42.6,10.2,12.4,0.0,0.2727,0.2273,2.3445,90.0,13.8,32.9,25.0,35.1,3.0,68.0,58.1,4718.0,3.045,0.364,22.227,4.0,58.1,68.0,3.0,4718.0,32.9,25.0,35.1,11.3,16.3,90.0,90.0
692,Siddipet,Telangana,1.773,2200000.0,42.6,10.2,12.4,0.0,0.0909,0.0455,1.1475,90.0,17.35,28.1,19.3,29.6,3.0,84.1,60.9,5528.0,3.045,0.364,22.227,4.0,60.9,84.1,3.0,5528.0,28.1,19.3,29.6,14.7,20.0,90.0,90.0
696,Suryapet,Telangana,1.773,2200000.0,42.6,10.2,12.4,0.0,0.0455,0.0,0.6931,90.0,20.8,29.1,24.9,30.1,3.0,77.9,63.1,3615.0,3.273,0.182,28.455,5.0,63.1,77.9,3.0,3615.0,29.1,24.9,30.1,17.7,23.9,90.0,90.0
698,Vikarabad,Telangana,1.773,2200000.0,42.6,10.2,12.4,0.0,0.0909,0.0,1.0986,90.0,12.55,32.1,20.0,37.1,3.0,66.7,59.6,3201.0,2.972,0.527,24.019,3.28,59.6,66.7,3.0,3201.0,32.1,20.0,37.1,10.8,14.3,90.0,90.0
693,Wanaparthy,Telangana,1.773,2200000.0,42.6,10.2,12.4,0.0,0.0,0.0,0.0,90.0,15.2,40.4,15.1,33.2,3.0,75.9,70.1,2989.0,2.972,0.527,24.019,3.28,70.1,75.9,3.0,2989.0,40.4,15.1,33.2,13.9,16.5,90.0,90.0
522,Warangal,Telangana,1.773,2200000.0,42.6,10.2,12.4,0.0,2.2273,0.4545,5.3777,90.0,16.85,36.1,19.0,37.9,3.0,74.3,72.0,3713.0,3.136,0.636,27.5,2.0,72.0,74.3,3.0,3713.0,36.1,19.0,37.9,15.6,18.1,90.0,90.0
697,Yadadri Bhuvanagiri,Telangana,1.773,2200000.0,42.6,10.2,12.4,0.0,0.0,0.0,0.0,90.0,16.3,38.3,10.3,27.2,3.0,81.9,65.3,3082.0,3.273,0.182,28.455,5.0,65.3,81.9,3.0,3082.0,38.3,10.3,27.2,14.6,18.0,90.0,90.0
