variable_1,variable_2,pearson_r,spearman_rho,collinearity_risk,action_recommendation
mca21_pharma_density_per_100k,mca21_pharma_mfg_density_per_100k,0.9924,0.9536,HIGH_REDUNDANCY,PRUNE / COMBINE
nfhs_wasting_pct,wasting_pct,0.967,0.9342,HIGH_REDUNDANCY,PRUNE / COMBINE
nfhs_sanitation_pct,sanitation_pct,0.9664,0.9524,HIGH_REDUNDANCY,PRUNE / COMBINE
nfhs_insurance_pct,insurance_pct,0.9597,0.8858,HIGH_REDUNDANCY,PRUNE / COMBINE
nfhs_stunting_pct,stunting_pct,0.9392,0.9313,HIGH_REDUNDANCY,PRUNE / COMBINE
nfhs_underweight_pct,underweight_pct,0.9288,0.9218,HIGH_REDUNDANCY,PRUNE / COMBINE
nfhs_diabetes_combined_pct,diabetes_combined_pct_women,0.9198,0.912,HIGH_REDUNDANCY,PRUNE / COMBINE
nfhs_diabetes_combined_pct,diabetes_combined_pct_men,0.9195,0.8991,HIGH_REDUNDANCY,PRUNE / COMBINE
diabetes_combined_pct_women,diabetes_combined_pct_men,0.9025,0.8979,HIGH_REDUNDANCY,PRUNE / COMBINE
census_total_population,census_urban_population_pct,0.8754,0.9996,HIGH_REDUNDANCY,PRUNE / COMBINE
nfhs_oope_delivery_rs,oope_delivery_rs,0.8613,0.8791,HIGH_REDUNDANCY,PRUNE / COMBINE
mca21_pharma_density_per_100k,mca21_corporate_concentration_index,0.8544,0.9927,HIGH_REDUNDANCY,PRUNE / COMBINE
mca21_pharma_mfg_density_per_100k,mca21_corporate_concentration_index,0.8272,0.9624,HIGH_REDUNDANCY,PRUNE / COMBINE
nfhs_hypertension_combined_pct,hypertension_combined_pct_men,0.805,0.8187,HIGH_REDUNDANCY,PRUNE / COMBINE
stunting_pct,underweight_pct,0.783,0.7279,MODERATE_CORRELATION,MONITOR
nfhs_stunting_pct,nfhs_underweight_pct,0.7816,0.7458,MODERATE_CORRELATION,MONITOR
nfhs_stunting_pct,underweight_pct,0.7328,0.694,MODERATE_CORRELATION,MONITOR
nfhs_underweight_pct,stunting_pct,0.7292,0.6906,MODERATE_CORRELATION,MONITOR
rhs_phc_density_per_100k,rhs_subcentre_density_per_100k,0.6431,0.6828,MODERATE_CORRELATION,MONITOR
census_urban_population_pct,mca21_pharma_density_per_100k,0.6051,0.2755,MODERATE_CORRELATION,MONITOR
census_urban_population_pct,mca21_corporate_concentration_index,0.5967,0.3126,LOW_CORRELATION,RETAIN_INDEPENDENT
nfhs_insurance_pct,hypertension_combined_pct_men,0.5822,0.4309,LOW_CORRELATION,RETAIN_INDEPENDENT
insurance_pct,hypertension_combined_pct_men,0.572,0.3993,LOW_CORRELATION,RETAIN_INDEPENDENT
nfhs_wasting_pct,nfhs_underweight_pct,0.5589,0.5987,LOW_CORRELATION,RETAIN_INDEPENDENT
wasting_pct,underweight_pct,0.5557,0.5882,LOW_CORRELATION,RETAIN_INDEPENDENT
census_urban_population_pct,mca21_pharma_mfg_density_per_100k,0.5505,0.2407,LOW_CORRELATION,RETAIN_INDEPENDENT
sanitation_pct,diabetes_combined_pct_women,0.5496,0.4417,LOW_CORRELATION,RETAIN_INDEPENDENT
nfhs_wasting_pct,underweight_pct,0.5423,0.5588,LOW_CORRELATION,RETAIN_INDEPENDENT
nfhs_sanitation_pct,diabetes_combined_pct_women,0.5369,0.4257,LOW_CORRELATION,RETAIN_INDEPENDENT
nfhs_underweight_pct,wasting_pct,0.5176,0.5354,LOW_CORRELATION,RETAIN_INDEPENDENT
nfhs_diabetes_combined_pct,nfhs_sanitation_pct,0.5086,0.4476,LOW_CORRELATION,RETAIN_INDEPENDENT
nfhs_insurance_pct,rhs_chc_density_per_100k,0.5034,0.3768,LOW_CORRELATION,RETAIN_INDEPENDENT
nfhs_diabetes_combined_pct,sanitation_pct,0.499,0.4246,LOW_CORRELATION,RETAIN_INDEPENDENT
rhs_chc_density_per_100k,rhs_subcentre_density_per_100k,0.4939,0.4621,LOW_CORRELATION,RETAIN_INDEPENDENT
rhs_chc_density_per_100k,insurance_pct,0.492,0.369,LOW_CORRELATION,RETAIN_INDEPENDENT
census_total_population,mca21_corporate_concentration_index,0.4784,0.3094,LOW_CORRELATION,RETAIN_INDEPENDENT
sanitation_pct,diabetes_combined_pct_men,0.4741,0.389,LOW_CORRELATION,RETAIN_INDEPENDENT
nfhs_hypertension_combined_pct,insurance_pct,0.472,0.3761,LOW_CORRELATION,RETAIN_INDEPENDENT
nfhs_sanitation_pct,diabetes_combined_pct_men,0.4643,0.3805,LOW_CORRELATION,RETAIN_INDEPENDENT
mca21_corporate_concentration_index,diabetes_combined_pct_women,0.4389,0.4556,LOW_CORRELATION,RETAIN_INDEPENDENT
nfhs_hypertension_combined_pct,nfhs_insurance_pct,0.4272,0.2821,LOW_CORRELATION,RETAIN_INDEPENDENT
rhs_chc_density_per_100k,hypertension_combined_pct_men,0.4264,0.4296,LOW_CORRELATION,RETAIN_INDEPENDENT
nfhs_insurance_pct,rhs_subcentre_density_per_100k,0.418,0.3343,LOW_CORRELATION,RETAIN_INDEPENDENT
jan_aushadhi_density_per_100k,mca21_pharma_mfg_density_per_100k,0.4144,0.1677,LOW_CORRELATION,RETAIN_INDEPENDENT
jan_aushadhi_density_per_100k,mca21_pharma_density_per_100k,0.4103,0.1497,LOW_CORRELATION,RETAIN_INDEPENDENT
nfhs_hypertension_combined_pct,rhs_chc_density_per_100k,0.3977,0.4336,LOW_CORRELATION,RETAIN_INDEPENDENT
diabetes_combined_pct_men,hypertension_combined_pct_men,0.3943,0.4572,LOW_CORRELATION,RETAIN_INDEPENDENT
mca21_corporate_concentration_index,diabetes_combined_pct_men,0.3917,0.4045,LOW_CORRELATION,RETAIN_INDEPENDENT
nfhs_diabetes_combined_pct,hypertension_combined_pct_men,0.3905,0.4232,LOW_CORRELATION,RETAIN_INDEPENDENT
nfhs_hypertension_combined_pct,diabetes_combined_pct_men,0.3885,0.4443,LOW_CORRELATION,RETAIN_INDEPENDENT
rhs_subcentre_density_per_100k,insurance_pct,0.3835,0.2946,LOW_CORRELATION,RETAIN_INDEPENDENT
mca21_corporate_concentration_index,nfhs_diabetes_combined_pct,0.3818,0.4031,LOW_CORRELATION,RETAIN_INDEPENDENT
census_total_population,mca21_pharma_density_per_100k,0.3794,0.2719,LOW_CORRELATION,RETAIN_INDEPENDENT
diabetes_combined_pct_women,hypertension_combined_pct_men,0.3469,0.3831,LOW_CORRELATION,RETAIN_INDEPENDENT
nfhs_hypertension_combined_pct,diabetes_combined_pct_women,0.3426,0.3726,LOW_CORRELATION,RETAIN_INDEPENDENT
nfhs_hypertension_combined_pct,nfhs_diabetes_combined_pct,0.3386,0.3915,LOW_CORRELATION,RETAIN_INDEPENDENT
nfhs_diabetes_combined_pct,rhs_chc_density_per_100k,0.3274,0.3396,LOW_CORRELATION,RETAIN_INDEPENDENT
mca21_corporate_concentration_index,nfhs_sanitation_pct,0.3235,0.3129,LOW_CORRELATION,RETAIN_INDEPENDENT
jan_aushadhi_density_per_100k,mca21_corporate_concentration_index,0.3096,0.1192,LOW_CORRELATION,RETAIN_INDEPENDENT
mca21_corporate_concentration_index,sanitation_pct,0.3071,0.286,LOW_CORRELATION,RETAIN_INDEPENDENT
census_total_population,mca21_pharma_mfg_density_per_100k,0.3043,0.2371,LOW_CORRELATION,RETAIN_INDEPENDENT
nfhs_diabetes_combined_pct,nfhs_insurance_pct,0.3042,0.2225,LOW_CORRELATION,RETAIN_INDEPENDENT
insurance_pct,diabetes_combined_pct_men,0.2936,0.2285,LOW_CORRELATION,RETAIN_INDEPENDENT
nfhs_diabetes_combined_pct,insurance_pct,0.2874,0.2007,LOW_CORRELATION,RETAIN_INDEPENDENT
rhs_chc_density_per_100k,diabetes_combined_pct_men,0.2824,0.3047,LOW_CORRELATION,RETAIN_INDEPENDENT
rhs_chc_density_per_100k,diabetes_combined_pct_women,0.2799,0.2916,LOW_CORRELATION,RETAIN_INDEPENDENT
nfhs_insurance_pct,diabetes_combined_pct_men,0.2679,0.2028,LOW_CORRELATION,RETAIN_INDEPENDENT
insurance_pct,diabetes_combined_pct_women,0.2678,0.2116,LOW_CORRELATION,RETAIN_INDEPENDENT
mca21_pharma_density_per_100k,diabetes_combined_pct_women,0.2655,0.4669,LOW_CORRELATION,RETAIN_INDEPENDENT
mca21_pharma_density_per_100k,diabetes_combined_pct_men,0.2578,0.4085,LOW_CORRELATION,RETAIN_INDEPENDENT
nfhs_insurance_pct,diabetes_combined_pct_women,0.2443,0.1924,LOW_CORRELATION,RETAIN_INDEPENDENT
mca21_pharma_mfg_density_per_100k,diabetes_combined_pct_women,0.2429,0.4863,LOW_CORRELATION,RETAIN_INDEPENDENT
mca21_pharma_density_per_100k,nfhs_diabetes_combined_pct,0.241,0.4061,LOW_CORRELATION,RETAIN_INDEPENDENT
mca21_pharma_mfg_density_per_100k,diabetes_combined_pct_men,0.2404,0.4415,LOW_CORRELATION,RETAIN_INDEPENDENT
jan_aushadhi_density_per_100k,nfhs_hypertension_combined_pct,0.2371,0.2607,LOW_CORRELATION,RETAIN_INDEPENDENT
jan_aushadhi_density_per_100k,hypertension_combined_pct_men,0.2268,0.2823,LOW_CORRELATION,RETAIN_INDEPENDENT
niti_aspirational_district_flag,nfhs_wasting_pct,0.2258,0.2054,LOW_CORRELATION,RETAIN_INDEPENDENT
rhs_subcentre_density_per_100k,wasting_pct,0.2233,0.1724,LOW_CORRELATION,RETAIN_INDEPENDENT
mca21_pharma_mfg_density_per_100k,nfhs_diabetes_combined_pct,0.2233,0.4497,LOW_CORRELATION,RETAIN_INDEPENDENT
jan_aushadhi_density_per_100k,diabetes_combined_pct_women,0.2219,0.2306,LOW_CORRELATION,RETAIN_INDEPENDENT
jan_aushadhi_density_per_100k,diabetes_combined_pct_men,0.2186,0.1853,LOW_CORRELATION,RETAIN_INDEPENDENT
jan_aushadhi_density_per_100k,nfhs_diabetes_combined_pct,0.2079,0.198,LOW_CORRELATION,RETAIN_INDEPENDENT
mca21_pharma_density_per_100k,nfhs_sanitation_pct,0.2006,0.339,LOW_CORRELATION,RETAIN_INDEPENDENT
niti_aspirational_district_flag,wasting_pct,0.195,0.1678,LOW_CORRELATION,RETAIN_INDEPENDENT
mca21_pharma_density_per_100k,sanitation_pct,0.1931,0.3124,LOW_CORRELATION,RETAIN_INDEPENDENT
nfhs_sanitation_pct,oope_delivery_rs,0.1912,0.2077,LOW_CORRELATION,RETAIN_INDEPENDENT
rhs_phc_density_per_100k,rhs_chc_density_per_100k,0.1857,0.1702,LOW_CORRELATION,RETAIN_INDEPENDENT
sanitation_pct,oope_delivery_rs,0.1853,0.2294,LOW_CORRELATION,RETAIN_INDEPENDENT
niti_aspirational_district_flag,nfhs_stunting_pct,0.183,0.1904,LOW_CORRELATION,RETAIN_INDEPENDENT
rhs_chc_density_per_100k,rhs_hospital_presence,0.1825,0.0943,LOW_CORRELATION,RETAIN_INDEPENDENT
nfhs_stunting_pct,nfhs_wasting_pct,0.181,0.2388,LOW_CORRELATION,RETAIN_INDEPENDENT
niti_aspirational_district_flag,nfhs_underweight_pct,0.1798,0.1846,LOW_CORRELATION,RETAIN_INDEPENDENT
jan_aushadhi_density_per_100k,nfhs_sanitation_pct,0.1788,0.2056,LOW_CORRELATION,RETAIN_INDEPENDENT
jan_aushadhi_density_per_100k,sanitation_pct,0.1779,0.2246,LOW_CORRELATION,RETAIN_INDEPENDENT
stunting_pct,wasting_pct,0.1752,0.2295,LOW_CORRELATION,RETAIN_INDEPENDENT
niti_aspirational_district_flag,stunting_pct,0.1743,0.1569,LOW_CORRELATION,RETAIN_INDEPENDENT
nfhs_wasting_pct,stunting_pct,0.1715,0.216,LOW_CORRELATION,RETAIN_INDEPENDENT
mca21_pharma_mfg_density_per_100k,nfhs_sanitation_pct,0.1687,0.3393,LOW_CORRELATION,RETAIN_INDEPENDENT
sanitation_pct,hypertension_combined_pct_men,0.1672,0.1099,LOW_CORRELATION,RETAIN_INDEPENDENT
rhs_subcentre_density_per_100k,underweight_pct,0.1657,0.2515,LOW_CORRELATION,RETAIN_INDEPENDENT
nfhs_stunting_pct,wasting_pct,0.1639,0.2116,LOW_CORRELATION,RETAIN_INDEPENDENT
mca21_pharma_mfg_density_per_100k,sanitation_pct,0.161,0.3131,LOW_CORRELATION,RETAIN_INDEPENDENT
nfhs_oope_delivery_rs,sanitation_pct,0.1601,0.212,LOW_CORRELATION,RETAIN_INDEPENDENT
nfhs_wasting_pct,rhs_subcentre_density_per_100k,0.16,0.1063,LOW_CORRELATION,RETAIN_INDEPENDENT
niti_aspirational_district_flag,underweight_pct,0.16,0.1347,LOW_CORRELATION,RETAIN_INDEPENDENT
rhs_phc_density_per_100k,underweight_pct,0.1592,0.2489,LOW_CORRELATION,RETAIN_INDEPENDENT
nfhs_oope_delivery_rs,rhs_phc_density_per_100k,0.1543,0.1675,LOW_CORRELATION,RETAIN_INDEPENDENT
census_urban_population_pct,diabetes_combined_pct_women,0.1506,0.1205,LOW_CORRELATION,RETAIN_INDEPENDENT
nfhs_underweight_pct,rhs_phc_density_per_100k,0.1501,0.22,LOW_CORRELATION,RETAIN_INDEPENDENT
nfhs_sanitation_pct,nfhs_oope_delivery_rs,0.1493,0.2208,LOW_CORRELATION,RETAIN_INDEPENDENT
nfhs_hypertension_combined_pct,sanitation_pct,0.1489,0.1272,LOW_CORRELATION,RETAIN_INDEPENDENT
nfhs_underweight_pct,rhs_subcentre_density_per_100k,0.1488,0.2091,LOW_CORRELATION,RETAIN_INDEPENDENT
rhs_phc_density_per_100k,wasting_pct,0.1469,0.1621,LOW_CORRELATION,RETAIN_INDEPENDENT
nfhs_hypertension_combined_pct,nfhs_sanitation_pct,0.143,0.1456,LOW_CORRELATION,RETAIN_INDEPENDENT
nfhs_sanitation_pct,hypertension_combined_pct_men,0.1295,0.0852,LOW_CORRELATION,RETAIN_INDEPENDENT
nfhs_wasting_pct,rhs_phc_density_per_100k,0.1245,0.1394,LOW_CORRELATION,RETAIN_INDEPENDENT
census_urban_population_pct,rhs_hospital_presence,0.1213,0.1379,LOW_CORRELATION,RETAIN_INDEPENDENT
census_urban_population_pct,nfhs_diabetes_combined_pct,0.1189,0.1072,LOW_CORRELATION,RETAIN_INDEPENDENT
nfhs_hypertension_combined_pct,rhs_hospital_presence,0.112,0.0432,LOW_CORRELATION,RETAIN_INDEPENDENT
census_urban_population_pct,diabetes_combined_pct_men,0.1107,0.1014,LOW_CORRELATION,RETAIN_INDEPENDENT
oope_delivery_rs,diabetes_combined_pct_men,0.1103,-0.029,LOW_CORRELATION,RETAIN_INDEPENDENT
rhs_subcentre_density_per_100k,hypertension_combined_pct_men,0.1097,0.1281,LOW_CORRELATION,RETAIN_INDEPENDENT
census_total_population,rhs_hospital_presence,0.1089,0.1379,LOW_CORRELATION,RETAIN_INDEPENDENT
rhs_phc_density_per_100k,oope_delivery_rs,0.1039,0.1516,LOW_CORRELATION,RETAIN_INDEPENDENT
mca21_corporate_concentration_index,nfhs_hypertension_combined_pct,0.0995,0.109,LOW_CORRELATION,RETAIN_INDEPENDENT
census_total_population,diabetes_combined_pct_women,0.0919,0.1162,LOW_CORRELATION,RETAIN_INDEPENDENT
nfhs_oope_delivery_rs,diabetes_combined_pct_men,0.0916,-0.0143,LOW_CORRELATION,RETAIN_INDEPENDENT
rhs_phc_density_per_100k,stunting_pct,0.0909,0.1561,LOW_CORRELATION,RETAIN_INDEPENDENT
census_total_population,nfhs_sanitation_pct,0.0888,0.0404,LOW_CORRELATION,RETAIN_INDEPENDENT
mca21_corporate_concentration_index,oope_delivery_rs,0.0836,0.0899,LOW_CORRELATION,RETAIN_INDEPENDENT
mca21_corporate_concentration_index,nfhs_oope_delivery_rs,0.0831,0.1532,LOW_CORRELATION,RETAIN_INDEPENDENT
nfhs_stunting_pct,rhs_phc_density_per_100k,0.0829,0.1466,LOW_CORRELATION,RETAIN_INDEPENDENT
census_total_population,sanitation_pct,0.0822,0.0278,LOW_CORRELATION,RETAIN_INDEPENDENT
census_urban_population_pct,nfhs_sanitation_pct,0.0804,0.0418,LOW_CORRELATION,RETAIN_INDEPENDENT
nfhs_wasting_pct,nfhs_oope_delivery_rs,0.0794,0.1084,LOW_CORRELATION,RETAIN_INDEPENDENT
nfhs_diabetes_combined_pct,rhs_hospital_presence,0.0749,0.056,LOW_CORRELATION,RETAIN_INDEPENDENT
mca21_pharma_density_per_100k,nfhs_hypertension_combined_pct,0.0747,0.1148,LOW_CORRELATION,RETAIN_INDEPENDENT
census_urban_population_pct,sanitation_pct,0.0741,0.0293,LOW_CORRELATION,RETAIN_INDEPENDENT
rhs_hospital_presence,diabetes_combined_pct_women,0.0738,0.0494,LOW_CORRELATION,RETAIN_INDEPENDENT
nfhs_diabetes_combined_pct,oope_delivery_rs,0.0732,-0.0165,LOW_CORRELATION,RETAIN_INDEPENDENT
mca21_pharma_mfg_density_per_100k,nfhs_hypertension_combined_pct,0.0712,0.1189,LOW_CORRELATION,RETAIN_INDEPENDENT
census_total_population,nfhs_diabetes_combined_pct,0.0696,0.1032,LOW_CORRELATION,RETAIN_INDEPENDENT
census_total_population,diabetes_combined_pct_men,0.0691,0.0973,LOW_CORRELATION,RETAIN_INDEPENDENT
nfhs_wasting_pct,oope_delivery_rs,0.0681,0.1152,LOW_CORRELATION,RETAIN_INDEPENDENT
oope_delivery_rs,diabetes_combined_pct_women,0.0632,-0.0468,LOW_CORRELATION,RETAIN_INDEPENDENT
oope_delivery_rs,underweight_pct,0.0623,0.062,LOW_CORRELATION,RETAIN_INDEPENDENT
oope_delivery_rs,wasting_pct,0.0607,0.1353,LOW_CORRELATION,RETAIN_INDEPENDENT
nfhs_diabetes_combined_pct,nfhs_oope_delivery_rs,0.0556,0.0193,LOW_CORRELATION,RETAIN_INDEPENDENT
nfhs_oope_delivery_rs,wasting_pct,0.0543,0.1149,LOW_CORRELATION,RETAIN_INDEPENDENT
nfhs_oope_delivery_rs,underweight_pct,0.053,0.0431,LOW_CORRELATION,RETAIN_INDEPENDENT
nfhs_oope_delivery_rs,diabetes_combined_pct_women,0.0523,-0.0344,LOW_CORRELATION,RETAIN_INDEPENDENT
nfhs_underweight_pct,oope_delivery_rs,0.0498,0.0619,LOW_CORRELATION,RETAIN_INDEPENDENT
rhs_hospital_presence,insurance_pct,0.0481,0.0029,LOW_CORRELATION,RETAIN_INDEPENDENT
census_total_population,underweight_pct,0.048,0.0296,LOW_CORRELATION,RETAIN_INDEPENDENT
census_total_population,nfhs_underweight_pct,0.0383,0.0041,LOW_CORRELATION,RETAIN_INDEPENDENT
jan_aushadhi_density_per_100k,oope_delivery_rs,0.037,0.0845,LOW_CORRELATION,RETAIN_INDEPENDENT
nfhs_underweight_pct,nfhs_oope_delivery_rs,0.0369,0.0096,LOW_CORRELATION,RETAIN_INDEPENDENT
nfhs_insurance_pct,rhs_hospital_presence,0.0327,-0.0178,LOW_CORRELATION,RETAIN_INDEPENDENT
rhs_hospital_presence,diabetes_combined_pct_men,0.0324,0.0447,LOW_CORRELATION,RETAIN_INDEPENDENT
jan_aushadhi_density_per_100k,nfhs_oope_delivery_rs,0.031,0.0894,LOW_CORRELATION,RETAIN_INDEPENDENT
niti_aspirational_district_flag,nfhs_insurance_pct,0.0283,0.0403,LOW_CORRELATION,RETAIN_INDEPENDENT
rhs_subcentre_density_per_100k,stunting_pct,0.0275,0.1029,LOW_CORRELATION,RETAIN_INDEPENDENT
mca21_pharma_mfg_density_per_100k,hypertension_combined_pct_men,0.0235,0.0224,LOW_CORRELATION,RETAIN_INDEPENDENT
census_urban_population_pct,nfhs_wasting_pct,0.0227,0.0167,LOW_CORRELATION,RETAIN_INDEPENDENT
census_total_population,nfhs_wasting_pct,0.022,0.0175,LOW_CORRELATION,RETAIN_INDEPENDENT
mca21_pharma_density_per_100k,hypertension_combined_pct_men,0.0218,-0.0399,LOW_CORRELATION,RETAIN_INDEPENDENT
niti_aspirational_district_flag,insurance_pct,0.0208,0.0409,LOW_CORRELATION,RETAIN_INDEPENDENT
census_urban_population_pct,wasting_pct,0.0162,0.0156,LOW_CORRELATION,RETAIN_INDEPENDENT
census_total_population,wasting_pct,0.0151,0.0158,LOW_CORRELATION,RETAIN_INDEPENDENT
nfhs_stunting_pct,rhs_subcentre_density_per_100k,0.0146,0.0855,LOW_CORRELATION,RETAIN_INDEPENDENT
census_total_population,stunting_pct,0.0111,-0.0095,LOW_CORRELATION,RETAIN_INDEPENDENT
census_total_population,niti_aspirational_district_flag,0.0085,0.0141,LOW_CORRELATION,RETAIN_INDEPENDENT
census_urban_population_pct,underweight_pct,0.0067,0.0248,LOW_CORRELATION,RETAIN_INDEPENDENT
census_total_population,nfhs_stunting_pct,0.0055,-0.0266,LOW_CORRELATION,RETAIN_INDEPENDENT
census_urban_population_pct,niti_aspirational_district_flag,0.004,0.0132,LOW_CORRELATION,RETAIN_INDEPENDENT
rhs_hospital_presence,hypertension_combined_pct_men,0.0004,-0.064,LOW_CORRELATION,RETAIN_INDEPENDENT
census_total_population,oope_delivery_rs,0.0004,0.0255,LOW_CORRELATION,RETAIN_INDEPENDENT
census_urban_population_pct,nfhs_underweight_pct,0.0001,-0.0005,LOW_CORRELATION,RETAIN_INDEPENDENT
census_total_population,nfhs_oope_delivery_rs,-0.0009,0.0305,LOW_CORRELATION,RETAIN_INDEPENDENT
mca21_pharma_density_per_100k,nfhs_oope_delivery_rs,-0.0058,0.1605,LOW_CORRELATION,RETAIN_INDEPENDENT
mca21_pharma_density_per_100k,oope_delivery_rs,-0.0073,0.0942,LOW_CORRELATION,RETAIN_INDEPENDENT
mca21_corporate_concentration_index,hypertension_combined_pct_men,-0.0083,-0.037,LOW_CORRELATION,RETAIN_INDEPENDENT
rhs_phc_density_per_100k,sanitation_pct,-0.0094,0.0039,LOW_CORRELATION,RETAIN_INDEPENDENT
nfhs_insurance_pct,sanitation_pct,-0.0097,-0.2557,LOW_CORRELATION,RETAIN_INDEPENDENT
nfhs_oope_delivery_rs,stunting_pct,-0.013,-0.0149,LOW_CORRELATION,RETAIN_INDEPENDENT
insurance_pct,sanitation_pct,-0.013,-0.2683,LOW_CORRELATION,RETAIN_INDEPENDENT
mca21_corporate_concentration_index,insurance_pct,-0.0136,-0.0198,LOW_CORRELATION,RETAIN_INDEPENDENT
mca21_pharma_mfg_density_per_100k,insurance_pct,-0.0143,-0.012,LOW_CORRELATION,RETAIN_INDEPENDENT
oope_delivery_rs,stunting_pct,-0.0159,-0.0117,LOW_CORRELATION,RETAIN_INDEPENDENT
census_urban_population_pct,insurance_pct,-0.0194,-0.0018,LOW_CORRELATION,RETAIN_INDEPENDENT
mca21_corporate_concentration_index,rhs_hospital_presence,-0.0206,0.0707,LOW_CORRELATION,RETAIN_INDEPENDENT
mca21_pharma_mfg_density_per_100k,nfhs_oope_delivery_rs,-0.0209,0.1033,LOW_CORRELATION,RETAIN_INDEPENDENT
nfhs_stunting_pct,oope_delivery_rs,-0.0213,-0.0215,LOW_CORRELATION,RETAIN_INDEPENDENT
census_urban_population_pct,nfhs_oope_delivery_rs,-0.023,0.0279,LOW_CORRELATION,RETAIN_INDEPENDENT
rhs_phc_density_per_100k,rhs_hospital_presence,-0.0234,-0.0375,LOW_CORRELATION,RETAIN_INDEPENDENT
nfhs_sanitation_pct,rhs_phc_density_per_100k,-0.024,-0.0185,LOW_CORRELATION,RETAIN_INDEPENDENT
mca21_pharma_mfg_density_per_100k,oope_delivery_rs,-0.0243,0.0495,LOW_CORRELATION,RETAIN_INDEPENDENT
census_urban_population_pct,oope_delivery_rs,-0.0253,0.0224,LOW_CORRELATION,RETAIN_INDEPENDENT
mca21_pharma_density_per_100k,insurance_pct,-0.0266,-0.0336,LOW_CORRELATION,RETAIN_INDEPENDENT
census_urban_population_pct,nfhs_hypertension_combined_pct,-0.0273,-0.0311,LOW_CORRELATION,RETAIN_INDEPENDENT
nfhs_sanitation_pct,insurance_pct,-0.0282,-0.242,LOW_CORRELATION,RETAIN_INDEPENDENT
census_urban_population_pct,nfhs_insurance_pct,-0.0304,-0.031,LOW_CORRELATION,RETAIN_INDEPENDENT
mca21_pharma_mfg_density_per_100k,nfhs_insurance_pct,-0.0328,-0.1228,LOW_CORRELATION,RETAIN_INDEPENDENT
nfhs_oope_delivery_rs,rhs_chc_density_per_100k,-0.0328,-0.0635,LOW_CORRELATION,RETAIN_INDEPENDENT
census_urban_population_pct,stunting_pct,-0.0338,-0.0126,LOW_CORRELATION,RETAIN_INDEPENDENT
nfhs_oope_delivery_rs,rhs_hospital_presence,-0.0346,0.0055,LOW_CORRELATION,RETAIN_INDEPENDENT
census_urban_population_pct,nfhs_stunting_pct,-0.0364,-0.0297,LOW_CORRELATION,RETAIN_INDEPENDENT
mca21_pharma_density_per_100k,rhs_hospital_presence,-0.0369,0.0429,LOW_CORRELATION,RETAIN_INDEPENDENT
mca21_pharma_mfg_density_per_100k,rhs_hospital_presence,-0.0372,0.0351,LOW_CORRELATION,RETAIN_INDEPENDENT
nfhs_hypertension_combined_pct,rhs_subcentre_density_per_100k,-0.0373,0.0074,LOW_CORRELATION,RETAIN_INDEPENDENT
niti_aspirational_district_flag,mca21_pharma_mfg_density_per_100k,-0.0398,-0.1366,LOW_CORRELATION,RETAIN_INDEPENDENT
jan_aushadhi_density_per_100k,rhs_chc_density_per_100k,-0.0437,0.049,LOW_CORRELATION,RETAIN_INDEPENDENT
nfhs_sanitation_pct,nfhs_insurance_pct,-0.0447,-0.2948,LOW_CORRELATION,RETAIN_INDEPENDENT
rhs_chc_density_per_100k,sanitation_pct,-0.045,-0.0947,LOW_CORRELATION,RETAIN_INDEPENDENT
nfhs_insurance_pct,wasting_pct,-0.0454,-0.057,LOW_CORRELATION,RETAIN_INDEPENDENT
insurance_pct,wasting_pct,-0.0457,-0.0577,LOW_CORRELATION,RETAIN_INDEPENDENT
mca21_pharma_density_per_100k,nfhs_insurance_pct,-0.0464,-0.1792,LOW_CORRELATION,RETAIN_INDEPENDENT
niti_aspirational_district_flag,oope_delivery_rs,-0.0474,-0.0218,LOW_CORRELATION,RETAIN_INDEPENDENT
niti_aspirational_district_flag,mca21_pharma_density_per_100k,-0.0483,-0.1367,LOW_CORRELATION,RETAIN_INDEPENDENT
niti_aspirational_district_flag,hypertension_combined_pct_men,-0.0505,-0.0641,LOW_CORRELATION,RETAIN_INDEPENDENT
nfhs_stunting_pct,nfhs_oope_delivery_rs,-0.0508,-0.0945,LOW_CORRELATION,RETAIN_INDEPENDENT
jan_aushadhi_density_per_100k,nfhs_wasting_pct,-0.0524,-0.0866,LOW_CORRELATION,RETAIN_INDEPENDENT
rhs_chc_density_per_100k,wasting_pct,-0.0543,-0.0934,LOW_CORRELATION,RETAIN_INDEPENDENT
nfhs_wasting_pct,insurance_pct,-0.0567,-0.062,LOW_CORRELATION,RETAIN_INDEPENDENT
niti_aspirational_district_flag,rhs_subcentre_density_per_100k,-0.0581,-0.0588,LOW_CORRELATION,RETAIN_INDEPENDENT
nfhs_hypertension_combined_pct,oope_delivery_rs,-0.059,-0.0862,LOW_CORRELATION,RETAIN_INDEPENDENT
jan_aushadhi_density_per_100k,wasting_pct,-0.0597,-0.0819,LOW_CORRELATION,RETAIN_INDEPENDENT
nfhs_oope_delivery_rs,rhs_subcentre_density_per_100k,-0.0604,-0.1162,LOW_CORRELATION,RETAIN_INDEPENDENT
mca21_corporate_concentration_index,nfhs_insurance_pct,-0.0618,-0.1579,LOW_CORRELATION,RETAIN_INDEPENDENT
rhs_chc_density_per_100k,oope_delivery_rs,-0.0621,-0.0734,LOW_CORRELATION,RETAIN_INDEPENDENT
jan_aushadhi_density_per_100k,niti_aspirational_district_flag,-0.0635,-0.0785,LOW_CORRELATION,RETAIN_INDEPENDENT
mca21_pharma_density_per_100k,nfhs_wasting_pct,-0.0643,-0.2286,LOW_CORRELATION,RETAIN_INDEPENDENT
rhs_subcentre_density_per_100k,sanitation_pct,-0.0648,-0.0758,LOW_CORRELATION,RETAIN_INDEPENDENT
niti_aspirational_district_flag,rhs_chc_density_per_100k,-0.0652,-0.0786,LOW_CORRELATION,RETAIN_INDEPENDENT
census_urban_population_pct,hypertension_combined_pct_men,-0.0658,-0.0805,LOW_CORRELATION,RETAIN_INDEPENDENT
mca21_pharma_mfg_density_per_100k,nfhs_wasting_pct,-0.066,-0.2757,LOW_CORRELATION,RETAIN_INDEPENDENT
rhs_hospital_presence,oope_delivery_rs,-0.0666,-0.0552,LOW_CORRELATION,RETAIN_INDEPENDENT
nfhs_hypertension_combined_pct,wasting_pct,-0.0669,-0.1511,LOW_CORRELATION,RETAIN_INDEPENDENT
jan_aushadhi_density_per_100k,rhs_phc_density_per_100k,-0.069,-0.1435,LOW_CORRELATION,RETAIN_INDEPENDENT
census_total_population,insurance_pct,-0.0694,-0.0014,LOW_CORRELATION,RETAIN_INDEPENDENT
niti_aspirational_district_flag,mca21_corporate_concentration_index,-0.0711,-0.135,LOW_CORRELATION,RETAIN_INDEPENDENT
mca21_pharma_mfg_density_per_100k,stunting_pct,-0.0719,-0.2717,LOW_CORRELATION,RETAIN_INDEPENDENT
nfhs_sanitation_pct,rhs_chc_density_per_100k,-0.072,-0.0994,LOW_CORRELATION,RETAIN_INDEPENDENT
mca21_pharma_mfg_density_per_100k,nfhs_stunting_pct,-0.0749,-0.2985,LOW_CORRELATION,RETAIN_INDEPENDENT
nfhs_sanitation_pct,rhs_subcentre_density_per_100k,-0.0755,-0.0674,LOW_CORRELATION,RETAIN_INDEPENDENT
census_total_population,nfhs_insurance_pct,-0.0781,-0.0306,LOW_CORRELATION,RETAIN_INDEPENDENT
mca21_pharma_density_per_100k,wasting_pct,-0.0783,-0.2365,LOW_CORRELATION,RETAIN_INDEPENDENT
mca21_pharma_mfg_density_per_100k,wasting_pct,-0.0787,-0.2752,LOW_CORRELATION,RETAIN_INDEPENDENT
wasting_pct,hypertension_combined_pct_men,-0.0793,-0.1485,LOW_CORRELATION,RETAIN_INDEPENDENT
jan_aushadhi_density_per_100k,census_urban_population_pct,-0.0801,-0.2133,LOW_CORRELATION,RETAIN_INDEPENDENT
niti_aspirational_district_flag,nfhs_oope_delivery_rs,-0.0868,-0.0869,LOW_CORRELATION,RETAIN_INDEPENDENT
nfhs_hypertension_combined_pct,nfhs_wasting_pct,-0.0869,-0.1919,LOW_CORRELATION,RETAIN_INDEPENDENT
mca21_corporate_concentration_index,rhs_chc_density_per_100k,-0.0882,0.0014,LOW_CORRELATION,RETAIN_INDEPENDENT
mca21_pharma_density_per_100k,stunting_pct,-0.089,-0.2634,LOW_CORRELATION,RETAIN_INDEPENDENT
niti_aspirational_district_flag,nfhs_hypertension_combined_pct,-0.0891,-0.1164,LOW_CORRELATION,RETAIN_INDEPENDENT
nfhs_oope_delivery_rs,hypertension_combined_pct_men,-0.0908,-0.1118,LOW_CORRELATION,RETAIN_INDEPENDENT
mca21_pharma_density_per_100k,nfhs_stunting_pct,-0.0916,-0.2965,LOW_CORRELATION,RETAIN_INDEPENDENT
nfhs_wasting_pct,nfhs_insurance_pct,-0.0919,-0.1116,LOW_CORRELATION,RETAIN_INDEPENDENT
nfhs_hypertension_combined_pct,nfhs_oope_delivery_rs,-0.0969,-0.0358,LOW_CORRELATION,RETAIN_INDEPENDENT
census_urban_population_pct,rhs_chc_density_per_100k,-0.1011,-0.0323,LOW_CORRELATION,RETAIN_INDEPENDENT
nfhs_wasting_pct,hypertension_combined_pct_men,-0.1027,-0.1772,LOW_CORRELATION,RETAIN_INDEPENDENT
rhs_subcentre_density_per_100k,oope_delivery_rs,-0.1031,-0.0843,LOW_CORRELATION,RETAIN_INDEPENDENT
jan_aushadhi_density_per_100k,insurance_pct,-0.1059,-0.073,LOW_CORRELATION,RETAIN_INDEPENDENT
jan_aushadhi_density_per_100k,nfhs_insurance_pct,-0.1084,-0.0764,LOW_CORRELATION,RETAIN_INDEPENDENT
niti_aspirational_district_flag,rhs_phc_density_per_100k,-0.1108,-0.1206,LOW_CORRELATION,RETAIN_INDEPENDENT
oope_delivery_rs,hypertension_combined_pct_men,-0.1132,-0.0878,LOW_CORRELATION,RETAIN_INDEPENDENT
nfhs_diabetes_combined_pct,rhs_subcentre_density_per_100k,-0.1145,-0.1095,LOW_CORRELATION,RETAIN_INDEPENDENT
census_total_population,nfhs_hypertension_combined_pct,-0.1146,-0.0363,LOW_CORRELATION,RETAIN_INDEPENDENT
nfhs_wasting_pct,rhs_chc_density_per_100k,-0.1324,-0.1781,LOW_CORRELATION,RETAIN_INDEPENDENT
census_total_population,rhs_chc_density_per_100k,-0.1362,-0.0326,LOW_CORRELATION,RETAIN_INDEPENDENT
rhs_subcentre_density_per_100k,diabetes_combined_pct_men,-0.1365,-0.1242,LOW_CORRELATION,RETAIN_INDEPENDENT
rhs_subcentre_density_per_100k,rhs_hospital_presence,-0.1466,-0.1496,LOW_CORRELATION,RETAIN_INDEPENDENT
niti_aspirational_district_flag,rhs_hospital_presence,-0.1505,-0.2008,LOW_CORRELATION,RETAIN_INDEPENDENT
mca21_pharma_density_per_100k,rhs_chc_density_per_100k,-0.1519,0.0054,LOW_CORRELATION,RETAIN_INDEPENDENT
rhs_hospital_presence,underweight_pct,-0.1566,-0.1102,LOW_CORRELATION,RETAIN_INDEPENDENT
mca21_pharma_mfg_density_per_100k,rhs_chc_density_per_100k,-0.1613,-0.0022,LOW_CORRELATION,RETAIN_INDEPENDENT
census_total_population,hypertension_combined_pct_men,-0.1618,-0.0863,LOW_CORRELATION,RETAIN_INDEPENDENT
mca21_corporate_concentration_index,nfhs_wasting_pct,-0.163,-0.2317,LOW_CORRELATION,RETAIN_INDEPENDENT
rhs_chc_density_per_100k,underweight_pct,-0.1649,-0.1671,LOW_CORRELATION,RETAIN_INDEPENDENT
nfhs_insurance_pct,rhs_phc_density_per_100k,-0.1684,-0.146,LOW_CORRELATION,RETAIN_INDEPENDENT
mca21_pharma_mfg_density_per_100k,nfhs_underweight_pct,-0.1689,-0.4034,LOW_CORRELATION,RETAIN_INDEPENDENT
rhs_hospital_presence,stunting_pct,-0.1699,-0.1235,LOW_CORRELATION,RETAIN_INDEPENDENT
mca21_pharma_mfg_density_per_100k,underweight_pct,-0.1702,-0.3675,LOW_CORRELATION,RETAIN_INDEPENDENT
jan_aushadhi_density_per_100k,rhs_subcentre_density_per_100k,-0.1739,-0.1344,LOW_CORRELATION,RETAIN_INDEPENDENT
rhs_hospital_presence,wasting_pct,-0.1744,-0.1298,LOW_CORRELATION,RETAIN_INDEPENDENT
nfhs_underweight_pct,nfhs_insurance_pct,-0.1778,-0.0717,LOW_CORRELATION,RETAIN_INDEPENDENT
rhs_phc_density_per_100k,insurance_pct,-0.18,-0.1589,LOW_CORRELATION,RETAIN_INDEPENDENT
niti_aspirational_district_flag,diabetes_combined_pct_women,-0.18,-0.1324,LOW_CORRELATION,RETAIN_INDEPENDENT
jan_aushadhi_density_per_100k,rhs_hospital_presence,-0.1804,-0.1634,LOW_CORRELATION,RETAIN_INDEPENDENT
mca21_pharma_density_per_100k,nfhs_underweight_pct,-0.1815,-0.3836,LOW_CORRELATION,RETAIN_INDEPENDENT
jan_aushadhi_density_per_100k,nfhs_stunting_pct,-0.1825,-0.1804,LOW_CORRELATION,RETAIN_INDEPENDENT
mca21_pharma_density_per_100k,underweight_pct,-0.1831,-0.3431,LOW_CORRELATION,RETAIN_INDEPENDENT
nfhs_underweight_pct,insurance_pct,-0.1837,-0.0813,LOW_CORRELATION,RETAIN_INDEPENDENT
mca21_corporate_concentration_index,wasting_pct,-0.1865,-0.2328,LOW_CORRELATION,RETAIN_INDEPENDENT
jan_aushadhi_density_per_100k,stunting_pct,-0.1904,-0.184,LOW_CORRELATION,RETAIN_INDEPENDENT
mca21_pharma_mfg_density_per_100k,rhs_subcentre_density_per_100k,-0.1912,-0.233,LOW_CORRELATION,RETAIN_INDEPENDENT
mca21_corporate_concentration_index,stunting_pct,-0.1915,-0.251,LOW_CORRELATION,RETAIN_INDEPENDENT
census_total_population,rhs_subcentre_density_per_100k,-0.1917,-0.1377,LOW_CORRELATION,RETAIN_INDEPENDENT
census_urban_population_pct,rhs_subcentre_density_per_100k,-0.1981,-0.1407,LOW_CORRELATION,RETAIN_INDEPENDENT
rhs_hospital_presence,sanitation_pct,-0.199,-0.2085,LOW_CORRELATION,RETAIN_INDEPENDENT
niti_aspirational_district_flag,diabetes_combined_pct_men,-0.1991,-0.1841,LOW_CORRELATION,RETAIN_INDEPENDENT
nfhs_stunting_pct,rhs_hospital_presence,-0.1992,-0.1684,LOW_CORRELATION,RETAIN_INDEPENDENT
mca21_corporate_concentration_index,nfhs_stunting_pct,-0.201,-0.2857,LOW_CORRELATION,RETAIN_INDEPENDENT
rhs_subcentre_density_per_100k,diabetes_combined_pct_women,-0.202,-0.1999,LOW_CORRELATION,RETAIN_INDEPENDENT
nfhs_insurance_pct,underweight_pct,-0.2056,-0.0866,LOW_CORRELATION,RETAIN_INDEPENDENT
mca21_pharma_density_per_100k,rhs_subcentre_density_per_100k,-0.2063,-0.2678,LOW_CORRELATION,RETAIN_INDEPENDENT
insurance_pct,underweight_pct,-0.2086,-0.086,LOW_CORRELATION,RETAIN_INDEPENDENT
nfhs_underweight_pct,rhs_chc_density_per_100k,-0.2159,-0.23,LOW_CORRELATION,RETAIN_INDEPENDENT
nfhs_wasting_pct,nfhs_sanitation_pct,-0.2166,-0.2228,LOW_CORRELATION,RETAIN_INDEPENDENT
nfhs_sanitation_pct,rhs_hospital_presence,-0.2185,-0.2249,LOW_CORRELATION,RETAIN_INDEPENDENT
niti_aspirational_district_flag,nfhs_diabetes_combined_pct,-0.222,-0.1993,LOW_CORRELATION,RETAIN_INDEPENDENT
niti_aspirational_district_flag,sanitation_pct,-0.2231,-0.1951,LOW_CORRELATION,RETAIN_INDEPENDENT
census_total_population,rhs_phc_density_per_100k,-0.2302,-0.2027,LOW_CORRELATION,RETAIN_INDEPENDENT
nfhs_sanitation_pct,wasting_pct,-0.2308,-0.2416,LOW_CORRELATION,RETAIN_INDEPENDENT
niti_aspirational_district_flag,nfhs_sanitation_pct,-0.232,-0.2051,LOW_CORRELATION,RETAIN_INDEPENDENT
nfhs_wasting_pct,sanitation_pct,-0.2335,-0.2481,LOW_CORRELATION,RETAIN_INDEPENDENT
nfhs_wasting_pct,rhs_hospital_presence,-0.2337,-0.212,LOW_CORRELATION,RETAIN_INDEPENDENT
mca21_pharma_mfg_density_per_100k,rhs_phc_density_per_100k,-0.2348,-0.2249,LOW_CORRELATION,RETAIN_INDEPENDENT
nfhs_underweight_pct,rhs_hospital_presence,-0.2375,-0.2065,LOW_CORRELATION,RETAIN_INDEPENDENT
sanitation_pct,wasting_pct,-0.2403,-0.2632,LOW_CORRELATION,RETAIN_INDEPENDENT
mca21_pharma_density_per_100k,rhs_phc_density_per_100k,-0.2403,-0.2168,LOW_CORRELATION,RETAIN_INDEPENDENT
nfhs_stunting_pct,nfhs_insurance_pct,-0.2488,-0.0852,LOW_CORRELATION,RETAIN_INDEPENDENT
mca21_corporate_concentration_index,underweight_pct,-0.2577,-0.3271,LOW_CORRELATION,RETAIN_INDEPENDENT
mca21_corporate_concentration_index,rhs_subcentre_density_per_100k,-0.2579,-0.2585,LOW_CORRELATION,RETAIN_INDEPENDENT
jan_aushadhi_density_per_100k,nfhs_underweight_pct,-0.2645,-0.2939,LOW_CORRELATION,RETAIN_INDEPENDENT
nfhs_hypertension_combined_pct,underweight_pct,-0.2673,-0.3221,LOW_CORRELATION,RETAIN_INDEPENDENT
mca21_corporate_concentration_index,nfhs_underweight_pct,-0.2705,-0.3698,LOW_CORRELATION,RETAIN_INDEPENDENT
nfhs_stunting_pct,insurance_pct,-0.2716,-0.123,LOW_CORRELATION,RETAIN_INDEPENDENT
nfhs_underweight_pct,hypertension_combined_pct_men,-0.2728,-0.3019,LOW_CORRELATION,RETAIN_INDEPENDENT
rhs_phc_density_per_100k,diabetes_combined_pct_men,-0.2731,-0.2954,LOW_CORRELATION,RETAIN_INDEPENDENT
jan_aushadhi_density_per_100k,underweight_pct,-0.2783,-0.3237,LOW_CORRELATION,RETAIN_INDEPENDENT
census_urban_population_pct,rhs_phc_density_per_100k,-0.2801,-0.207,LOW_CORRELATION,RETAIN_INDEPENDENT
nfhs_diabetes_combined_pct,rhs_phc_density_per_100k,-0.2824,-0.2996,LOW_CORRELATION,RETAIN_INDEPENDENT
nfhs_insurance_pct,stunting_pct,-0.2829,-0.1262,LOW_CORRELATION,RETAIN_INDEPENDENT
nfhs_stunting_pct,hypertension_combined_pct_men,-0.2864,-0.2738,LOW_CORRELATION,RETAIN_INDEPENDENT
mca21_corporate_concentration_index,rhs_phc_density_per_100k,-0.2871,-0.2376,LOW_CORRELATION,RETAIN_INDEPENDENT
nfhs_hypertension_combined_pct,stunting_pct,-0.2898,-0.2918,LOW_CORRELATION,RETAIN_INDEPENDENT
nfhs_hypertension_combined_pct,nfhs_stunting_pct,-0.2931,-0.3107,LOW_CORRELATION,RETAIN_INDEPENDENT
rhs_chc_density_per_100k,stunting_pct,-0.2966,-0.2759,LOW_CORRELATION,RETAIN_INDEPENDENT
insurance_pct,stunting_pct,-0.2975,-0.135,LOW_CORRELATION,RETAIN_INDEPENDENT
jan_aushadhi_density_per_100k,census_total_population,-0.2985,-0.2296,LOW_CORRELATION,RETAIN_INDEPENDENT
rhs_phc_density_per_100k,diabetes_combined_pct_women,-0.3048,-0.3366,LOW_CORRELATION,RETAIN_INDEPENDENT
nfhs_stunting_pct,rhs_chc_density_per_100k,-0.3065,-0.3028,LOW_CORRELATION,RETAIN_INDEPENDENT
underweight_pct,hypertension_combined_pct_men,-0.3168,-0.3272,LOW_CORRELATION,RETAIN_INDEPENDENT
stunting_pct,hypertension_combined_pct_men,-0.3227,-0.3021,LOW_CORRELATION,RETAIN_INDEPENDENT
nfhs_hypertension_combined_pct,nfhs_underweight_pct,-0.3235,-0.3842,LOW_CORRELATION,RETAIN_INDEPENDENT
nfhs_oope_delivery_rs,insurance_pct,-0.3236,-0.4093,LOW_CORRELATION,RETAIN_INDEPENDENT
rhs_phc_density_per_100k,hypertension_combined_pct_men,-0.3421,-0.3001,LOW_CORRELATION,RETAIN_INDEPENDENT
nfhs_insurance_pct,oope_delivery_rs,-0.37,-0.4214,LOW_CORRELATION,RETAIN_INDEPENDENT
nfhs_hypertension_combined_pct,rhs_phc_density_per_100k,-0.3732,-0.339,LOW_CORRELATION,RETAIN_INDEPENDENT
insurance_pct,oope_delivery_rs,-0.3768,-0.4528,LOW_CORRELATION,RETAIN_INDEPENDENT
nfhs_insurance_pct,nfhs_oope_delivery_rs,-0.4,-0.4894,LOW_CORRELATION,RETAIN_INDEPENDENT
nfhs_wasting_pct,diabetes_combined_pct_men,-0.4135,-0.4214,LOW_CORRELATION,RETAIN_INDEPENDENT
wasting_pct,diabetes_combined_pct_men,-0.4327,-0.4279,LOW_CORRELATION,RETAIN_INDEPENDENT
nfhs_diabetes_combined_pct,wasting_pct,-0.4372,-0.3999,LOW_CORRELATION,RETAIN_INDEPENDENT
nfhs_stunting_pct,sanitation_pct,-0.4436,-0.3738,LOW_CORRELATION,RETAIN_INDEPENDENT
nfhs_wasting_pct,diabetes_combined_pct_women,-0.4439,-0.4304,LOW_CORRELATION,RETAIN_INDEPENDENT
nfhs_stunting_pct,nfhs_sanitation_pct,-0.4481,-0.4121,LOW_CORRELATION,RETAIN_INDEPENDENT
nfhs_sanitation_pct,stunting_pct,-0.4547,-0.3852,LOW_CORRELATION,RETAIN_INDEPENDENT
wasting_pct,diabetes_combined_pct_women,-0.4638,-0.4383,LOW_CORRELATION,RETAIN_INDEPENDENT
nfhs_diabetes_combined_pct,nfhs_wasting_pct,-0.4724,-0.4692,LOW_CORRELATION,RETAIN_INDEPENDENT
sanitation_pct,stunting_pct,-0.4726,-0.3855,LOW_CORRELATION,RETAIN_INDEPENDENT
nfhs_stunting_pct,diabetes_combined_pct_men,-0.5085,-0.5404,LOW_CORRELATION,RETAIN_INDEPENDENT
nfhs_underweight_pct,nfhs_sanitation_pct,-0.5138,-0.4726,LOW_CORRELATION,RETAIN_INDEPENDENT
nfhs_underweight_pct,sanitation_pct,-0.5219,-0.4676,LOW_CORRELATION,RETAIN_INDEPENDENT
nfhs_sanitation_pct,underweight_pct,-0.5352,-0.4686,LOW_CORRELATION,RETAIN_INDEPENDENT
stunting_pct,diabetes_combined_pct_men,-0.5376,-0.5685,LOW_CORRELATION,RETAIN_INDEPENDENT
sanitation_pct,underweight_pct,-0.5602,-0.485,LOW_CORRELATION,RETAIN_INDEPENDENT
nfhs_underweight_pct,diabetes_combined_pct_men,-0.566,-0.5715,LOW_CORRELATION,RETAIN_INDEPENDENT
nfhs_diabetes_combined_pct,stunting_pct,-0.5663,-0.5862,LOW_CORRELATION,RETAIN_INDEPENDENT
nfhs_stunting_pct,diabetes_combined_pct_women,-0.5882,-0.6232,LOW_CORRELATION,RETAIN_INDEPENDENT
underweight_pct,diabetes_combined_pct_men,-0.6022,-0.6016,MODERATE_CORRELATION,MONITOR
nfhs_diabetes_combined_pct,nfhs_stunting_pct,-0.6047,-0.6477,MODERATE_CORRELATION,MONITOR
stunting_pct,diabetes_combined_pct_women,-0.6226,-0.6519,MODERATE_CORRELATION,MONITOR
nfhs_diabetes_combined_pct,underweight_pct,-0.6356,-0.6156,MODERATE_CORRELATION,MONITOR
nfhs_underweight_pct,diabetes_combined_pct_women,-0.65,-0.6618,MODERATE_CORRELATION,MONITOR
nfhs_diabetes_combined_pct,nfhs_underweight_pct,-0.6647,-0.663,MODERATE_CORRELATION,MONITOR
underweight_pct,diabetes_combined_pct_women,-0.6924,-0.7004,MODERATE_CORRELATION,MONITOR
jan_aushadhi_density_per_100k,census_population_age_0_6_pct,,,LOW_CORRELATION,RETAIN_INDEPENDENT
jan_aushadhi_density_per_100k,census_decadal_growth_pct,,,LOW_CORRELATION,RETAIN_INDEPENDENT
jan_aushadhi_density_per_100k,nfhs_clean_fuel_pct,,,LOW_CORRELATION,RETAIN_INDEPENDENT
jan_aushadhi_density_per_100k,clean_fuel_pct,,,LOW_CORRELATION,RETAIN_INDEPENDENT
jan_aushadhi_density_per_100k,hypertension_combined_pct_women,,,LOW_CORRELATION,RETAIN_INDEPENDENT
census_total_population,census_population_age_0_6_pct,,,LOW_CORRELATION,RETAIN_INDEPENDENT
census_total_population,census_decadal_growth_pct,,,LOW_CORRELATION,RETAIN_INDEPENDENT
census_total_population,nfhs_clean_fuel_pct,,,LOW_CORRELATION,RETAIN_INDEPENDENT
census_total_population,clean_fuel_pct,,,LOW_CORRELATION,RETAIN_INDEPENDENT
census_total_population,hypertension_combined_pct_women,,,LOW_CORRELATION,RETAIN_INDEPENDENT
census_urban_population_pct,census_population_age_0_6_pct,,,LOW_CORRELATION,RETAIN_INDEPENDENT
census_urban_population_pct,census_decadal_growth_pct,,,LOW_CORRELATION,RETAIN_INDEPENDENT
census_urban_population_pct,nfhs_clean_fuel_pct,,,LOW_CORRELATION,RETAIN_INDEPENDENT
census_urban_population_pct,clean_fuel_pct,,,LOW_CORRELATION,RETAIN_INDEPENDENT
census_urban_population_pct,hypertension_combined_pct_women,,,LOW_CORRELATION,RETAIN_INDEPENDENT
census_population_age_0_6_pct,census_decadal_growth_pct,,,LOW_CORRELATION,RETAIN_INDEPENDENT
census_population_age_0_6_pct,niti_aspirational_district_flag,,,LOW_CORRELATION,RETAIN_INDEPENDENT
census_population_age_0_6_pct,mca21_pharma_density_per_100k,,,LOW_CORRELATION,RETAIN_INDEPENDENT
census_population_age_0_6_pct,mca21_pharma_mfg_density_per_100k,,,LOW_CORRELATION,RETAIN_INDEPENDENT
census_population_age_0_6_pct,mca21_corporate_concentration_index,,,LOW_CORRELATION,RETAIN_INDEPENDENT
census_population_age_0_6_pct,nfhs_hypertension_combined_pct,,,LOW_CORRELATION,RETAIN_INDEPENDENT
census_population_age_0_6_pct,nfhs_diabetes_combined_pct,,,LOW_CORRELATION,RETAIN_INDEPENDENT
census_population_age_0_6_pct,nfhs_stunting_pct,,,LOW_CORRELATION,RETAIN_INDEPENDENT
census_population_age_0_6_pct,nfhs_wasting_pct,,,LOW_CORRELATION,RETAIN_INDEPENDENT
census_population_age_0_6_pct,nfhs_underweight_pct,,,LOW_CORRELATION,RETAIN_INDEPENDENT
census_population_age_0_6_pct,nfhs_clean_fuel_pct,,,LOW_CORRELATION,RETAIN_INDEPENDENT
census_population_age_0_6_pct,nfhs_sanitation_pct,,,LOW_CORRELATION,RETAIN_INDEPENDENT
census_population_age_0_6_pct,nfhs_insurance_pct,,,LOW_CORRELATION,RETAIN_INDEPENDENT
census_population_age_0_6_pct,nfhs_oope_delivery_rs,,,LOW_CORRELATION,RETAIN_INDEPENDENT
census_population_age_0_6_pct,rhs_phc_density_per_100k,,,LOW_CORRELATION,RETAIN_INDEPENDENT
census_population_age_0_6_pct,rhs_chc_density_per_100k,,,LOW_CORRELATION,RETAIN_INDEPENDENT
census_population_age_0_6_pct,rhs_subcentre_density_per_100k,,,LOW_CORRELATION,RETAIN_INDEPENDENT
census_population_age_0_6_pct,rhs_hospital_presence,,,LOW_CORRELATION,RETAIN_INDEPENDENT
census_population_age_0_6_pct,insurance_pct,,,LOW_CORRELATION,RETAIN_INDEPENDENT
census_population_age_0_6_pct,sanitation_pct,,,LOW_CORRELATION,RETAIN_INDEPENDENT
census_population_age_0_6_pct,clean_fuel_pct,,,LOW_CORRELATION,RETAIN_INDEPENDENT
census_population_age_0_6_pct,oope_delivery_rs,,,LOW_CORRELATION,RETAIN_INDEPENDENT
census_population_age_0_6_pct,stunting_pct,,,LOW_CORRELATION,RETAIN_INDEPENDENT
census_population_age_0_6_pct,wasting_pct,,,LOW_CORRELATION,RETAIN_INDEPENDENT
census_population_age_0_6_pct,underweight_pct,,,LOW_CORRELATION,RETAIN_INDEPENDENT
census_population_age_0_6_pct,diabetes_combined_pct_women,,,LOW_CORRELATION,RETAIN_INDEPENDENT
census_population_age_0_6_pct,diabetes_combined_pct_men,,,LOW_CORRELATION,RETAIN_INDEPENDENT
census_population_age_0_6_pct,hypertension_combined_pct_women,,,LOW_CORRELATION,RETAIN_INDEPENDENT
census_population_age_0_6_pct,hypertension_combined_pct_men,,,LOW_CORRELATION,RETAIN_INDEPENDENT
census_decadal_growth_pct,niti_aspirational_district_flag,,,LOW_CORRELATION,RETAIN_INDEPENDENT
census_decadal_growth_pct,mca21_pharma_density_per_100k,,,LOW_CORRELATION,RETAIN_INDEPENDENT
census_decadal_growth_pct,mca21_pharma_mfg_density_per_100k,,,LOW_CORRELATION,RETAIN_INDEPENDENT
census_decadal_growth_pct,mca21_corporate_concentration_index,,,LOW_CORRELATION,RETAIN_INDEPENDENT
census_decadal_growth_pct,nfhs_hypertension_combined_pct,,,LOW_CORRELATION,RETAIN_INDEPENDENT
census_decadal_growth_pct,nfhs_diabetes_combined_pct,,,LOW_CORRELATION,RETAIN_INDEPENDENT
census_decadal_growth_pct,nfhs_stunting_pct,,,LOW_CORRELATION,RETAIN_INDEPENDENT
census_decadal_growth_pct,nfhs_wasting_pct,,,LOW_CORRELATION,RETAIN_INDEPENDENT
census_decadal_growth_pct,nfhs_underweight_pct,,,LOW_CORRELATION,RETAIN_INDEPENDENT
census_decadal_growth_pct,nfhs_clean_fuel_pct,,,LOW_CORRELATION,RETAIN_INDEPENDENT
census_decadal_growth_pct,nfhs_sanitation_pct,,,LOW_CORRELATION,RETAIN_INDEPENDENT
census_decadal_growth_pct,nfhs_insurance_pct,,,LOW_CORRELATION,RETAIN_INDEPENDENT
census_decadal_growth_pct,nfhs_oope_delivery_rs,,,LOW_CORRELATION,RETAIN_INDEPENDENT
census_decadal_growth_pct,rhs_phc_density_per_100k,,,LOW_CORRELATION,RETAIN_INDEPENDENT
census_decadal_growth_pct,rhs_chc_density_per_100k,,,LOW_CORRELATION,RETAIN_INDEPENDENT
census_decadal_growth_pct,rhs_subcentre_density_per_100k,,,LOW_CORRELATION,RETAIN_INDEPENDENT
census_decadal_growth_pct,rhs_hospital_presence,,,LOW_CORRELATION,RETAIN_INDEPENDENT
census_decadal_growth_pct,insurance_pct,,,LOW_CORRELATION,RETAIN_INDEPENDENT
census_decadal_growth_pct,sanitation_pct,,,LOW_CORRELATION,RETAIN_INDEPENDENT
census_decadal_growth_pct,clean_fuel_pct,,,LOW_CORRELATION,RETAIN_INDEPENDENT
census_decadal_growth_pct,oope_delivery_rs,,,LOW_CORRELATION,RETAIN_INDEPENDENT
census_decadal_growth_pct,stunting_pct,,,LOW_CORRELATION,RETAIN_INDEPENDENT
census_decadal_growth_pct,wasting_pct,,,LOW_CORRELATION,RETAIN_INDEPENDENT
census_decadal_growth_pct,underweight_pct,,,LOW_CORRELATION,RETAIN_INDEPENDENT
census_decadal_growth_pct,diabetes_combined_pct_women,,,LOW_CORRELATION,RETAIN_INDEPENDENT
census_decadal_growth_pct,diabetes_combined_pct_men,,,LOW_CORRELATION,RETAIN_INDEPENDENT
census_decadal_growth_pct,hypertension_combined_pct_women,,,LOW_CORRELATION,RETAIN_INDEPENDENT
census_decadal_growth_pct,hypertension_combined_pct_men,,,LOW_CORRELATION,RETAIN_INDEPENDENT
niti_aspirational_district_flag,nfhs_clean_fuel_pct,,,LOW_CORRELATION,RETAIN_INDEPENDENT
niti_aspirational_district_flag,clean_fuel_pct,,,LOW_CORRELATION,RETAIN_INDEPENDENT
niti_aspirational_district_flag,hypertension_combined_pct_women,,,LOW_CORRELATION,RETAIN_INDEPENDENT
mca21_pharma_density_per_100k,nfhs_clean_fuel_pct,,,LOW_CORRELATION,RETAIN_INDEPENDENT
mca21_pharma_density_per_100k,clean_fuel_pct,,,LOW_CORRELATION,RETAIN_INDEPENDENT
mca21_pharma_density_per_100k,hypertension_combined_pct_women,,,LOW_CORRELATION,RETAIN_INDEPENDENT
mca21_pharma_mfg_density_per_100k,nfhs_clean_fuel_pct,,,LOW_CORRELATION,RETAIN_INDEPENDENT
mca21_pharma_mfg_density_per_100k,clean_fuel_pct,,,LOW_CORRELATION,RETAIN_INDEPENDENT
mca21_pharma_mfg_density_per_100k,hypertension_combined_pct_women,,,LOW_CORRELATION,RETAIN_INDEPENDENT
mca21_corporate_concentration_index,nfhs_clean_fuel_pct,,,LOW_CORRELATION,RETAIN_INDEPENDENT
mca21_corporate_concentration_index,clean_fuel_pct,,,LOW_CORRELATION,RETAIN_INDEPENDENT
mca21_corporate_concentration_index,hypertension_combined_pct_women,,,LOW_CORRELATION,RETAIN_INDEPENDENT
nfhs_hypertension_combined_pct,nfhs_clean_fuel_pct,,,LOW_CORRELATION,RETAIN_INDEPENDENT
nfhs_hypertension_combined_pct,clean_fuel_pct,,,LOW_CORRELATION,RETAIN_INDEPENDENT
nfhs_hypertension_combined_pct,hypertension_combined_pct_women,,,LOW_CORRELATION,RETAIN_INDEPENDENT
nfhs_diabetes_combined_pct,nfhs_clean_fuel_pct,,,LOW_CORRELATION,RETAIN_INDEPENDENT
nfhs_diabetes_combined_pct,clean_fuel_pct,,,LOW_CORRELATION,RETAIN_INDEPENDENT
nfhs_diabetes_combined_pct,hypertension_combined_pct_women,,,LOW_CORRELATION,RETAIN_INDEPENDENT
nfhs_stunting_pct,nfhs_clean_fuel_pct,,,LOW_CORRELATION,RETAIN_INDEPENDENT
nfhs_stunting_pct,clean_fuel_pct,,,LOW_CORRELATION,RETAIN_INDEPENDENT
nfhs_stunting_pct,hypertension_combined_pct_women,,,LOW_CORRELATION,RETAIN_INDEPENDENT
nfhs_wasting_pct,nfhs_clean_fuel_pct,,,LOW_CORRELATION,RETAIN_INDEPENDENT
nfhs_wasting_pct,clean_fuel_pct,,,LOW_CORRELATION,RETAIN_INDEPENDENT
nfhs_wasting_pct,hypertension_combined_pct_women,,,LOW_CORRELATION,RETAIN_INDEPENDENT
nfhs_underweight_pct,nfhs_clean_fuel_pct,,,LOW_CORRELATION,RETAIN_INDEPENDENT
nfhs_underweight_pct,clean_fuel_pct,,,LOW_CORRELATION,RETAIN_INDEPENDENT
nfhs_underweight_pct,hypertension_combined_pct_women,,,LOW_CORRELATION,RETAIN_INDEPENDENT
nfhs_clean_fuel_pct,nfhs_sanitation_pct,,,LOW_CORRELATION,RETAIN_INDEPENDENT
nfhs_clean_fuel_pct,nfhs_insurance_pct,,,LOW_CORRELATION,RETAIN_INDEPENDENT
nfhs_clean_fuel_pct,nfhs_oope_delivery_rs,,,LOW_CORRELATION,RETAIN_INDEPENDENT
nfhs_clean_fuel_pct,rhs_phc_density_per_100k,,,LOW_CORRELATION,RETAIN_INDEPENDENT
nfhs_clean_fuel_pct,rhs_chc_density_per_100k,,,LOW_CORRELATION,RETAIN_INDEPENDENT
nfhs_clean_fuel_pct,rhs_subcentre_density_per_100k,,,LOW_CORRELATION,RETAIN_INDEPENDENT
nfhs_clean_fuel_pct,rhs_hospital_presence,,,LOW_CORRELATION,RETAIN_INDEPENDENT
nfhs_clean_fuel_pct,insurance_pct,,,LOW_CORRELATION,RETAIN_INDEPENDENT
nfhs_clean_fuel_pct,sanitation_pct,,,LOW_CORRELATION,RETAIN_INDEPENDENT
nfhs_clean_fuel_pct,clean_fuel_pct,,,LOW_CORRELATION,RETAIN_INDEPENDENT
nfhs_clean_fuel_pct,oope_delivery_rs,,,LOW_CORRELATION,RETAIN_INDEPENDENT
nfhs_clean_fuel_pct,stunting_pct,,,LOW_CORRELATION,RETAIN_INDEPENDENT
nfhs_clean_fuel_pct,wasting_pct,,,LOW_CORRELATION,RETAIN_INDEPENDENT
nfhs_clean_fuel_pct,underweight_pct,,,LOW_CORRELATION,RETAIN_INDEPENDENT
nfhs_clean_fuel_pct,diabetes_combined_pct_women,,,LOW_CORRELATION,RETAIN_INDEPENDENT
nfhs_clean_fuel_pct,diabetes_combined_pct_men,,,LOW_CORRELATION,RETAIN_INDEPENDENT
nfhs_clean_fuel_pct,hypertension_combined_pct_women,,,LOW_CORRELATION,RETAIN_INDEPENDENT
nfhs_clean_fuel_pct,hypertension_combined_pct_men,,,LOW_CORRELATION,RETAIN_INDEPENDENT
nfhs_sanitation_pct,clean_fuel_pct,,,LOW_CORRELATION,RETAIN_INDEPENDENT
nfhs_sanitation_pct,hypertension_combined_pct_women,,,LOW_CORRELATION,RETAIN_INDEPENDENT
nfhs_insurance_pct,clean_fuel_pct,,,LOW_CORRELATION,RETAIN_INDEPENDENT
nfhs_insurance_pct,hypertension_combined_pct_women,,,LOW_CORRELATION,RETAIN_INDEPENDENT
nfhs_oope_delivery_rs,clean_fuel_pct,,,LOW_CORRELATION,RETAIN_INDEPENDENT
nfhs_oope_delivery_rs,hypertension_combined_pct_women,,,LOW_CORRELATION,RETAIN_INDEPENDENT
rhs_phc_density_per_100k,clean_fuel_pct,,,LOW_CORRELATION,RETAIN_INDEPENDENT
rhs_phc_density_per_100k,hypertension_combined_pct_women,,,LOW_CORRELATION,RETAIN_INDEPENDENT
rhs_chc_density_per_100k,clean_fuel_pct,,,LOW_CORRELATION,RETAIN_INDEPENDENT
rhs_chc_density_per_100k,hypertension_combined_pct_women,,,LOW_CORRELATION,RETAIN_INDEPENDENT
rhs_subcentre_density_per_100k,clean_fuel_pct,,,LOW_CORRELATION,RETAIN_INDEPENDENT
rhs_subcentre_density_per_100k,hypertension_combined_pct_women,,,LOW_CORRELATION,RETAIN_INDEPENDENT
rhs_hospital_presence,clean_fuel_pct,,,LOW_CORRELATION,RETAIN_INDEPENDENT
rhs_hospital_presence,hypertension_combined_pct_women,,,LOW_CORRELATION,RETAIN_INDEPENDENT
insurance_pct,clean_fuel_pct,,,LOW_CORRELATION,RETAIN_INDEPENDENT
insurance_pct,hypertension_combined_pct_women,,,LOW_CORRELATION,RETAIN_INDEPENDENT
sanitation_pct,clean_fuel_pct,,,LOW_CORRELATION,RETAIN_INDEPENDENT
sanitation_pct,hypertension_combined_pct_women,,,LOW_CORRELATION,RETAIN_INDEPENDENT
clean_fuel_pct,oope_delivery_rs,,,LOW_CORRELATION,RETAIN_INDEPENDENT
clean_fuel_pct,stunting_pct,,,LOW_CORRELATION,RETAIN_INDEPENDENT
clean_fuel_pct,wasting_pct,,,LOW_CORRELATION,RETAIN_INDEPENDENT
clean_fuel_pct,underweight_pct,,,LOW_CORRELATION,RETAIN_INDEPENDENT
clean_fuel_pct,diabetes_combined_pct_women,,,LOW_CORRELATION,RETAIN_INDEPENDENT
clean_fuel_pct,diabetes_combined_pct_men,,,LOW_CORRELATION,RETAIN_INDEPENDENT
clean_fuel_pct,hypertension_combined_pct_women,,,LOW_CORRELATION,RETAIN_INDEPENDENT
clean_fuel_pct,hypertension_combined_pct_men,,,LOW_CORRELATION,RETAIN_INDEPENDENT
oope_delivery_rs,hypertension_combined_pct_women,,,LOW_CORRELATION,RETAIN_INDEPENDENT
stunting_pct,hypertension_combined_pct_women,,,LOW_CORRELATION,RETAIN_INDEPENDENT
wasting_pct,hypertension_combined_pct_women,,,LOW_CORRELATION,RETAIN_INDEPENDENT
underweight_pct,hypertension_combined_pct_women,,,LOW_CORRELATION,RETAIN_INDEPENDENT
diabetes_combined_pct_women,hypertension_combined_pct_women,,,LOW_CORRELATION,RETAIN_INDEPENDENT
diabetes_combined_pct_men,hypertension_combined_pct_women,,,LOW_CORRELATION,RETAIN_INDEPENDENT
hypertension_combined_pct_women,hypertension_combined_pct_men,,,LOW_CORRELATION,RETAIN_INDEPENDENT
