lgd_district_code,district_name,state_name,market_intensity_score,market_size_score,corporate_ecosystem_pcei_score,growth_momentum_score,strategic_quadrant,data_quality_score
563,Palakkad,Kerala,54.25,61.91,5.15,24.8,Q2: Prime Expansion (High Need / Low Saturation),96.7
731,Ranipet,Tamil Nadu,53.19,61.91,0.22,24.8,Q2: Prime Expansion (High Need / Low Saturation),79.0
732,Tirupathur,Tamil Nadu,53.19,61.91,0.13,24.8,Q2: Prime Expansion (High Need / Low Saturation),79.0
595,Vellore,Tamil Nadu,53.19,61.91,2.07,24.8,Q2: Prime Expansion (High Need / Low Saturation),96.7
592,Tirunelveli,Tamil Nadu,52.7,61.91,1.11,24.8,Q2: Prime Expansion (High Need / Low Saturation),96.7
733,Tenkasi,Tamil Nadu,52.7,61.91,0.19,24.8,Q2: Prime Expansion (High Need / Low Saturation),79.0
689,Jangoan,Telangana,51.45,61.91,0.0,24.8,Q2: Prime Expansion (High Need / Low Saturation),95.0
686,Hanumakonda,Telangana,51.45,61.91,0.03,24.8,Q2: Prime Expansion (High Need / Low Saturation),95.0
566,Thrissur,Kerala,51.35,61.91,8.42,24.8,Q2: Prime Expansion (High Need / Low Saturation),96.7
687,Jayashankar Bhupalapally,Telangana,51.07,61.91,0.0,44.8,Q2: Prime Expansion (High Need / Low Saturation),95.0
572,Dindigul,Tamil Nadu,51.0,61.91,0.7,24.8,Q2: Prime Expansion (High Need / Low Saturation),96.7
596,Viluppuram,Tamil Nadu,50.87,61.91,0.06,24.8,Q2: Prime Expansion (High Need / Low Saturation),96.7
729,Kallakurichi,Tamil Nadu,50.87,61.91,0.13,24.8,Q2: Prime Expansion (High Need / Low Saturation),79.0
559,Kollam,Kerala,50.83,61.91,3.37,24.8,Q2: Prime Expansion (High Need / Low Saturation),96.7
682,Peddapalli,Telangana,50.82,61.91,0.06,24.8,Q2: Prime Expansion (High Need / Low Saturation),95.0
568,Chennai,Tamil Nadu,50.66,81.23,30.62,24.8,Q1: Battleground Core (High Need / High Saturation),92.2
585,Sivaganga,Tamil Nadu,50.31,61.91,0.35,24.8,Q2: Prime Expansion (High Need / Low Saturation),96.7
586,Thanjavur,Tamil Nadu,49.9,61.91,1.02,24.8,Q4: Emerging Watch (Low Need / Low Saturation),96.7
685,Kamareddy,Telangana,49.79,61.91,0.1,24.8,Q4: Emerging Watch (Low Need / Low Saturation),95.0
720,Mulugu,Telangana,49.75,61.91,0.03,24.8,Q4: Emerging Watch (Low Need / Low Saturation),79.0
522,Warangal,Telangana,49.75,61.91,1.56,24.8,Q4: Emerging Watch (Low Need / Low Saturation),96.7
514,Nalgonda,Telangana,49.66,61.91,1.34,24.8,Q4: Emerging Watch (Low Need / Low Saturation),96.7
696,Suryapet,Telangana,49.54,61.91,0.03,24.8,Q4: Emerging Watch (Low Need / Low Saturation),95.0
593,Tiruvannamalai,Tamil Nadu,49.46,61.91,0.57,24.8,Q4: Emerging Watch (Low Need / Low Saturation),96.7
694,Nagarkurnool,Telangana,49.2,61.91,0.06,24.8,Q4: Emerging Watch (Low Need / Low Saturation),92.2
591,Tiruchirappalli,Tamil Nadu,49.15,67.39,2.11,24.8,Q4: Emerging Watch (Low Need / Low Saturation),92.2
509,Khammam,Telangana,48.86,61.91,0.79,24.8,Q4: Emerging Watch (Low Need / Low Saturation),96.7
747,Dr. B.R. Ambedkar Konaseema,Andhra Pradesh,48.64,61.91,0.03,24.8,Q4: Emerging Watch (Low Need / Low Saturation),79.0
746,Kakinada,Andhra Pradesh,48.64,61.91,0.13,24.8,Q4: Emerging Watch (Low Need / Low Saturation),79.0
505,East Godavari,Andhra Pradesh,48.64,61.91,3.15,24.8,Q4: Emerging Watch (Low Need / Low Saturation),96.7
681,Jagitial,Telangana,48.63,61.91,0.0,24.8,Q4: Emerging Watch (Low Need / Low Saturation),95.0
575,Kanniyakumari,Tamil Nadu,48.55,61.91,0.03,24.8,Q4: Emerging Watch (Low Need / Low Saturation),92.2
561,Kozhikode,Kerala,48.34,61.91,10.24,24.8,Q4: Emerging Watch (Low Need / Low Saturation),96.7
508,Karimnagar,Telangana,48.19,61.91,0.83,24.8,Q4: Emerging Watch (Low Need / Low Saturation),96.7
554,Alappuzha,Kerala,48.15,61.91,2.19,24.8,Q4: Emerging Watch (Low Need / Low Saturation),96.7
690,Bhadradri Kothagudem,Telangana,48.12,61.91,0.0,44.8,Q4: Emerging Watch (Low Need / Low Saturation),95.0
683,Rajanna Sircilla,Telangana,48.05,61.91,0.0,24.8,Q4: Emerging Watch (Low Need / Low Saturation),95.0
512,Mahabubnagar,Telangana,47.88,61.91,0.19,24.8,Q4: Emerging Watch (Low Need / Low Saturation),92.2
721,Narayanpet,Telangana,47.88,61.91,0.0,24.8,Q4: Emerging Watch (Low Need / Low Saturation),76.3
693,Wanaparthy,Telangana,47.85,61.91,0.0,24.8,Q4: Emerging Watch (Low Need / Low Saturation),92.2
565,Thiruvananthapuram,Kerala,47.79,72.38,6.53,24.8,Q4: Emerging Watch (Low Need / Low Saturation),96.7
583,Ramanathapuram,Tamil Nadu,47.76,61.91,0.06,44.8,Q4: Emerging Watch (Low Need / Low Saturation),92.2
695,Jogulamba Gadwal,Telangana,47.74,61.91,0.0,24.8,Q4: Emerging Watch (Low Need / Low Saturation),92.2
688,Mahabubabad,Telangana,47.58,61.91,0.16,24.8,Q4: Emerging Watch (Low Need / Low Saturation),95.0
513,Medak,Telangana,47.38,61.91,7.12,24.8,Q4: Emerging Watch (Low Need / Low Saturation),96.7
735,Mayiladuthurai,Tamil Nadu,47.35,61.91,0.19,24.8,Q4: Emerging Watch (Low Need / Low Saturation),79.0
579,Nagapattinam,Tamil Nadu,47.35,61.91,0.16,24.8,Q4: Emerging Watch (Low Need / Low Saturation),96.7
699,Kumuram Bheem Asifabad,Telangana,47.16,61.91,0.0,44.8,Q4: Emerging Watch (Low Need / Low Saturation),95.0
501,Adilabad,Telangana,47.06,61.91,0.57,24.8,Q4: Emerging Watch (Low Need / Low Saturation),96.7
518,Ranga Reddy,Telangana,46.82,61.91,0.83,24.8,Q4: Emerging Watch (Low Need / Low Saturation),92.2
555,Ernakulam,Kerala,46.79,72.22,12.81,24.8,Q4: Emerging Watch (Low Need / Low Saturation),96.7
560,Kottayam,Kerala,46.56,61.91,23.4,24.8,Q4: Emerging Watch (Low Need / Low Saturation),96.7
589,Thiruvallur,Tamil Nadu,46.49,61.91,1.05,24.8,Q4: Emerging Watch (Low Need / Low Saturation),96.7
697,Yadadri Bhuvanagiri,Telangana,46.4,61.91,0.0,24.8,Q4: Emerging Watch (Low Need / Low Saturation),95.0
574,Kancheepuram,Tamil Nadu,46.13,61.91,6.64,24.8,Q4: Emerging Watch (Low Need / Low Saturation),96.7
730,Chengalpattu,Tamil Nadu,46.13,61.91,0.89,24.8,Q4: Emerging Watch (Low Need / Low Saturation),79.0
692,Siddipet,Telangana,46.09,61.91,0.06,24.8,Q4: Emerging Watch (Low Need / Low Saturation),95.0
582,Pudukkottai,Tamil Nadu,45.9,61.91,0.41,24.8,Q4: Emerging Watch (Low Need / Low Saturation),96.7
684,Mancherial,Telangana,45.84,61.91,0.0,24.8,Q4: Emerging Watch (Low Need / Low Saturation),95.0
573,Erode,Tamil Nadu,45.74,61.91,2.61,24.8,Q4: Emerging Watch (Low Need / Low Saturation),96.7
594,Thoothukkudi,Tamil Nadu,45.73,61.91,0.06,24.8,Q4: Emerging Watch (Low Need / Low Saturation),96.7
557,Kannur,Kerala,45.7,61.91,3.34,24.8,Q4: Emerging Watch (Low Need / Low Saturation),96.7
552,South Goa,Goa,45.54,30.03,7.1,24.8,Q4: Emerging Watch (Low Need / Low Saturation),96.7
700,Medchal Malkajgiri,Telangana,45.49,61.91,0.41,24.8,Q4: Emerging Watch (Low Need / Low Saturation),92.2
516,Nizamabad,Telangana,45.21,61.91,0.86,24.8,Q4: Emerging Watch (Low Need / Low Saturation),96.7
556,Idukki,Kerala,45.05,61.91,1.37,24.8,Q4: Emerging Watch (Low Need / Low Saturation),96.7
580,Namakkal,Tamil Nadu,45.03,61.91,0.95,24.8,Q4: Emerging Watch (Low Need / Low Saturation),96.7
564,Pathanamthitta,Kerala,45.02,61.91,1.21,24.8,Q4: Emerging Watch (Low Need / Low Saturation),96.7
590,Thiruvarur,Tamil Nadu,45.0,61.91,0.16,24.8,Q4: Emerging Watch (Low Need / Low Saturation),96.7
691,Sangareddy,Telangana,44.98,61.91,0.19,24.8,Q4: Emerging Watch (Low Need / Low Saturation),95.0
598,Karaikal,Puducherry,44.88,0.0,0.7,24.8,Q4: Emerging Watch (Low Need / Low Saturation),96.7
576,Karur,Tamil Nadu,44.52,61.91,0.7,24.8,Q4: Emerging Watch (Low Need / Low Saturation),96.7
610,Ariyalur,Tamil Nadu,44.15,61.91,0.13,24.8,Q4: Emerging Watch (Low Need / Low Saturation),79.0
581,Perambalur,Tamil Nadu,44.15,61.91,0.19,24.8,Q4: Emerging Watch (Low Need / Low Saturation),96.7
698,Vikarabad,Telangana,44.08,61.91,0.06,24.8,Q4: Emerging Watch (Low Need / Low Saturation),92.2
551,North Goa,Goa,43.93,36.43,13.65,24.8,Q4: Emerging Watch (Low Need / Low Saturation),96.7
748,Eluru,Andhra Pradesh,43.92,61.91,0.6,24.8,Q4: Emerging Watch (Low Need / Low Saturation),79.0
523,West Godavari,Andhra Pradesh,43.92,61.91,1.56,24.8,Q4: Emerging Watch (Low Need / Low Saturation),96.7
562,Malappuram,Kerala,43.83,78.04,4.32,24.8,Q4: Emerging Watch (Low Need / Low Saturation),96.7
539,Hassan,Karnataka,43.48,61.91,0.41,24.8,Q4: Emerging Watch (Low Need / Low Saturation),96.7
752,Tirupati,Andhra Pradesh,43.25,61.91,0.19,24.8,Q4: Emerging Watch (Low Need / Low Saturation),79.0
503,Chittoor,Andhra Pradesh,43.25,61.91,3.37,24.8,Q4: Emerging Watch (Low Need / Low Saturation),96.7
570,Cuddalore,Tamil Nadu,42.94,61.91,0.73,24.8,Q4: Emerging Watch (Low Need / Low Saturation),96.7
548,Tumakuru,Karnataka,42.85,61.91,0.16,24.8,Q4: Emerging Watch (Low Need / Low Saturation),96.7
578,Madurai,Tamil Nadu,42.67,70.26,2.94,24.8,Q4: Emerging Watch (Low Need / Low Saturation),96.7
634,Tiruppur,Tamil Nadu,42.38,61.91,0.0,24.8,Q4: Emerging Watch (Low Need / Low Saturation),96.7
515,Sri Potti Sriramulu Nellore,Andhra Pradesh,42.34,61.91,0.0,24.8,Q4: Emerging Watch (Low Need / Low Saturation),96.7
754,Sri Sathya Sai,Andhra Pradesh,42.33,61.91,0.0,24.8,Q4: Emerging Watch (Low Need / Low Saturation),79.0
502,Ananthapuramu,Andhra Pradesh,42.33,61.91,0.0,24.8,Q4: Emerging Watch (Low Need / Low Saturation),96.7
517,Prakasam,Andhra Pradesh,41.98,61.91,0.89,24.8,Q4: Emerging Watch (Low Need / Low Saturation),94.4
680,Nirmal,Telangana,41.46,61.91,0.06,24.8,Q4: Emerging Watch (Low Need / Low Saturation),95.0
510,Krishna,Andhra Pradesh,41.44,61.91,36.17,24.8,Q3: Corporate Hub (Low Need / High Saturation),96.7
749,Ntr,Andhra Pradesh,41.44,61.91,0.29,24.8,Q4: Emerging Watch (Low Need / Low Saturation),79.0
584,Salem,Tamil Nadu,41.22,73.75,1.87,24.8,Q4: Emerging Watch (Low Need / Low Saturation),96.7
597,Virudhunagar,Tamil Nadu,41.0,61.91,1.49,44.8,Q4: Emerging Watch (Low Need / Low Saturation),96.7
753,Annamayya,Andhra Pradesh,40.9,61.91,0.0,24.8,Q4: Emerging Watch (Low Need / Low Saturation),70.0
504,Y.S.R.,Andhra Pradesh,40.9,61.91,0.03,24.8,Q4: Emerging Watch (Low Need / Low Saturation),70.0
571,Dharmapuri,Tamil Nadu,40.7,61.91,0.57,24.8,Q4: Emerging Watch (Low Need / Low Saturation),96.7
577,Krishnagiri,Tamil Nadu,40.55,61.91,1.88,24.8,Q4: Emerging Watch (Low Need / Low Saturation),96.7
587,The Nilgiris,Tamil Nadu,40.45,61.91,0.03,24.8,Q4: Emerging Watch (Low Need / Low Saturation),96.7
507,Hyderabad,Telangana,40.33,76.95,100.0,24.8,Q3: Corporate Hub (Low Need / High Saturation),96.7
588,Theni,Tamil Nadu,40.26,61.91,0.45,24.8,Q4: Emerging Watch (Low Need / Low Saturation),96.7
569,Coimbatore,Tamil Nadu,40.14,73.6,9.3,24.8,Q4: Emerging Watch (Low Need / Low Saturation),96.7
755,Nandyal,Andhra Pradesh,40.02,61.91,0.06,24.8,Q4: Emerging Watch (Low Need / Low Saturation),79.0
567,Wayanad,Kerala,39.36,61.91,1.27,44.8,Q4: Emerging Watch (Low Need / Low Saturation),96.7
558,Kasaragod,Kerala,39.32,61.91,0.51,24.8,Q4: Emerging Watch (Low Need / Low Saturation),96.7
519,Srikakulam,Andhra Pradesh,39.17,61.91,1.46,24.8,Q4: Emerging Watch (Low Need / Low Saturation),96.7
534,Dakshina Kannada,Karnataka,39.17,61.91,1.97,24.8,Q4: Emerging Watch (Low Need / Low Saturation),96.7
511,Kurnool,Andhra Pradesh,37.75,77.66,0.97,24.8,Q4: Emerging Watch (Low Need / Low Saturation),96.7
532,Chikkamagaluru,Karnataka,37.68,61.91,0.03,24.8,Q4: Emerging Watch (Low Need / Low Saturation),96.7
521,Vizianagaram,Andhra Pradesh,37.23,61.91,0.64,44.8,Q4: Emerging Watch (Low Need / Low Saturation),96.7
743,Parvathipuram Manyam,Andhra Pradesh,37.23,61.91,0.0,44.8,Q4: Emerging Watch (Low Need / Low Saturation),79.0
550,Uttara Kannada,Karnataka,37.14,61.91,0.38,24.8,Q4: Emerging Watch (Low Need / Low Saturation),96.7
750,Bapatla,Andhra Pradesh,37.1,61.91,0.13,24.8,Q4: Emerging Watch (Low Need / Low Saturation),79.0
751,Palnadu,Andhra Pradesh,37.1,61.91,0.0,24.8,Q4: Emerging Watch (Low Need / Low Saturation),79.0
544,Mandya,Karnataka,36.96,61.91,0.76,24.8,Q4: Emerging Watch (Low Need / Low Saturation),96.7
535,Davangere,Karnataka,36.63,61.91,1.14,24.8,Q4: Emerging Watch (Low Need / Low Saturation),96.7
547,Shivamogga,Karnataka,35.82,61.91,0.19,24.8,Q4: Emerging Watch (Low Need / Low Saturation),96.7
549,Udupi,Karnataka,35.44,61.91,1.56,24.8,Q4: Emerging Watch (Low Need / Low Saturation),96.7
526,Bengaluru Rural,Karnataka,35.43,41.29,0.14,24.8,Q4: Emerging Watch (Low Need / Low Saturation),96.7
506,Guntur,Andhra Pradesh,34.84,82.48,2.97,24.8,Q4: Emerging Watch (Low Need / Low Saturation),96.7
745,Alluri Sitharama Raju,Andhra Pradesh,34.81,61.91,0.0,44.8,Q4: Emerging Watch (Low Need / Low Saturation),79.0
744,Anakapalli,Andhra Pradesh,34.81,61.91,0.32,24.8,Q4: Emerging Watch (Low Need / Low Saturation),79.0
533,Chitradurga,Karnataka,34.49,61.91,0.19,24.8,Q4: Emerging Watch (Low Need / Low Saturation),96.7
541,Kodagu,Karnataka,34.05,61.91,0.16,24.8,Q4: Emerging Watch (Low Need / Low Saturation),96.7
520,Visakhapatnam,Andhra Pradesh,33.91,79.15,10.17,44.8,Q4: Emerging Watch (Low Need / Low Saturation),96.7
545,Mysuru,Karnataka,33.2,69.92,0.89,24.8,Q4: Emerging Watch (Low Need / Low Saturation),96.7
599,Mahe,Puducherry,32.86,61.91,3.75,24.8,Q4: Emerging Watch (Low Need / Low Saturation),96.7
538,Kalaburagi,Karnataka,32.51,61.91,0.22,24.8,Q4: Emerging Watch (Low Need / Low Saturation),96.7
528,Ballari,Karnataka,31.2,61.91,0.06,24.8,Q4: Emerging Watch (Low Need / Low Saturation),96.7
738,Vijayanagar,Karnataka,31.2,61.91,1.02,24.8,Q4: Emerging Watch (Low Need / Low Saturation),79.0
542,Kolar,Karnataka,30.99,61.91,0.86,24.8,Q4: Emerging Watch (Low Need / Low Saturation),96.7
600,Puducherry,Puducherry,30.86,40.23,1.62,24.8,Q4: Emerging Watch (Low Need / Low Saturation),96.7
527,Belagavi,Karnataka,30.6,81.94,0.2,24.8,Q4: Emerging Watch (Low Need / Low Saturation),96.7
540,Haveri,Karnataka,30.23,61.91,0.41,24.8,Q4: Emerging Watch (Low Need / Low Saturation),96.7
631,Ramanagara,Karnataka,29.98,61.91,0.45,24.8,Q4: Emerging Watch (Low Need / Low Saturation),96.7
630,Chikkaballapura,Karnataka,29.33,61.91,0.0,24.8,Q4: Emerging Watch (Low Need / Low Saturation),96.7
531,Chamarajanagara,Karnataka,29.25,61.91,0.0,24.8,Q4: Emerging Watch (Low Need / Low Saturation),96.7
543,Koppal,Karnataka,28.7,61.91,0.22,24.8,Q4: Emerging Watch (Low Need / Low Saturation),96.7
525,Bengaluru Urban,Karnataka,28.19,100.0,29.63,24.8,Q4: Emerging Watch (Low Need / Low Saturation),96.7
524,Bagalkote,Karnataka,27.55,61.91,0.0,24.8,Q4: Emerging Watch (Low Need / Low Saturation),96.7
530,Vijayapura,Karnataka,27.27,61.91,0.22,24.8,Q4: Emerging Watch (Low Need / Low Saturation),96.7
601,Yanam,Puducherry,26.91,61.91,0.16,24.8,Q4: Emerging Watch (Low Need / Low Saturation),96.7
529,Bidar,Karnataka,26.82,61.91,1.08,24.8,Q4: Emerging Watch (Low Need / Low Saturation),96.7
536,Dharwad,Karnataka,26.5,61.91,2.38,24.8,Q4: Emerging Watch (Low Need / Low Saturation),96.7
537,Gadag,Karnataka,25.28,61.91,0.29,24.8,Q4: Emerging Watch (Low Need / Low Saturation),96.7
546,Raichur,Karnataka,24.43,61.91,0.64,44.8,Q4: Emerging Watch (Low Need / Low Saturation),96.7
635,Yadgir,Karnataka,22.59,61.91,0.06,44.8,Q4: Emerging Watch (Low Need / Low Saturation),96.7
