lgd_district_code,district_name,state_name,NFHS_5,RHS_Health_Centres,Jan_Aushadhi_PMBJP,Census_Demographics,MCA21_Corporate,NITI_Aspirational
745,Alluri Sitharama Raju,Andhra Pradesh,INHERITED,INHERITED,AVAILABLE,AVAILABLE,PROXY_DERIVED,AVAILABLE
744,Anakapalli,Andhra Pradesh,INHERITED,INHERITED,AVAILABLE,AVAILABLE,PROXY_DERIVED,AVAILABLE
502,Ananthapuramu,Andhra Pradesh,AVAILABLE,AVAILABLE,AVAILABLE,AVAILABLE,PROXY_DERIVED,AVAILABLE
753,Annamayya,Andhra Pradesh,IMPUTED,IMPUTED,AVAILABLE,AVAILABLE,PROXY_DERIVED,AVAILABLE
750,Bapatla,Andhra Pradesh,INHERITED,INHERITED,AVAILABLE,AVAILABLE,PROXY_DERIVED,AVAILABLE
503,Chittoor,Andhra Pradesh,AVAILABLE,AVAILABLE,AVAILABLE,AVAILABLE,PROXY_DERIVED,AVAILABLE
747,Dr. B.R. Ambedkar Konaseema,Andhra Pradesh,INHERITED,INHERITED,AVAILABLE,AVAILABLE,PROXY_DERIVED,AVAILABLE
505,East Godavari,Andhra Pradesh,AVAILABLE,AVAILABLE,AVAILABLE,AVAILABLE,PROXY_DERIVED,AVAILABLE
748,Eluru,Andhra Pradesh,INHERITED,INHERITED,AVAILABLE,AVAILABLE,PROXY_DERIVED,AVAILABLE
506,Guntur,Andhra Pradesh,AVAILABLE,AVAILABLE,AVAILABLE,AVAILABLE,PROXY_DERIVED,AVAILABLE
746,Kakinada,Andhra Pradesh,INHERITED,INHERITED,AVAILABLE,AVAILABLE,PROXY_DERIVED,AVAILABLE
510,Krishna,Andhra Pradesh,AVAILABLE,AVAILABLE,AVAILABLE,AVAILABLE,PROXY_DERIVED,AVAILABLE
511,Kurnool,Andhra Pradesh,AVAILABLE,AVAILABLE,AVAILABLE,AVAILABLE,PROXY_DERIVED,AVAILABLE
755,Nandyal,Andhra Pradesh,INHERITED,INHERITED,AVAILABLE,AVAILABLE,PROXY_DERIVED,AVAILABLE
749,Ntr,Andhra Pradesh,INHERITED,INHERITED,AVAILABLE,AVAILABLE,PROXY_DERIVED,AVAILABLE
751,Palnadu,Andhra Pradesh,INHERITED,INHERITED,AVAILABLE,AVAILABLE,PROXY_DERIVED,AVAILABLE
743,Parvathipuram Manyam,Andhra Pradesh,INHERITED,INHERITED,AVAILABLE,AVAILABLE,PROXY_DERIVED,AVAILABLE
517,Prakasam,Andhra Pradesh,AVAILABLE,AVAILABLE,AVAILABLE,AVAILABLE,PROXY_DERIVED,AVAILABLE
515,Sri Potti Sriramulu Nellore,Andhra Pradesh,AVAILABLE,AVAILABLE,AVAILABLE,AVAILABLE,PROXY_DERIVED,AVAILABLE
754,Sri Sathya Sai,Andhra Pradesh,INHERITED,INHERITED,AVAILABLE,AVAILABLE,PROXY_DERIVED,AVAILABLE
519,Srikakulam,Andhra Pradesh,AVAILABLE,AVAILABLE,AVAILABLE,AVAILABLE,PROXY_DERIVED,AVAILABLE
752,Tirupati,Andhra Pradesh,INHERITED,INHERITED,AVAILABLE,AVAILABLE,PROXY_DERIVED,AVAILABLE
520,Visakhapatnam,Andhra Pradesh,AVAILABLE,AVAILABLE,AVAILABLE,AVAILABLE,PROXY_DERIVED,AVAILABLE
521,Vizianagaram,Andhra Pradesh,AVAILABLE,AVAILABLE,AVAILABLE,AVAILABLE,PROXY_DERIVED,AVAILABLE
523,West Godavari,Andhra Pradesh,AVAILABLE,AVAILABLE,AVAILABLE,AVAILABLE,PROXY_DERIVED,AVAILABLE
504,Y.S.R.,Andhra Pradesh,IMPUTED,IMPUTED,AVAILABLE,AVAILABLE,PROXY_DERIVED,AVAILABLE
551,North Goa,Goa,AVAILABLE,AVAILABLE,AVAILABLE,AVAILABLE,PROXY_DERIVED,AVAILABLE
552,South Goa,Goa,AVAILABLE,AVAILABLE,AVAILABLE,AVAILABLE,PROXY_DERIVED,AVAILABLE
524,Bagalkote,Karnataka,AVAILABLE,AVAILABLE,AVAILABLE,AVAILABLE,PROXY_DERIVED,AVAILABLE
528,Ballari,Karnataka,AVAILABLE,AVAILABLE,AVAILABLE,AVAILABLE,PROXY_DERIVED,AVAILABLE
527,Belagavi,Karnataka,AVAILABLE,AVAILABLE,AVAILABLE,AVAILABLE,PROXY_DERIVED,AVAILABLE
526,Bengaluru Rural,Karnataka,AVAILABLE,AVAILABLE,AVAILABLE,AVAILABLE,PROXY_DERIVED,AVAILABLE
525,Bengaluru Urban,Karnataka,AVAILABLE,AVAILABLE,AVAILABLE,AVAILABLE,PROXY_DERIVED,AVAILABLE
529,Bidar,Karnataka,AVAILABLE,AVAILABLE,AVAILABLE,AVAILABLE,PROXY_DERIVED,AVAILABLE
531,Chamarajanagara,Karnataka,AVAILABLE,AVAILABLE,AVAILABLE,AVAILABLE,PROXY_DERIVED,AVAILABLE
630,Chikkaballapura,Karnataka,AVAILABLE,AVAILABLE,AVAILABLE,AVAILABLE,PROXY_DERIVED,AVAILABLE
532,Chikkamagaluru,Karnataka,AVAILABLE,AVAILABLE,AVAILABLE,AVAILABLE,PROXY_DERIVED,AVAILABLE
533,Chitradurga,Karnataka,AVAILABLE,AVAILABLE,AVAILABLE,AVAILABLE,PROXY_DERIVED,AVAILABLE
534,Dakshina Kannada,Karnataka,AVAILABLE,AVAILABLE,AVAILABLE,AVAILABLE,PROXY_DERIVED,AVAILABLE
535,Davangere,Karnataka,AVAILABLE,AVAILABLE,AVAILABLE,AVAILABLE,PROXY_DERIVED,AVAILABLE
536,Dharwad,Karnataka,AVAILABLE,AVAILABLE,AVAILABLE,AVAILABLE,PROXY_DERIVED,AVAILABLE
537,Gadag,Karnataka,AVAILABLE,AVAILABLE,AVAILABLE,AVAILABLE,PROXY_DERIVED,AVAILABLE
539,Hassan,Karnataka,AVAILABLE,AVAILABLE,AVAILABLE,AVAILABLE,PROXY_DERIVED,AVAILABLE
540,Haveri,Karnataka,AVAILABLE,AVAILABLE,AVAILABLE,AVAILABLE,PROXY_DERIVED,AVAILABLE
538,Kalaburagi,Karnataka,AVAILABLE,AVAILABLE,AVAILABLE,AVAILABLE,PROXY_DERIVED,AVAILABLE
541,Kodagu,Karnataka,AVAILABLE,AVAILABLE,AVAILABLE,AVAILABLE,PROXY_DERIVED,AVAILABLE
542,Kolar,Karnataka,AVAILABLE,AVAILABLE,AVAILABLE,AVAILABLE,PROXY_DERIVED,AVAILABLE
543,Koppal,Karnataka,AVAILABLE,AVAILABLE,AVAILABLE,AVAILABLE,PROXY_DERIVED,AVAILABLE
544,Mandya,Karnataka,AVAILABLE,AVAILABLE,AVAILABLE,AVAILABLE,PROXY_DERIVED,AVAILABLE
545,Mysuru,Karnataka,AVAILABLE,AVAILABLE,AVAILABLE,AVAILABLE,PROXY_DERIVED,AVAILABLE
546,Raichur,Karnataka,AVAILABLE,AVAILABLE,AVAILABLE,AVAILABLE,PROXY_DERIVED,AVAILABLE
631,Ramanagara,Karnataka,AVAILABLE,AVAILABLE,AVAILABLE,AVAILABLE,PROXY_DERIVED,AVAILABLE
547,Shivamogga,Karnataka,AVAILABLE,AVAILABLE,AVAILABLE,AVAILABLE,PROXY_DERIVED,AVAILABLE
548,Tumakuru,Karnataka,AVAILABLE,AVAILABLE,AVAILABLE,AVAILABLE,PROXY_DERIVED,AVAILABLE
549,Udupi,Karnataka,AVAILABLE,AVAILABLE,AVAILABLE,AVAILABLE,PROXY_DERIVED,AVAILABLE
550,Uttara Kannada,Karnataka,AVAILABLE,AVAILABLE,AVAILABLE,AVAILABLE,PROXY_DERIVED,AVAILABLE
738,Vijayanagar,Karnataka,INHERITED,INHERITED,AVAILABLE,AVAILABLE,PROXY_DERIVED,AVAILABLE
530,Vijayapura,Karnataka,AVAILABLE,AVAILABLE,AVAILABLE,AVAILABLE,PROXY_DERIVED,AVAILABLE
635,Yadgir,Karnataka,AVAILABLE,AVAILABLE,AVAILABLE,AVAILABLE,PROXY_DERIVED,AVAILABLE
554,Alappuzha,Kerala,AVAILABLE,AVAILABLE,AVAILABLE,AVAILABLE,PROXY_DERIVED,AVAILABLE
555,Ernakulam,Kerala,AVAILABLE,AVAILABLE,AVAILABLE,AVAILABLE,PROXY_DERIVED,AVAILABLE
556,Idukki,Kerala,AVAILABLE,AVAILABLE,AVAILABLE,AVAILABLE,PROXY_DERIVED,AVAILABLE
557,Kannur,Kerala,AVAILABLE,AVAILABLE,AVAILABLE,AVAILABLE,PROXY_DERIVED,AVAILABLE
558,Kasaragod,Kerala,AVAILABLE,AVAILABLE,AVAILABLE,AVAILABLE,PROXY_DERIVED,AVAILABLE
559,Kollam,Kerala,AVAILABLE,AVAILABLE,AVAILABLE,AVAILABLE,PROXY_DERIVED,AVAILABLE
560,Kottayam,Kerala,AVAILABLE,AVAILABLE,AVAILABLE,AVAILABLE,PROXY_DERIVED,AVAILABLE
561,Kozhikode,Kerala,AVAILABLE,AVAILABLE,AVAILABLE,AVAILABLE,PROXY_DERIVED,AVAILABLE
562,Malappuram,Kerala,AVAILABLE,AVAILABLE,AVAILABLE,AVAILABLE,PROXY_DERIVED,AVAILABLE
563,Palakkad,Kerala,AVAILABLE,AVAILABLE,AVAILABLE,AVAILABLE,PROXY_DERIVED,AVAILABLE
564,Pathanamthitta,Kerala,AVAILABLE,AVAILABLE,AVAILABLE,AVAILABLE,PROXY_DERIVED,AVAILABLE
565,Thiruvananthapuram,Kerala,AVAILABLE,AVAILABLE,AVAILABLE,AVAILABLE,PROXY_DERIVED,AVAILABLE
566,Thrissur,Kerala,AVAILABLE,AVAILABLE,AVAILABLE,AVAILABLE,PROXY_DERIVED,AVAILABLE
567,Wayanad,Kerala,AVAILABLE,AVAILABLE,AVAILABLE,AVAILABLE,PROXY_DERIVED,AVAILABLE
598,Karaikal,Puducherry,AVAILABLE,AVAILABLE,AVAILABLE,AVAILABLE,PROXY_DERIVED,AVAILABLE
599,Mahe,Puducherry,AVAILABLE,AVAILABLE,AVAILABLE,AVAILABLE,PROXY_DERIVED,AVAILABLE
600,Puducherry,Puducherry,AVAILABLE,AVAILABLE,AVAILABLE,AVAILABLE,PROXY_DERIVED,AVAILABLE
601,Yanam,Puducherry,AVAILABLE,AVAILABLE,AVAILABLE,AVAILABLE,PROXY_DERIVED,AVAILABLE
610,Ariyalur,Tamil Nadu,INHERITED,INHERITED,AVAILABLE,AVAILABLE,PROXY_DERIVED,AVAILABLE
730,Chengalpattu,Tamil Nadu,INHERITED,INHERITED,AVAILABLE,AVAILABLE,PROXY_DERIVED,AVAILABLE
568,Chennai,Tamil Nadu,AVAILABLE,IMPUTED,AVAILABLE,AVAILABLE,PROXY_DERIVED,AVAILABLE
569,Coimbatore,Tamil Nadu,AVAILABLE,AVAILABLE,AVAILABLE,AVAILABLE,PROXY_DERIVED,AVAILABLE
570,Cuddalore,Tamil Nadu,AVAILABLE,AVAILABLE,AVAILABLE,AVAILABLE,PROXY_DERIVED,AVAILABLE
571,Dharmapuri,Tamil Nadu,AVAILABLE,AVAILABLE,AVAILABLE,AVAILABLE,PROXY_DERIVED,AVAILABLE
572,Dindigul,Tamil Nadu,AVAILABLE,AVAILABLE,AVAILABLE,AVAILABLE,PROXY_DERIVED,AVAILABLE
573,Erode,Tamil Nadu,AVAILABLE,AVAILABLE,AVAILABLE,AVAILABLE,PROXY_DERIVED,AVAILABLE
729,Kallakurichi,Tamil Nadu,INHERITED,INHERITED,AVAILABLE,AVAILABLE,PROXY_DERIVED,AVAILABLE
574,Kancheepuram,Tamil Nadu,AVAILABLE,AVAILABLE,AVAILABLE,AVAILABLE,PROXY_DERIVED,AVAILABLE
575,Kanniyakumari,Tamil Nadu,AVAILABLE,IMPUTED,AVAILABLE,AVAILABLE,PROXY_DERIVED,AVAILABLE
576,Karur,Tamil Nadu,AVAILABLE,AVAILABLE,AVAILABLE,AVAILABLE,PROXY_DERIVED,AVAILABLE
577,Krishnagiri,Tamil Nadu,AVAILABLE,AVAILABLE,AVAILABLE,AVAILABLE,PROXY_DERIVED,AVAILABLE
578,Madurai,Tamil Nadu,AVAILABLE,AVAILABLE,AVAILABLE,AVAILABLE,PROXY_DERIVED,AVAILABLE
735,Mayiladuthurai,Tamil Nadu,INHERITED,INHERITED,AVAILABLE,AVAILABLE,PROXY_DERIVED,AVAILABLE
579,Nagapattinam,Tamil Nadu,AVAILABLE,AVAILABLE,AVAILABLE,AVAILABLE,PROXY_DERIVED,AVAILABLE
580,Namakkal,Tamil Nadu,AVAILABLE,AVAILABLE,AVAILABLE,AVAILABLE,PROXY_DERIVED,AVAILABLE
581,Perambalur,Tamil Nadu,AVAILABLE,AVAILABLE,AVAILABLE,AVAILABLE,PROXY_DERIVED,AVAILABLE
582,Pudukkottai,Tamil Nadu,AVAILABLE,AVAILABLE,AVAILABLE,AVAILABLE,PROXY_DERIVED,AVAILABLE
583,Ramanathapuram,Tamil Nadu,AVAILABLE,IMPUTED,AVAILABLE,AVAILABLE,PROXY_DERIVED,AVAILABLE
731,Ranipet,Tamil Nadu,INHERITED,INHERITED,AVAILABLE,AVAILABLE,PROXY_DERIVED,AVAILABLE
584,Salem,Tamil Nadu,AVAILABLE,AVAILABLE,AVAILABLE,AVAILABLE,PROXY_DERIVED,AVAILABLE
585,Sivaganga,Tamil Nadu,AVAILABLE,AVAILABLE,AVAILABLE,AVAILABLE,PROXY_DERIVED,AVAILABLE
733,Tenkasi,Tamil Nadu,INHERITED,INHERITED,AVAILABLE,AVAILABLE,PROXY_DERIVED,AVAILABLE
586,Thanjavur,Tamil Nadu,AVAILABLE,AVAILABLE,AVAILABLE,AVAILABLE,PROXY_DERIVED,AVAILABLE
587,The Nilgiris,Tamil Nadu,AVAILABLE,AVAILABLE,AVAILABLE,AVAILABLE,PROXY_DERIVED,AVAILABLE
588,Theni,Tamil Nadu,AVAILABLE,AVAILABLE,AVAILABLE,AVAILABLE,PROXY_DERIVED,AVAILABLE
589,Thiruvallur,Tamil Nadu,AVAILABLE,AVAILABLE,AVAILABLE,AVAILABLE,PROXY_DERIVED,AVAILABLE
590,Thiruvarur,Tamil Nadu,AVAILABLE,AVAILABLE,AVAILABLE,AVAILABLE,PROXY_DERIVED,AVAILABLE
594,Thoothukkudi,Tamil Nadu,AVAILABLE,AVAILABLE,AVAILABLE,AVAILABLE,PROXY_DERIVED,AVAILABLE
591,Tiruchirappalli,Tamil Nadu,AVAILABLE,IMPUTED,AVAILABLE,AVAILABLE,PROXY_DERIVED,AVAILABLE
592,Tirunelveli,Tamil Nadu,AVAILABLE,AVAILABLE,AVAILABLE,AVAILABLE,PROXY_DERIVED,AVAILABLE
732,Tirupathur,Tamil Nadu,INHERITED,INHERITED,AVAILABLE,AVAILABLE,PROXY_DERIVED,AVAILABLE
634,Tiruppur,Tamil Nadu,AVAILABLE,AVAILABLE,AVAILABLE,AVAILABLE,PROXY_DERIVED,AVAILABLE
593,Tiruvannamalai,Tamil Nadu,AVAILABLE,AVAILABLE,AVAILABLE,AVAILABLE,PROXY_DERIVED,AVAILABLE
595,Vellore,Tamil Nadu,AVAILABLE,AVAILABLE,AVAILABLE,AVAILABLE,PROXY_DERIVED,AVAILABLE
596,Viluppuram,Tamil Nadu,AVAILABLE,AVAILABLE,AVAILABLE,AVAILABLE,PROXY_DERIVED,AVAILABLE
597,Virudhunagar,Tamil Nadu,AVAILABLE,AVAILABLE,AVAILABLE,AVAILABLE,PROXY_DERIVED,AVAILABLE
501,Adilabad,Telangana,AVAILABLE,AVAILABLE,AVAILABLE,AVAILABLE,PROXY_DERIVED,AVAILABLE
690,Bhadradri Kothagudem,Telangana,AVAILABLE,INHERITED,AVAILABLE,AVAILABLE,PROXY_DERIVED,AVAILABLE
686,Hanumakonda,Telangana,AVAILABLE,INHERITED,AVAILABLE,AVAILABLE,PROXY_DERIVED,AVAILABLE
507,Hyderabad,Telangana,AVAILABLE,AVAILABLE,AVAILABLE,AVAILABLE,PROXY_DERIVED,AVAILABLE
681,Jagitial,Telangana,AVAILABLE,INHERITED,AVAILABLE,AVAILABLE,PROXY_DERIVED,AVAILABLE
689,Jangoan,Telangana,AVAILABLE,INHERITED,AVAILABLE,AVAILABLE,PROXY_DERIVED,AVAILABLE
687,Jayashankar Bhupalapally,Telangana,AVAILABLE,INHERITED,AVAILABLE,AVAILABLE,PROXY_DERIVED,AVAILABLE
695,Jogulamba Gadwal,Telangana,AVAILABLE,IMPUTED,AVAILABLE,AVAILABLE,PROXY_DERIVED,AVAILABLE
685,Kamareddy,Telangana,AVAILABLE,INHERITED,AVAILABLE,AVAILABLE,PROXY_DERIVED,AVAILABLE
508,Karimnagar,Telangana,AVAILABLE,AVAILABLE,AVAILABLE,AVAILABLE,PROXY_DERIVED,AVAILABLE
509,Khammam,Telangana,AVAILABLE,AVAILABLE,AVAILABLE,AVAILABLE,PROXY_DERIVED,AVAILABLE
699,Kumuram Bheem Asifabad,Telangana,AVAILABLE,INHERITED,AVAILABLE,AVAILABLE,PROXY_DERIVED,AVAILABLE
688,Mahabubabad,Telangana,AVAILABLE,INHERITED,AVAILABLE,AVAILABLE,PROXY_DERIVED,AVAILABLE
512,Mahabubnagar,Telangana,AVAILABLE,IMPUTED,AVAILABLE,AVAILABLE,PROXY_DERIVED,AVAILABLE
684,Mancherial,Telangana,AVAILABLE,INHERITED,AVAILABLE,AVAILABLE,PROXY_DERIVED,AVAILABLE
513,Medak,Telangana,AVAILABLE,AVAILABLE,AVAILABLE,AVAILABLE,PROXY_DERIVED,AVAILABLE
700,Medchal Malkajgiri,Telangana,AVAILABLE,IMPUTED,AVAILABLE,AVAILABLE,PROXY_DERIVED,AVAILABLE
720,Mulugu,Telangana,INHERITED,INHERITED,AVAILABLE,AVAILABLE,PROXY_DERIVED,AVAILABLE
694,Nagarkurnool,Telangana,AVAILABLE,IMPUTED,AVAILABLE,AVAILABLE,PROXY_DERIVED,AVAILABLE
514,Nalgonda,Telangana,AVAILABLE,AVAILABLE,AVAILABLE,AVAILABLE,PROXY_DERIVED,AVAILABLE
721,Narayanpet,Telangana,INHERITED,IMPUTED,AVAILABLE,AVAILABLE,PROXY_DERIVED,AVAILABLE
680,Nirmal,Telangana,AVAILABLE,INHERITED,AVAILABLE,AVAILABLE,PROXY_DERIVED,AVAILABLE
516,Nizamabad,Telangana,AVAILABLE,AVAILABLE,AVAILABLE,AVAILABLE,PROXY_DERIVED,AVAILABLE
682,Peddapalli,Telangana,AVAILABLE,INHERITED,AVAILABLE,AVAILABLE,PROXY_DERIVED,AVAILABLE
683,Rajanna Sircilla,Telangana,AVAILABLE,INHERITED,AVAILABLE,AVAILABLE,PROXY_DERIVED,AVAILABLE
518,Ranga Reddy,Telangana,AVAILABLE,IMPUTED,AVAILABLE,AVAILABLE,PROXY_DERIVED,AVAILABLE
691,Sangareddy,Telangana,AVAILABLE,INHERITED,AVAILABLE,AVAILABLE,PROXY_DERIVED,AVAILABLE
692,Siddipet,Telangana,AVAILABLE,INHERITED,AVAILABLE,AVAILABLE,PROXY_DERIVED,AVAILABLE
696,Suryapet,Telangana,AVAILABLE,INHERITED,AVAILABLE,AVAILABLE,PROXY_DERIVED,AVAILABLE
698,Vikarabad,Telangana,AVAILABLE,IMPUTED,AVAILABLE,AVAILABLE,PROXY_DERIVED,AVAILABLE
693,Wanaparthy,Telangana,AVAILABLE,IMPUTED,AVAILABLE,AVAILABLE,PROXY_DERIVED,AVAILABLE
522,Warangal,Telangana,AVAILABLE,AVAILABLE,AVAILABLE,AVAILABLE,PROXY_DERIVED,AVAILABLE
697,Yadadri Bhuvanagiri,Telangana,AVAILABLE,INHERITED,AVAILABLE,AVAILABLE,PROXY_DERIVED,AVAILABLE
