lgd_district_code,district_name,state_name,dlmai_score,value_driver_score,saturation_penalty,geometric_score,pillar_p1_score,pillar_p2_score,pillar_p3_score,pillar_p4_score,pillar_p5_score,pillar_p6_score,pillar_p7_score,south_india_rank,state_rank,commercial_tier,rank_std_dev,rank_ci_lower_2_5,rank_ci_upper_97_5,top_10_frequency_pct,top_20_frequency_pct
687,Jayashankar Bhupalapally,Telangana,56.1698,56.2435,0.0736,45.221,67.1193,72.1842,44.9091,27.2698,0.491,100.0,0.0002,1,1,Tier 1 (High Priority),3.0,1,11,94.8,100.0
563,Palakkad,Kerala,55.887,55.9607,0.0736,45.3993,63.2573,70.2047,50.7934,27.2698,0.491,0.0,99.9998,2,1,Tier 1 (High Priority),2.16,1,9,98.1,100.0
583,Ramanathapuram,Tamil Nadu,55.7019,55.7756,0.0736,53.8818,52.798,79.5354,51.2749,27.2698,0.491,100.0,33.3334,3,1,Tier 1 (High Priority),2.21,1,9,99.0,100.0
699,Kumuram Bheem Asifabad,Telangana,54.5396,54.6132,0.0736,43.7362,69.9188,62.6683,40.3848,27.2698,0.491,100.0,0.0002,4,2,Tier 1 (High Priority),5.28,2,19,74.7,98.2
572,Dindigul,Tamil Nadu,54.2876,54.3612,0.0736,44.3183,60.826,75.2171,60.9974,27.2698,0.491,0.0,33.3334,5,2,Tier 1 (High Priority),2.13,3,10,98.1,100.0
732,Tirupathur,Tamil Nadu,53.8578,53.9314,0.0736,43.6145,52.4003,82.1957,67.19,27.2698,0.491,0.0,33.3334,6,3,Tier 1 (High Priority),2.8,3,14,88.1,99.9
731,Ranipet,Tamil Nadu,53.8578,53.9314,0.0736,43.6145,52.4003,82.1957,67.19,27.2698,0.491,0.0,33.3334,6,3,Tier 1 (High Priority),2.8,3,14,88.1,99.9
595,Vellore,Tamil Nadu,53.8578,53.9314,0.0736,43.6145,52.4003,82.1957,67.19,27.2698,0.491,0.0,33.3334,6,3,Tier 1 (High Priority),2.8,3,14,88.1,99.9
592,Tirunelveli,Tamil Nadu,53.8135,53.8871,0.0736,43.7396,53.2294,73.0326,71.7845,27.2698,0.491,0.0,33.3334,9,6,Tier 1 (High Priority),3.82,1,16,77.3,99.6
733,Tenkasi,Tamil Nadu,53.8135,53.8871,0.0736,43.7396,53.2294,73.0326,71.7845,27.2698,0.491,0.0,33.3334,9,6,Tier 1 (High Priority),3.82,1,16,77.3,99.6
585,Sivaganga,Tamil Nadu,52.8579,52.9315,0.0736,43.1337,62.5681,76.7418,51.6203,27.2698,0.491,0.0,33.3334,11,8,Tier 1 (High Priority),3.13,6,18,20.9,99.8
729,Kallakurichi,Tamil Nadu,52.4002,52.4738,0.0736,42.4558,48.3301,76.6688,70.9485,27.2698,0.491,0.0,33.3334,12,9,Tier 1 (High Priority),5.82,8,30,16.1,84.7
596,Viluppuram,Tamil Nadu,52.4002,52.4738,0.0736,42.4558,48.3301,76.6688,70.9485,27.2698,0.491,0.0,33.3334,12,9,Tier 1 (High Priority),5.82,8,30,16.1,84.7
690,Bhadradri Kothagudem,Telangana,52.3983,52.472,0.0736,42.7087,57.1884,69.3738,46.2127,27.2698,0.491,100.0,0.0002,14,3,Tier 1 (High Priority),6.13,5,28,18.2,80.2
559,Kollam,Kerala,52.37,52.4437,0.0736,42.7488,54.5477,70.6428,49.1864,27.2698,0.491,0.0,99.9998,15,2,Tier 1 (High Priority),4.15,5,22,15.1,95.6
567,Wayanad,Kerala,52.0823,52.156,0.0736,44.5099,54.002,82.5798,16.4694,27.2698,0.491,100.0,99.9998,16,3,Tier 1 (High Priority),11.83,3,46,30.6,63.5
566,Thrissur,Kerala,52.0529,52.1266,0.0736,42.6214,52.0024,67.4641,53.7631,27.2698,0.491,0.0,99.9998,17,4,Tier 1 (High Priority),4.82,7,28,6.9,84.5
591,Tiruchirappalli,Tamil Nadu,51.9471,52.0256,0.0785,42.5256,61.4063,74.4673,51.2749,27.0085,0.5232,0.0,33.3334,18,11,Tier 1 (High Priority),2.75,12,22,0.9,90.6
586,Thanjavur,Tamil Nadu,51.9311,52.0047,0.0736,42.196,49.4374,81.2427,64.4071,27.2698,0.491,0.0,33.3334,19,12,Tier 1 (High Priority),5.03,12,32,0.3,74.1
593,Tiruvannamalai,Tamil Nadu,51.2706,51.3443,0.0736,42.1645,55.3423,73.5707,57.9938,27.2698,0.491,0.0,33.3334,20,13,Tier 1 (High Priority),2.93,16,27,0.0,39.3
597,Virudhunagar,Tamil Nadu,51.1637,51.2373,0.0736,50.1646,54.0682,56.1718,46.3141,27.2698,0.491,100.0,33.3334,21,14,Tier 1 (High Priority),8.3,7,42,6.2,39.0
561,Kozhikode,Kerala,51.1637,51.2374,0.0736,41.3736,50.4152,79.3242,44.7447,27.2698,0.491,0.0,99.9998,21,5,Tier 1 (High Priority),6.01,11,36,2.3,43.8
685,Kamareddy,Telangana,50.6998,50.7734,0.0736,34.3404,71.6247,68.7939,42.8218,27.2698,0.491,0.0,0.0002,23,4,Tier 1 (High Priority),7.55,8,39,4.7,33.4
579,Nagapattinam,Tamil Nadu,50.5937,50.6674,0.0736,41.6137,54.095,75.3501,55.9369,27.2698,0.491,0.0,33.3334,24,15,Tier 1 (High Priority),3.88,19,34,0.0,8.7
735,Mayiladuthurai,Tamil Nadu,50.5937,50.6674,0.0736,41.6137,54.095,75.3501,55.9369,27.2698,0.491,0.0,33.3334,24,15,Tier 1 (High Priority),3.88,19,34,0.0,8.7
501,Adilabad,Telangana,50.1487,50.2223,0.0736,33.8118,75.071,61.2991,40.3848,27.2698,0.491,0.0,0.0002,26,5,Tier 1 (High Priority),10.71,7,53,4.5,20.3
554,Alappuzha,Kerala,50.1293,50.203,0.0736,40.8293,51.9985,71.52,43.3179,27.2698,0.491,0.0,99.9998,27,6,Tier 1 (High Priority),7.04,17,44,0.5,8.4
686,Hanumakonda,Telangana,50.1218,50.1955,0.0736,34.176,65.9211,74.9552,44.9091,27.2698,0.491,0.0,0.0002,28,6,Tier 1 (High Priority),5.48,16,38,0.0,9.2
582,Pudukkottai,Tamil Nadu,50.103,50.1766,0.0736,41.2626,52.0386,73.9292,57.9325,27.2698,0.491,0.0,33.3334,29,17,Tier 1 (High Priority),5.73,22,44,0.0,0.5
565,Thiruvananthapuram,Kerala,50.0934,50.2033,0.1099,40.806,55.7071,60.1696,31.3041,60.418,0.7325,0.0,99.9998,30,7,Tier 1 (High Priority),10.74,9,51,3.4,18.2
576,Karur,Tamil Nadu,49.9906,50.0643,0.0736,39.5873,66.8308,79.1762,32.0814,27.2698,0.491,0.0,33.3334,31,18,Tier 2 (Growth Markets),8.06,12,46,1.2,13.0
720,Mulugu,Telangana,49.763,49.8366,0.0736,33.9214,62.8065,79.7919,44.9091,27.2698,0.491,0.0,0.0002,32,7,Tier 2 (Growth Markets),4.7,20,39,0.0,2.8
522,Warangal,Telangana,49.763,49.8366,0.0736,33.9214,62.8065,79.7919,44.9091,27.2698,0.491,0.0,0.0002,32,7,Tier 2 (Growth Markets),4.7,20,39,0.0,2.8
573,Erode,Tamil Nadu,49.6427,49.7163,0.0736,40.5307,52.0057,84.0267,49.4995,27.2698,0.491,0.0,33.3334,34,19,Tier 2 (Growth Markets),5.31,24,45,0.0,0.1
689,Jangoan,Telangana,49.4578,49.5314,0.0736,33.7048,60.8427,82.3535,44.9091,27.2698,0.491,0.0,0.0002,35,9,Tier 2 (Growth Markets),4.48,25,43,0.0,0.0
556,Idukki,Kerala,49.4305,49.5041,0.0736,39.6676,53.8516,75.3583,35.2208,27.2698,0.491,0.0,99.9998,36,8,Tier 2 (Growth Markets),8.26,20,51,0.0,3.0
682,Peddapalli,Telangana,49.3926,49.4663,0.0736,34.1318,61.7083,69.3097,51.9079,27.2698,0.491,0.0,0.0002,37,10,Tier 2 (Growth Markets),5.04,26,44,0.0,0.0
695,Jogulamba Gadwal,Telangana,49.2088,49.2824,0.0736,33.6486,65.9887,71.4974,43.3757,27.2698,0.491,0.0,0.0002,38,11,Tier 2 (Growth Markets),6.03,23,49,0.0,1.7
560,Kottayam,Kerala,48.8646,48.9383,0.0736,39.813,51.3178,69.4093,40.588,27.2698,0.491,0.0,99.9998,39,9,Tier 2 (Growth Markets),8.22,25,54,0.0,0.8
694,Nagarkurnool,Telangana,48.769,48.8427,0.0736,33.3565,62.2309,77.2909,43.3757,27.2698,0.491,0.0,0.0002,40,12,Tier 2 (Growth Markets),4.34,31,49,0.0,0.0
555,Ernakulam,Kerala,48.4888,50.516,2.0271,40.5054,54.6353,65.2562,33.9479,53.0046,13.5142,0.0,99.9998,41,10,Tier 2 (Growth Markets),10.88,23,63,0.0,1.6
721,Narayanpet,Telangana,48.4888,48.5624,0.0736,33.1566,60.2886,79.958,43.3757,27.2698,0.491,0.0,0.0002,41,13,Tier 2 (Growth Markets),4.16,35,52,0.0,0.0
512,Mahabubnagar,Telangana,48.4888,48.5624,0.0736,33.1566,60.2886,79.958,43.3757,27.2698,0.491,0.0,0.0002,41,13,Tier 2 (Growth Markets),4.16,35,52,0.0,0.0
575,Kanniyakumari,Tamil Nadu,48.4271,48.5008,0.0736,39.6292,47.991,82.8966,51.2749,27.2698,0.491,0.0,33.3334,44,20,Tier 2 (Growth Markets),7.59,28,58,0.0,0.0
589,Thiruvallur,Tamil Nadu,48.4167,48.4904,0.0736,40.2024,51.1334,67.0651,56.9428,27.2698,0.491,0.0,33.3334,45,21,Tier 2 (Growth Markets),7.39,28,56,0.0,0.0
696,Suryapet,Telangana,48.3307,48.4043,0.0736,33.1899,62.6846,73.3599,43.5024,27.2698,0.491,0.0,0.0002,46,15,Tier 2 (Growth Markets),5.15,35,56,0.0,0.0
693,Wanaparthy,Telangana,48.2225,48.2961,0.0736,33.015,59.6236,79.8179,43.3757,27.2698,0.491,0.0,0.0002,47,16,Tier 2 (Growth Markets),4.38,40,56,0.0,0.0
514,Nalgonda,Telangana,48.1637,48.2374,0.0736,33.1044,62.2896,73.2225,43.5024,27.2698,0.491,0.0,0.0002,48,17,Tier 2 (Growth Markets),5.01,38,58,0.0,0.0
513,Medak,Telangana,47.897,47.9706,0.0736,32.8302,65.7392,68.0285,40.7047,27.2698,0.491,0.0,0.0002,49,18,Tier 2 (Growth Markets),7.34,34,62,0.0,0.0
681,Jagitial,Telangana,47.8638,47.9374,0.0736,33.2807,57.5132,69.3605,51.9079,27.2698,0.491,0.0,0.0002,50,19,Tier 2 (Growth Markets),5.6,38,59,0.0,0.0
557,Kannur,Kerala,47.8057,47.8793,0.0736,39.1564,49.9237,65.1506,41.1579,27.2698,0.491,0.0,99.9998,51,11,Tier 2 (Growth Markets),9.51,31,65,0.0,0.0
594,Thoothukkudi,Tamil Nadu,47.5861,47.6598,0.0736,39.5087,53.5422,69.805,48.2066,27.2698,0.491,0.0,33.3334,52,22,Tier 2 (Growth Markets),3.59,43,56,0.0,0.0
581,Perambalur,Tamil Nadu,47.5336,47.6072,0.0736,39.0481,55.4549,75.6474,41.326,27.2698,0.491,0.0,33.3334,53,23,Tier 2 (Growth Markets),2.3,47,56,0.0,0.0
610,Ariyalur,Tamil Nadu,47.5336,47.6072,0.0736,39.0481,55.4549,75.6474,41.326,27.2698,0.491,0.0,33.3334,53,23,Tier 2 (Growth Markets),2.3,47,56,0.0,0.0
590,Thiruvarur,Tamil Nadu,47.4865,47.5601,0.0736,38.7135,55.1452,79.9898,38.7493,27.2698,0.491,0.0,33.3334,55,25,Tier 2 (Growth Markets),4.26,45,60,0.0,0.0
730,Chengalpattu,Tamil Nadu,47.429,47.5027,0.0736,39.4294,51.6189,69.5023,50.6236,27.2698,0.491,0.0,33.3334,56,26,Tier 2 (Growth Markets),5.16,40,61,0.0,0.0
562,Malappuram,Kerala,47.046,47.1499,0.1038,37.7683,57.6788,59.7215,30.2077,27.3677,0.6922,0.0,99.9998,57,12,Tier 2 (Growth Markets),10.58,34,75,0.0,0.0
580,Namakkal,Tamil Nadu,46.8653,46.9389,0.0736,38.6697,47.8789,77.6657,48.5417,27.2698,0.491,0.0,33.3334,58,27,Tier 2 (Growth Markets),5.69,44,69,0.0,0.0
683,Rajanna Sircilla,Telangana,46.7016,46.7753,0.0736,32.5035,52.4349,73.6792,51.9079,27.2698,0.491,0.0,0.0002,59,20,Tier 2 (Growth Markets),4.83,48,68,0.0,0.0
688,Mahabubabad,Telangana,46.6505,46.7241,0.0736,32.3035,56.1857,75.5471,44.9091,27.2698,0.491,0.0,0.0002,60,21,Tier 2 (Growth Markets),2.86,54,65,0.0,0.0
509,Khammam,Telangana,46.5844,46.6581,0.0736,32.3524,56.0168,73.532,46.2127,27.2698,0.491,0.0,0.0002,61,22,Tier 2 (Growth Markets),2.63,55,66,0.0,0.0
508,Karimnagar,Telangana,46.5414,46.6151,0.0736,32.5362,54.4074,68.2209,51.9079,27.2698,0.491,0.0,0.0002,62,23,Tier 2 (Growth Markets),4.51,51,70,0.0,0.0
564,Pathanamthitta,Kerala,46.3474,46.4211,0.0736,37.2637,53.2368,64.9228,30.4815,27.2698,0.491,0.0,99.9998,63,13,Tier 2 (Growth Markets),9.59,40,78,0.0,0.0
518,Ranga Reddy,Telangana,46.0734,46.147,0.0736,32.0209,57.8577,70.5318,43.3757,27.2698,0.491,0.0,0.0002,64,24,Tier 2 (Growth Markets),3.09,60,73,0.0,0.0
697,Yadadri Bhuvanagiri,Telangana,46.0322,46.1058,0.0736,31.8429,54.407,77.9002,43.5024,27.2698,0.491,0.0,0.0002,65,25,Tier 2 (Growth Markets),3.11,60,72,0.0,0.0
516,Nizamabad,Telangana,45.9479,46.0216,0.0736,31.9883,63.1128,58.6978,42.8218,27.2698,0.491,0.0,0.0002,66,26,Tier 2 (Growth Markets),6.94,52,80,0.0,0.0
578,Madurai,Tamil Nadu,45.6213,45.7324,0.1111,37.2967,53.1961,77.6851,35.707,27.3677,0.7405,0.0,33.3334,67,28,Tier 2 (Growth Markets),3.76,61,75,0.0,0.0
691,Sangareddy,Telangana,45.5959,45.6695,0.0736,31.6939,61.7457,62.8487,40.7047,27.2698,0.491,0.0,0.0002,68,27,Tier 2 (Growth Markets),5.9,57,81,0.0,0.0
698,Vikarabad,Telangana,45.5566,45.6303,0.0736,31.8008,58.4951,65.8933,43.3757,27.2698,0.491,0.0,0.0002,69,28,Tier 2 (Growth Markets),3.77,63,78,0.0,0.0
570,Cuddalore,Tamil Nadu,45.4184,45.492,0.0736,37.9769,47.7749,67.0468,49.793,27.2698,0.491,0.0,33.3334,70,29,Tier 2 (Growth Markets),5.03,60,79,0.0,0.0
568,Chennai,Tamil Nadu,45.372,52.5364,7.1644,40.7669,56.5311,73.8215,51.2749,50.1306,47.7624,0.0,33.3334,71,30,Tier 2 (Growth Markets),4.12,62,78,0.0,0.0
634,Tiruppur,Tamil Nadu,45.158,45.2316,0.0736,37.7468,49.6783,67.4932,45.6201,27.2698,0.491,0.0,33.3334,72,31,Tier 2 (Growth Markets),3.35,66,78,0.0,0.0
684,Mancherial,Telangana,45.0753,45.1489,0.0736,31.2341,54.9627,75.4832,40.3848,27.2698,0.491,0.0,0.0002,73,29,Tier 2 (Growth Markets),3.11,67,79,0.0,0.0
692,Siddipet,Telangana,45.0713,45.1449,0.0736,31.3375,56.6168,71.2234,40.7047,27.2698,0.491,0.0,0.0002,74,30,Tier 2 (Growth Markets),3.43,68,81,0.0,0.0
571,Dharmapuri,Tamil Nadu,44.6524,44.726,0.0736,35.6579,52.6928,83.5025,28.6061,27.2698,0.491,0.0,33.3334,75,32,Tier 3 (Moderate Opportunity),4.74,65,84,0.0,0.0
584,Salem,Tamil Nadu,44.5298,44.6155,0.0857,35.316,48.5101,71.0371,49.1319,11.5937,0.5715,0.0,33.3334,76,33,Tier 3 (Moderate Opportunity),4.17,67,83,0.0,0.0
577,Krishnagiri,Tamil Nadu,44.4282,44.5019,0.0736,36.182,46.179,84.3599,36.8052,27.2698,0.491,0.0,33.3334,77,34,Tier 3 (Moderate Opportunity),3.82,66,81,0.0,0.0
587,The Nilgiris,Tamil Nadu,44.399,44.4726,0.0736,35.4008,50.4363,86.533,28.9431,27.2698,0.491,0.0,33.3334,78,35,Tier 3 (Moderate Opportunity),4.73,65,85,0.0,0.0
558,Kasaragod,Kerala,44.3645,44.4382,0.0736,35.2545,51.0702,64.7833,25.7559,27.2698,0.491,0.0,99.9998,79,14,Tier 3 (Moderate Opportunity),8.38,58,93,0.0,0.0
588,Theni,Tamil Nadu,43.8465,43.9201,0.0736,35.6759,50.5564,78.4884,31.7982,27.2698,0.491,0.0,33.3334,80,36,Tier 3 (Moderate Opportunity),2.53,75,87,0.0,0.0
598,Karaikal,Puducherry,43.5222,43.7601,0.2378,29.5935,52.0938,44.2425,28.8852,100.0,1.5856,0.0,0.0002,81,1,Tier 3 (Moderate Opportunity),11.05,50,98,0.0,0.0
521,Vizianagaram,Andhra Pradesh,42.712,42.7857,0.0736,33.6548,32.5671,81.237,35.7447,27.2698,0.491,100.0,0.0002,82,1,Tier 3 (Moderate Opportunity),7.1,62,92,0.0,0.0
743,Parvathipuram Manyam,Andhra Pradesh,42.712,42.7857,0.0736,33.6548,32.5671,81.237,35.7447,27.2698,0.491,100.0,0.0002,82,1,Tier 3 (Moderate Opportunity),7.1,62,92,0.0,0.0
569,Coimbatore,Tamil Nadu,42.4448,43.9986,1.5538,36.555,44.5235,68.758,40.8379,42.9784,10.359,0.0,33.3334,84,37,Tier 3 (Moderate Opportunity),2.01,81,89,0.0,0.0
680,Nirmal,Telangana,42.0277,42.1014,0.0736,29.8315,56.6164,52.8965,40.3848,27.2698,0.491,0.0,0.0002,85,31,Tier 3 (Moderate Opportunity),5.46,80,99,0.0,0.0
574,Kancheepuram,Tamil Nadu,41.8318,47.5027,5.6709,37.2208,51.6189,69.5023,50.6236,27.2698,37.8059,0.0,33.3334,86,38,Tier 3 (Moderate Opportunity),3.1,82,94,0.0,0.0
505,East Godavari,Andhra Pradesh,41.0983,41.172,0.0736,27.8491,29.8069,69.589,65.4767,27.2698,0.491,0.0,0.0002,87,3,Tier 3 (Moderate Opportunity),6.17,73,96,0.0,0.0
747,Dr. B.R. Ambedkar Konaseema,Andhra Pradesh,41.0983,41.172,0.0736,27.8491,29.8069,69.589,65.4767,27.2698,0.491,0.0,0.0002,87,3,Tier 3 (Moderate Opportunity),6.17,73,96,0.0,0.0
746,Kakinada,Andhra Pradesh,41.0983,41.172,0.0736,27.8491,29.8069,69.589,65.4767,27.2698,0.491,0.0,0.0002,87,3,Tier 3 (Moderate Opportunity),6.17,73,96,0.0,0.0
755,Nandyal,Andhra Pradesh,41.0915,41.1651,0.0736,28.0773,47.7438,83.0216,30.021,27.2698,0.491,0.0,0.0002,90,6,Tier 3 (Moderate Opportunity),4.79,83,100,0.0,0.0
754,Sri Sathya Sai,Andhra Pradesh,40.8471,40.9208,0.0736,28.3272,37.0183,81.1051,46.2079,27.2698,0.491,0.0,0.0002,91,7,Tier 3 (Moderate Opportunity),1.8,86,93,0.0,0.0
502,Ananthapuramu,Andhra Pradesh,40.8471,40.9208,0.0736,28.3272,37.0183,81.1051,46.2079,27.2698,0.491,0.0,0.0002,91,7,Tier 3 (Moderate Opportunity),1.8,86,93,0.0,0.0
745,Alluri Sitharama Raju,Andhra Pradesh,40.5917,40.6654,0.0736,31.7249,35.7634,77.0508,25.1535,27.2698,0.491,100.0,0.0002,93,9,Tier 3 (Moderate Opportunity),6.31,82,103,0.0,0.0
752,Tirupati,Andhra Pradesh,39.8424,39.9161,0.0736,26.9421,28.6789,80.4737,54.9303,27.2698,0.491,0.0,0.0002,94,10,Tier 3 (Moderate Opportunity),3.58,85,100,0.0,0.0
503,Chittoor,Andhra Pradesh,39.8424,39.9161,0.0736,26.9421,28.6789,80.4737,54.9303,27.2698,0.491,0.0,0.0002,94,10,Tier 3 (Moderate Opportunity),3.58,85,100,0.0,0.0
552,South Goa,Goa,39.7748,45.4456,5.6709,27.7704,57.1653,81.8264,19.8826,61.2018,37.8059,0.0,0.0002,96,1,Tier 3 (Moderate Opportunity),7.45,83,109,0.0,0.0
748,Eluru,Andhra Pradesh,39.6019,39.6755,0.0736,26.9468,29.5457,80.653,52.5515,27.2698,0.491,0.0,0.0002,97,12,Tier 3 (Moderate Opportunity),2.78,91,101,0.0,0.0
523,West Godavari,Andhra Pradesh,39.6019,39.6755,0.0736,26.9468,29.5457,80.653,52.5515,27.2698,0.491,0.0,0.0002,97,12,Tier 3 (Moderate Opportunity),2.78,91,101,0.0,0.0
551,North Goa,Goa,39.306,44.535,5.229,28.0026,55.5393,78.8726,22.3153,56.9889,34.8599,0.0,0.0002,99,2,Tier 3 (Moderate Opportunity),6.87,87,110,0.0,0.0
515,Sri Potti Sriramulu Nellore,Andhra Pradesh,39.2421,39.3158,0.0736,26.6987,31.1864,87.1797,44.3817,27.2698,0.491,0.0,0.0002,100,14,Tier 3 (Moderate Opportunity),2.41,93,103,0.0,0.0
511,Kurnool,Andhra Pradesh,38.4824,38.5935,0.1111,19.9415,48.4554,83.0216,30.021,0.0,0.7405,0.0,0.0002,101,15,Tier 3 (Moderate Opportunity),5.33,90,110,0.0,0.0
504,Y.S.R.,Andhra Pradesh,38.1122,38.1858,0.0736,26.5076,32.8829,79.3705,42.4031,27.2698,0.491,0.0,0.0002,102,16,Tier 3 (Moderate Opportunity),1.24,100,105,0.0,0.0
753,Annamayya,Andhra Pradesh,38.1122,38.1858,0.0736,26.5076,32.8829,79.3705,42.4031,27.2698,0.491,0.0,0.0002,102,16,Tier 3 (Moderate Opportunity),1.24,100,105,0.0,0.0
517,Prakasam,Andhra Pradesh,37.9048,37.9784,0.0736,26.0713,28.9475,78.0287,48.2838,27.2698,0.491,0.0,0.0002,104,18,Tier 3 (Moderate Opportunity),2.43,99,107,0.0,0.0
548,Tumakuru,Karnataka,37.7788,37.8524,0.0736,26.7976,33.2692,46.2032,62.2136,27.2698,0.491,0.0,0.0002,105,1,Tier 3 (Moderate Opportunity),5.09,93,113,0.0,0.0
539,Hassan,Karnataka,37.5461,37.6197,0.0736,25.7939,26.8326,54.0257,65.6992,27.2698,0.491,0.0,0.0002,106,2,Tier 3 (Moderate Opportunity),5.6,93,114,0.0,0.0
520,Visakhapatnam,Andhra Pradesh,37.5401,39.8473,2.3072,29.7537,36.5673,77.0508,25.1535,16.5578,15.3815,100.0,0.0002,107,19,Tier 3 (Moderate Opportunity),5.47,92,112,0.0,0.0
749,Ntr,Andhra Pradesh,36.8519,36.9255,0.0736,25.5483,29.6035,78.3097,42.8603,27.2698,0.491,0.0,0.0002,108,20,Tier 3 (Moderate Opportunity),1.49,104,110,0.0,0.0
510,Krishna,Andhra Pradesh,36.8519,36.9255,0.0736,25.5483,29.6035,78.3097,42.8603,27.2698,0.491,0.0,0.0002,108,20,Tier 3 (Moderate Opportunity),1.49,104,110,0.0,0.0
751,Palnadu,Andhra Pradesh,35.2559,35.3296,0.0736,24.2787,33.2162,82.6357,28.1973,27.2698,0.491,0.0,0.0002,110,22,Tier 3 (Moderate Opportunity),2.48,108,119,0.0,0.0
750,Bapatla,Andhra Pradesh,35.2559,35.3296,0.0736,24.2787,33.2162,82.6357,28.1973,27.2698,0.491,0.0,0.0002,110,22,Tier 3 (Moderate Opportunity),2.48,108,119,0.0,0.0
519,Srikakulam,Andhra Pradesh,35.0994,35.1731,0.0736,23.4658,22.3798,82.256,43.8974,27.2698,0.491,0.0,0.0002,112,24,Tier 3 (Moderate Opportunity),3.91,107,123,0.0,0.0
550,Uttara Kannada,Karnataka,34.5805,34.6542,0.0736,25.077,30.7663,47.4187,52.1755,27.2698,0.491,0.0,0.0002,113,3,Tier 3 (Moderate Opportunity),3.16,107,119,0.0,0.0
744,Anakapalli,Andhra Pradesh,34.5345,34.6082,0.0736,23.988,35.7634,77.0508,25.1535,27.2698,0.491,0.0,0.0002,114,25,Tier 3 (Moderate Opportunity),2.91,111,122,0.0,0.0
534,Dakshina Kannada,Karnataka,34.53,34.6036,0.0736,25.2318,34.2281,57.0709,40.507,27.2698,0.491,0.0,0.0002,115,4,Tier 3 (Moderate Opportunity),1.35,111,116,0.0,0.0
599,Mahe,Puducherry,33.6345,33.7082,0.0736,12.0703,66.6727,39.8558,0.0,27.2698,0.491,0.0,0.0002,116,2,Tier 3 (Moderate Opportunity),10.54,93,138,0.0,0.0
532,Chikkamagaluru,Karnataka,33.0983,33.172,0.0736,24.407,31.5025,47.9706,44.7162,27.2698,0.491,0.0,0.0002,117,5,Tier 3 (Moderate Opportunity),2.38,115,124,0.0,0.0
533,Chitradurga,Karnataka,33.0845,33.1581,0.0736,24.5782,34.2208,40.5679,45.4762,27.2698,0.491,0.0,0.0002,118,6,Tier 3 (Moderate Opportunity),2.42,113,123,0.0,0.0
547,Shivamogga,Karnataka,32.9403,33.014,0.0736,24.5413,34.9373,40.6731,43.7596,27.2698,0.491,0.0,0.0002,119,7,Tier 4 (Nascent / Rural),1.93,115,123,0.0,0.0
506,Guntur,Andhra Pradesh,32.788,32.8919,0.1038,17.6157,34.247,82.6357,28.1973,0.1633,0.6922,0.0,0.0002,120,26,Tier 4 (Nascent / Rural),4.48,114,129,0.0,0.0
535,Davangere,Karnataka,32.5881,32.6617,0.0736,24.3578,36.8304,35.2887,43.0508,27.2698,0.491,0.0,0.0002,121,8,Tier 4 (Nascent / Rural),2.31,116,126,0.0,0.0
549,Udupi,Karnataka,31.8944,31.9681,0.0736,22.5987,26.4051,70.4976,32.6434,27.2698,0.491,0.0,0.0002,122,9,Tier 4 (Nascent / Rural),3.64,117,131,0.0,0.0
544,Mandya,Karnataka,31.892,31.9657,0.0736,22.2661,20.8602,55.2334,50.8672,27.2698,0.491,0.0,0.0002,123,10,Tier 4 (Nascent / Rural),4.9,115,135,0.0,0.0
538,Kalaburagi,Karnataka,31.8577,31.9314,0.0736,22.1037,35.6697,13.3432,56.1959,27.2698,0.491,0.0,0.0002,124,11,Tier 4 (Nascent / Rural),5.54,111,132,0.0,0.0
541,Kodagu,Karnataka,31.5911,31.6648,0.0736,22.6085,33.6462,65.4695,23.9611,27.2698,0.491,0.0,0.0002,125,12,Tier 4 (Nascent / Rural),3.22,119,132,0.0,0.0
635,Yadgir,Karnataka,31.4945,31.5682,0.0736,24.5411,40.4786,12.1385,23.8365,27.2698,0.491,100.0,0.0002,126,13,Tier 4 (Nascent / Rural),6.27,110,135,0.0,0.0
546,Raichur,Karnataka,31.2915,31.3652,0.0736,25.5648,32.6183,17.1454,31.4006,27.2698,0.491,100.0,0.0002,127,14,Tier 4 (Nascent / Rural),5.13,112,134,0.0,0.0
507,Hyderabad,Telangana,31.1017,43.6062,12.5044,24.0238,59.0391,64.3763,15.0787,75.4735,83.3628,0.0,0.0002,128,32,Tier 4 (Nascent / Rural),7.7,112,142,0.0,0.0
526,Bengaluru Rural,Karnataka,30.5198,30.5198,0.0,22.6817,29.4493,50.5,36.1315,25.4409,0.0,0.0,0.0002,129,15,Tier 4 (Nascent / Rural),2.28,124,133,0.0,0.0
543,Koppal,Karnataka,29.8008,29.8745,0.0736,22.2443,42.8301,24.25,30.0869,27.2698,0.491,0.0,0.0002,130,16,Tier 4 (Nascent / Rural),3.11,124,137,0.0,0.0
527,Belagavi,Karnataka,29.7867,29.9002,0.1135,19.0346,33.8546,29.7009,50.5099,2.1555,0.7566,0.0,0.0002,131,17,Tier 4 (Nascent / Rural),4.49,123,141,0.0,0.0
700,Medchal Malkajgiri,Telangana,29.1216,44.1216,15.0,26.3078,53.1904,68.5825,43.3757,27.2698,100.0,0.0,0.0002,132,33,Tier 4 (Nascent / Rural),3.84,127,142,0.0,0.0
524,Bagalkote,Karnataka,29.0704,29.1441,0.0736,21.9453,37.2929,23.0323,36.1451,27.2698,0.491,0.0,0.0002,133,18,Tier 4 (Nascent / Rural),2.55,129,140,0.0,0.0
601,Yanam,Puducherry,28.9722,29.0458,0.0736,11.2306,51.1045,46.2968,0.0,27.2698,0.491,0.0,0.0002,134,3,Tier 4 (Nascent / Rural),8.17,118,147,0.0,0.0
545,Mysuru,Karnataka,28.7889,30.1134,1.3245,21.9719,26.0,42.5171,44.6163,25.9634,8.8297,0.0,0.0002,135,19,Tier 4 (Nascent / Rural),4.5,127,144,0.0,0.0
600,Puducherry,Puducherry,28.6171,31.429,2.8119,20.39,42.3524,47.6187,11.4322,51.8615,18.746,0.0,0.0002,136,4,Tier 4 (Nascent / Rural),5.85,127,146,0.0,0.0
528,Ballari,Karnataka,28.5706,28.6443,0.0736,21.3252,31.829,20.2493,44.0546,27.2698,0.491,0.0,0.0002,137,20,Tier 4 (Nascent / Rural),4.06,128,143,0.0,0.0
738,Vijayanagar,Karnataka,28.5706,28.6443,0.0736,21.3252,31.829,20.2493,44.0546,27.2698,0.491,0.0,0.0002,137,20,Tier 4 (Nascent / Rural),4.06,128,143,0.0,0.0
530,Vijayapura,Karnataka,28.3305,28.4041,0.0736,21.3919,34.324,21.2295,38.7358,27.2698,0.491,0.0,0.0002,139,22,Tier 4 (Nascent / Rural),3.03,134,145,0.0,0.0
531,Chamarajanagara,Karnataka,28.2033,28.277,0.0736,21.4026,30.7094,44.9579,28.0369,27.2698,0.491,0.0,0.0002,140,23,Tier 4 (Nascent / Rural),2.49,133,142,0.0,0.0
540,Haveri,Karnataka,27.9665,28.0402,0.0736,21.246,29.3278,26.3183,41.3429,27.2698,0.491,0.0,0.0002,141,24,Tier 4 (Nascent / Rural),3.38,133,146,0.0,0.0
542,Kolar,Karnataka,27.7513,27.825,0.0736,20.5236,22.6129,52.1902,33.4846,27.2698,0.491,0.0,0.0002,142,25,Tier 4 (Nascent / Rural),4.8,130,146,0.0,0.0
630,Chikkaballapura,Karnataka,27.7301,27.8038,0.0736,21.1954,28.8089,41.5057,31.203,27.2698,0.491,0.0,0.0002,143,26,Tier 4 (Nascent / Rural),2.18,137,145,0.0,0.0
536,Dharwad,Karnataka,27.6686,27.7423,0.0736,20.7055,37.1645,39.2255,20.0452,27.2698,0.491,0.0,0.0002,144,27,Tier 4 (Nascent / Rural),3.34,134,145,0.0,0.0
529,Bidar,Karnataka,27.3356,27.4093,0.0736,21.0051,33.0774,25.1876,33.9621,27.2698,0.491,0.0,0.0002,145,28,Tier 4 (Nascent / Rural),2.42,138,147,0.0,0.0
537,Gadag,Karnataka,27.099,27.1727,0.0736,20.7037,37.1352,28.5233,24.7942,27.2698,0.491,0.0,0.0002,146,29,Tier 4 (Nascent / Rural),2.43,138,147,0.0,0.0
631,Ramanagara,Karnataka,26.723,26.7966,0.0736,19.989,24.0423,51.5196,27.6363,27.2698,0.491,0.0,0.0002,147,30,Tier 4 (Nascent / Rural),2.73,137,147,0.0,0.0
525,Bengaluru Urban,Karnataka,24.4636,28.4901,4.0265,19.8689,38.1418,47.3895,20.3555,17.5702,26.8432,0.0,0.0002,148,31,Tier 4 (Nascent / Rural),0.33,148,148,0.0,0.0
