lgd_district_code,district_name,state_name,jan_aushadhi_density_per_100k,jan_aushadhi_density_per_100k_provenance,jan_aushadhi_raw_count,jan_aushadhi_raw_count_provenance,mca21_pharma_density_per_100k,mca21_pharma_density_per_100k_provenance,mca21_raw_company_count,mca21_raw_company_count_provenance,niti_aspirational_district_flag,niti_aspirational_district_flag_provenance,census_total_population,census_total_population_provenance,census_urban_population_pct,census_urban_population_pct_provenance,census_population_age_0_6_pct,census_population_age_0_6_pct_provenance,census_decadal_growth_pct,census_decadal_growth_pct_provenance,census_literacy_rate_pct,census_literacy_rate_pct_provenance,nfhs_hypertension_combined_pct,nfhs_hypertension_combined_pct_provenance,nfhs_diabetes_combined_pct,nfhs_diabetes_combined_pct_provenance,nfhs_stunting_pct,nfhs_stunting_pct_provenance,nfhs_wasting_pct,nfhs_wasting_pct_provenance,nfhs_underweight_pct,nfhs_underweight_pct_provenance,nfhs_insurance_pct,nfhs_insurance_pct_provenance,nfhs_clean_fuel_pct,nfhs_clean_fuel_pct_provenance,nfhs_sanitation_pct,nfhs_sanitation_pct_provenance,nfhs_oope_delivery_rs,nfhs_oope_delivery_rs_provenance,rhs_phc_density_per_100k,rhs_phc_density_per_100k_provenance,rhs_chc_density_per_100k,rhs_chc_density_per_100k_provenance,rhs_subcentre_density_per_100k,rhs_subcentre_density_per_100k_provenance,rhs_hospital_presence,rhs_hospital_presence_provenance,hypertension_combined_pct_women,hypertension_combined_pct_women_provenance,insurance_pct,insurance_pct_provenance,clean_fuel_pct,clean_fuel_pct_provenance,underweight_pct,underweight_pct_provenance,wasting_pct,wasting_pct_provenance,stunting_pct,stunting_pct_provenance,sanitation_pct,sanitation_pct_provenance,oope_delivery_rs,oope_delivery_rs_provenance,hypertension_combined_pct_men,hypertension_combined_pct_men_provenance,diabetes_combined_pct_women,diabetes_combined_pct_women_provenance,diabetes_combined_pct_men,diabetes_combined_pct_men_provenance
745,Alluri Sitharama Raju,Andhra Pradesh,1.773,OBSERVED,39,OBSERVED,0.364,OBSERVED,8,OBSERVED,1,OBSERVED,2200000.0,OBSERVED,42.6,OBSERVED,10.2,OBSERVED,12.4,OBSERVED,76.0,OBSERVED,59.6,INHERITED_FROM_520,17.6,INHERITED_FROM_520,31.0,INHERITED_FROM_520,21.5,INHERITED_FROM_520,33.5,INHERITED_FROM_520,64.9,INHERITED_FROM_520,3.0,INHERITED_FROM_520,77.8,INHERITED_FROM_520,2200.0,INHERITED_FROM_520,1.772,INHERITED_FROM_520,0.303,INHERITED_FROM_520,13.357,INHERITED_FROM_520,2.0,INHERITED_FROM_520,90.0,IMPUTED_STATE_MEAN,70.625,IMPUTED_STATE_MEAN,3.0,IMPUTED_STATE_MEAN,28.9417,IMPUTED_STATE_MEAN,16.25,IMPUTED_STATE_MEAN,30.05,IMPUTED_STATE_MEAN,75.975,IMPUTED_STATE_MEAN,3102.4545,IMPUTED_STATE_MEAN,28.6917,IMPUTED_STATE_MEAN,19.3083,IMPUTED_STATE_MEAN,21.3583,IMPUTED_STATE_MEAN
744,Anakapalli,Andhra Pradesh,1.773,OBSERVED,39,OBSERVED,0.364,OBSERVED,8,OBSERVED,0,OBSERVED,2200000.0,OBSERVED,42.6,OBSERVED,10.2,OBSERVED,12.4,OBSERVED,76.0,OBSERVED,59.6,INHERITED_FROM_520,17.6,INHERITED_FROM_520,31.0,INHERITED_FROM_520,21.5,INHERITED_FROM_520,33.5,INHERITED_FROM_520,64.9,INHERITED_FROM_520,3.0,INHERITED_FROM_520,77.8,INHERITED_FROM_520,2200.0,INHERITED_FROM_520,1.772,INHERITED_FROM_520,0.303,INHERITED_FROM_520,13.357,INHERITED_FROM_520,2.0,INHERITED_FROM_520,90.0,IMPUTED_STATE_MEAN,70.625,IMPUTED_STATE_MEAN,3.0,IMPUTED_STATE_MEAN,28.9417,IMPUTED_STATE_MEAN,16.25,IMPUTED_STATE_MEAN,30.05,IMPUTED_STATE_MEAN,75.975,IMPUTED_STATE_MEAN,3102.4545,IMPUTED_STATE_MEAN,28.6917,IMPUTED_STATE_MEAN,19.3083,IMPUTED_STATE_MEAN,21.3583,IMPUTED_STATE_MEAN
502,Ananthapuramu,Andhra Pradesh,1.773,OBSERVED,39,OBSERVED,0.364,OBSERVED,8,OBSERVED,0,OBSERVED,2200000.0,OBSERVED,42.6,OBSERVED,10.2,OBSERVED,12.4,OBSERVED,76.0,OBSERVED,58.35,OBSERVED,15.5,OBSERVED,36.0,OBSERVED,19.3,OBSERVED,40.6,OBSERVED,73.2,OBSERVED,3.0,OBSERVED,71.3,OBSERVED,2682.0,OBSERVED,3.727,OBSERVED,0.5,OBSERVED,27.682,OBSERVED,3.0,OBSERVED,90.0,OBSERVED,73.2,OBSERVED,3.0,OBSERVED,40.6,OBSERVED,19.3,OBSERVED,36.0,OBSERVED,71.3,OBSERVED,2682.0,OBSERVED,26.7,OBSERVED,14.2,OBSERVED,16.8,OBSERVED
753,Annamayya,Andhra Pradesh,1.773,OBSERVED,39,OBSERVED,0.364,OBSERVED,8,OBSERVED,0,OBSERVED,2200000.0,OBSERVED,42.6,OBSERVED,10.2,OBSERVED,12.4,OBSERVED,76.0,OBSERVED,59.5896,IMPUTED_STATE_MEAN,20.3708,IMPUTED_STATE_MEAN,30.3167,IMPUTED_STATE_MEAN,16.5917,IMPUTED_STATE_MEAN,29.3125,IMPUTED_STATE_MEAN,70.0792,IMPUTED_STATE_MEAN,3.0,IMPUTED_STATE_MEAN,76.2708,IMPUTED_STATE_MEAN,3388.7826,IMPUTED_STATE_MEAN,3.0012,IMPUTED_STATE_MEAN,0.5155,IMPUTED_STATE_MEAN,23.4058,IMPUTED_STATE_MEAN,3.125,IMPUTED_STATE_MEAN,90.0,IMPUTED_STATE_MEAN,70.625,IMPUTED_STATE_MEAN,3.0,IMPUTED_STATE_MEAN,28.9417,IMPUTED_STATE_MEAN,16.25,IMPUTED_STATE_MEAN,30.05,IMPUTED_STATE_MEAN,75.975,IMPUTED_STATE_MEAN,3102.4545,IMPUTED_STATE_MEAN,28.6917,IMPUTED_STATE_MEAN,19.3083,IMPUTED_STATE_MEAN,21.3583,IMPUTED_STATE_MEAN
750,Bapatla,Andhra Pradesh,1.773,OBSERVED,39,OBSERVED,0.364,OBSERVED,8,OBSERVED,0,OBSERVED,2200000.0,OBSERVED,42.6,OBSERVED,10.2,OBSERVED,12.4,OBSERVED,76.0,OBSERVED,60.65,INHERITED_FROM_506,24.3,INHERITED_FROM_506,23.8,INHERITED_FROM_506,17.8,INHERITED_FROM_506,26.9,INHERITED_FROM_506,71.1,INHERITED_FROM_506,3.0,INHERITED_FROM_506,83.4,INHERITED_FROM_506,3912.0,INHERITED_FROM_506,1.516,INHERITED_FROM_506,0.328,INHERITED_FROM_506,14.119,INHERITED_FROM_506,3.0,INHERITED_FROM_506,90.0,IMPUTED_STATE_MEAN,70.625,IMPUTED_STATE_MEAN,3.0,IMPUTED_STATE_MEAN,28.9417,IMPUTED_STATE_MEAN,16.25,IMPUTED_STATE_MEAN,30.05,IMPUTED_STATE_MEAN,75.975,IMPUTED_STATE_MEAN,3102.4545,IMPUTED_STATE_MEAN,28.6917,IMPUTED_STATE_MEAN,19.3083,IMPUTED_STATE_MEAN,21.3583,IMPUTED_STATE_MEAN
503,Chittoor,Andhra Pradesh,1.773,OBSERVED,39,OBSERVED,0.364,OBSERVED,8,OBSERVED,0,OBSERVED,2200000.0,OBSERVED,42.6,OBSERVED,10.2,OBSERVED,12.4,OBSERVED,76.0,OBSERVED,58.55,OBSERVED,19.8,OBSERVED,27.1,OBSERVED,14.8,OBSERVED,27.9,OBSERVED,70.7,OBSERVED,3.0,OBSERVED,74.6,OBSERVED,2533.0,OBSERVED,4.273,OBSERVED,0.409,OBSERVED,29.682,OBSERVED,6.0,OBSERVED,90.0,OBSERVED,70.7,OBSERVED,3.0,OBSERVED,27.9,OBSERVED,14.8,OBSERVED,27.1,OBSERVED,74.6,OBSERVED,2533.0,OBSERVED,27.1,OBSERVED,17.2,OBSERVED,22.4,OBSERVED
747,Dr. B.R. Ambedkar Konaseema,Andhra Pradesh,1.773,OBSERVED,39,OBSERVED,0.364,OBSERVED,8,OBSERVED,0,OBSERVED,2200000.0,OBSERVED,42.6,OBSERVED,10.2,OBSERVED,12.4,OBSERVED,76.0,OBSERVED,61.1,INHERITED_FROM_505,24.65,INHERITED_FROM_505,23.1,INHERITED_FROM_505,14.3,INHERITED_FROM_505,22.4,INHERITED_FROM_505,66.4,INHERITED_FROM_505,3.0,INHERITED_FROM_505,77.7,INHERITED_FROM_505,8159.0,INHERITED_FROM_505,4.364,INHERITED_FROM_505,0.909,INHERITED_FROM_505,36.773,INHERITED_FROM_505,4.0,INHERITED_FROM_505,90.0,IMPUTED_STATE_MEAN,70.625,IMPUTED_STATE_MEAN,3.0,IMPUTED_STATE_MEAN,28.9417,IMPUTED_STATE_MEAN,16.25,IMPUTED_STATE_MEAN,30.05,IMPUTED_STATE_MEAN,75.975,IMPUTED_STATE_MEAN,3102.4545,IMPUTED_STATE_MEAN,28.6917,IMPUTED_STATE_MEAN,19.3083,IMPUTED_STATE_MEAN,21.3583,IMPUTED_STATE_MEAN
505,East Godavari,Andhra Pradesh,1.773,OBSERVED,39,OBSERVED,0.364,OBSERVED,8,OBSERVED,0,OBSERVED,2200000.0,OBSERVED,42.6,OBSERVED,10.2,OBSERVED,12.4,OBSERVED,76.0,OBSERVED,61.1,OBSERVED,24.65,OBSERVED,23.1,OBSERVED,14.3,OBSERVED,22.4,OBSERVED,66.4,OBSERVED,3.0,OBSERVED,77.7,OBSERVED,8159.0,OBSERVED,4.364,OBSERVED,0.909,OBSERVED,36.773,OBSERVED,4.0,OBSERVED,90.0,OBSERVED,66.4,OBSERVED,3.0,OBSERVED,22.4,OBSERVED,14.3,OBSERVED,23.1,OBSERVED,77.7,OBSERVED,8159.0,OBSERVED,32.2,OBSERVED,21.7,OBSERVED,27.6,OBSERVED
748,Eluru,Andhra Pradesh,1.773,OBSERVED,39,OBSERVED,0.364,OBSERVED,8,OBSERVED,0,OBSERVED,2200000.0,OBSERVED,42.6,OBSERVED,10.2,OBSERVED,12.4,OBSERVED,76.0,OBSERVED,60.7,INHERITED_FROM_523,21.35,INHERITED_FROM_523,31.4,INHERITED_FROM_523,11.7,INHERITED_FROM_523,22.5,INHERITED_FROM_523,67.6,INHERITED_FROM_523,3.0,INHERITED_FROM_523,80.8,INHERITED_FROM_523,2318.0,INHERITED_FROM_523,3.182,INHERITED_FROM_523,0.682,INHERITED_FROM_523,29.227,INHERITED_FROM_523,4.0,INHERITED_FROM_523,90.0,IMPUTED_STATE_MEAN,70.625,IMPUTED_STATE_MEAN,3.0,IMPUTED_STATE_MEAN,28.9417,IMPUTED_STATE_MEAN,16.25,IMPUTED_STATE_MEAN,30.05,IMPUTED_STATE_MEAN,75.975,IMPUTED_STATE_MEAN,3102.4545,IMPUTED_STATE_MEAN,28.6917,IMPUTED_STATE_MEAN,19.3083,IMPUTED_STATE_MEAN,21.3583,IMPUTED_STATE_MEAN
506,Guntur,Andhra Pradesh,0.943,OBSERVED,46,OBSERVED,0.389,OBSERVED,19,OBSERVED,0,OBSERVED,4880000.0,OBSERVED,64.04,OBSERVED,10.2,OBSERVED,12.4,OBSERVED,76.0,OBSERVED,60.65,OBSERVED,24.3,OBSERVED,23.8,OBSERVED,17.8,OBSERVED,26.9,OBSERVED,71.1,OBSERVED,3.0,OBSERVED,83.4,OBSERVED,3912.0,OBSERVED,1.516,OBSERVED,0.328,OBSERVED,14.119,OBSERVED,3.0,OBSERVED,90.0,OBSERVED,71.1,OBSERVED,3.0,OBSERVED,26.9,OBSERVED,17.8,OBSERVED,23.8,OBSERVED,83.4,OBSERVED,3912.0,OBSERVED,31.3,OBSERVED,22.7,OBSERVED,25.9,OBSERVED
746,Kakinada,Andhra Pradesh,1.773,OBSERVED,39,OBSERVED,0.364,OBSERVED,8,OBSERVED,0,OBSERVED,2200000.0,OBSERVED,42.6,OBSERVED,10.2,OBSERVED,12.4,OBSERVED,76.0,OBSERVED,61.1,INHERITED_FROM_505,24.65,INHERITED_FROM_505,23.1,INHERITED_FROM_505,14.3,INHERITED_FROM_505,22.4,INHERITED_FROM_505,66.4,INHERITED_FROM_505,3.0,INHERITED_FROM_505,77.7,INHERITED_FROM_505,8159.0,INHERITED_FROM_505,4.364,INHERITED_FROM_505,0.909,INHERITED_FROM_505,36.773,INHERITED_FROM_505,4.0,INHERITED_FROM_505,90.0,IMPUTED_STATE_MEAN,70.625,IMPUTED_STATE_MEAN,3.0,IMPUTED_STATE_MEAN,28.9417,IMPUTED_STATE_MEAN,16.25,IMPUTED_STATE_MEAN,30.05,IMPUTED_STATE_MEAN,75.975,IMPUTED_STATE_MEAN,3102.4545,IMPUTED_STATE_MEAN,28.6917,IMPUTED_STATE_MEAN,19.3083,IMPUTED_STATE_MEAN,21.3583,IMPUTED_STATE_MEAN
510,Krishna,Andhra Pradesh,1.773,OBSERVED,39,OBSERVED,0.364,OBSERVED,8,OBSERVED,0,OBSERVED,2200000.0,OBSERVED,42.6,OBSERVED,10.2,OBSERVED,12.4,OBSERVED,76.0,OBSERVED,59.25,OBSERVED,22.9,OBSERVED,29.8,OBSERVED,14.3,OBSERVED,21.1,OBSERVED,68.1,OBSERVED,3.0,OBSERVED,79.1,OBSERVED,3715.0,OBSERVED,3.273,OBSERVED,0.409,OBSERVED,27.682,OBSERVED,3.0,OBSERVED,90.0,OBSERVED,68.1,OBSERVED,3.0,OBSERVED,21.1,OBSERVED,14.3,OBSERVED,29.8,OBSERVED,79.1,OBSERVED,3715.0,OBSERVED,28.5,OBSERVED,23.3,OBSERVED,22.5,OBSERVED
511,Kurnool,Andhra Pradesh,0.938,OBSERVED,38,OBSERVED,0.395,OBSERVED,16,OBSERVED,0,OBSERVED,4050000.0,OBSERVED,57.4,OBSERVED,10.2,OBSERVED,12.4,OBSERVED,76.0,OBSERVED,60.9,OBSERVED,17.85,OBSERVED,50.5,OBSERVED,16.7,OBSERVED,46.3,OBSERVED,73.3,OBSERVED,3.0,OBSERVED,73.5,OBSERVED,2094.0,OBSERVED,2.173,OBSERVED,0.444,OBSERVED,14.222,OBSERVED,2.0,OBSERVED,90.0,OBSERVED,73.3,OBSERVED,3.0,OBSERVED,46.3,OBSERVED,16.7,OBSERVED,50.5,OBSERVED,73.5,OBSERVED,2094.0,OBSERVED,31.8,OBSERVED,15.1,OBSERVED,20.6,OBSERVED
755,Nandyal,Andhra Pradesh,1.773,OBSERVED,39,OBSERVED,0.364,OBSERVED,8,OBSERVED,0,OBSERVED,2200000.0,OBSERVED,42.6,OBSERVED,10.2,OBSERVED,12.4,OBSERVED,76.0,OBSERVED,60.9,INHERITED_FROM_511,17.85,INHERITED_FROM_511,50.5,INHERITED_FROM_511,16.7,INHERITED_FROM_511,46.3,INHERITED_FROM_511,73.3,INHERITED_FROM_511,3.0,INHERITED_FROM_511,73.5,INHERITED_FROM_511,2094.0,INHERITED_FROM_511,2.173,INHERITED_FROM_511,0.444,INHERITED_FROM_511,14.222,INHERITED_FROM_511,2.0,INHERITED_FROM_511,90.0,IMPUTED_STATE_MEAN,70.625,IMPUTED_STATE_MEAN,3.0,IMPUTED_STATE_MEAN,28.9417,IMPUTED_STATE_MEAN,16.25,IMPUTED_STATE_MEAN,30.05,IMPUTED_STATE_MEAN,75.975,IMPUTED_STATE_MEAN,3102.4545,IMPUTED_STATE_MEAN,28.6917,IMPUTED_STATE_MEAN,19.3083,IMPUTED_STATE_MEAN,21.3583,IMPUTED_STATE_MEAN
749,Ntr,Andhra Pradesh,1.773,OBSERVED,39,OBSERVED,0.364,OBSERVED,8,OBSERVED,0,OBSERVED,2200000.0,OBSERVED,42.6,OBSERVED,10.2,OBSERVED,12.4,OBSERVED,76.0,OBSERVED,59.25,INHERITED_FROM_510,22.9,INHERITED_FROM_510,29.8,INHERITED_FROM_510,14.3,INHERITED_FROM_510,21.1,INHERITED_FROM_510,68.1,INHERITED_FROM_510,3.0,INHERITED_FROM_510,79.1,INHERITED_FROM_510,3715.0,INHERITED_FROM_510,3.273,INHERITED_FROM_510,0.409,INHERITED_FROM_510,27.682,INHERITED_FROM_510,3.0,INHERITED_FROM_510,90.0,IMPUTED_STATE_MEAN,70.625,IMPUTED_STATE_MEAN,3.0,IMPUTED_STATE_MEAN,28.9417,IMPUTED_STATE_MEAN,16.25,IMPUTED_STATE_MEAN,30.05,IMPUTED_STATE_MEAN,75.975,IMPUTED_STATE_MEAN,3102.4545,IMPUTED_STATE_MEAN,28.6917,IMPUTED_STATE_MEAN,19.3083,IMPUTED_STATE_MEAN,21.3583,IMPUTED_STATE_MEAN
751,Palnadu,Andhra Pradesh,1.773,OBSERVED,39,OBSERVED,0.364,OBSERVED,8,OBSERVED,0,OBSERVED,2200000.0,OBSERVED,42.6,OBSERVED,10.2,OBSERVED,12.4,OBSERVED,76.0,OBSERVED,60.65,INHERITED_FROM_506,24.3,INHERITED_FROM_506,23.8,INHERITED_FROM_506,17.8,INHERITED_FROM_506,26.9,INHERITED_FROM_506,71.1,INHERITED_FROM_506,3.0,INHERITED_FROM_506,83.4,INHERITED_FROM_506,3912.0,INHERITED_FROM_506,1.516,INHERITED_FROM_506,0.328,INHERITED_FROM_506,14.119,INHERITED_FROM_506,3.0,INHERITED_FROM_506,90.0,IMPUTED_STATE_MEAN,70.625,IMPUTED_STATE_MEAN,3.0,IMPUTED_STATE_MEAN,28.9417,IMPUTED_STATE_MEAN,16.25,IMPUTED_STATE_MEAN,30.05,IMPUTED_STATE_MEAN,75.975,IMPUTED_STATE_MEAN,3102.4545,IMPUTED_STATE_MEAN,28.6917,IMPUTED_STATE_MEAN,19.3083,IMPUTED_STATE_MEAN,21.3583,IMPUTED_STATE_MEAN
743,Parvathipuram Manyam,Andhra Pradesh,1.773,OBSERVED,39,OBSERVED,0.364,OBSERVED,8,OBSERVED,1,OBSERVED,2200000.0,OBSERVED,42.6,OBSERVED,10.2,OBSERVED,12.4,OBSERVED,76.0,OBSERVED,57.55,INHERITED_FROM_521,14.4,INHERITED_FROM_521,36.4,INHERITED_FROM_521,19.2,INHERITED_FROM_521,32.2,INHERITED_FROM_521,76.7,INHERITED_FROM_521,3.0,INHERITED_FROM_521,61.7,INHERITED_FROM_521,1931.0,INHERITED_FROM_521,2.636,INHERITED_FROM_521,0.455,INHERITED_FROM_521,21.364,INHERITED_FROM_521,2.0,INHERITED_FROM_521,90.0,IMPUTED_STATE_MEAN,70.625,IMPUTED_STATE_MEAN,3.0,IMPUTED_STATE_MEAN,28.9417,IMPUTED_STATE_MEAN,16.25,IMPUTED_STATE_MEAN,30.05,IMPUTED_STATE_MEAN,75.975,IMPUTED_STATE_MEAN,3102.4545,IMPUTED_STATE_MEAN,28.6917,IMPUTED_STATE_MEAN,19.3083,IMPUTED_STATE_MEAN,21.3583,IMPUTED_STATE_MEAN
517,Prakasam,Andhra Pradesh,1.773,OBSERVED,39,OBSERVED,0.364,OBSERVED,8,OBSERVED,0,OBSERVED,2200000.0,OBSERVED,42.6,OBSERVED,10.2,OBSERVED,12.4,OBSERVED,76.0,OBSERVED,61.5,OBSERVED,26.7,OBSERVED,22.6,OBSERVED,8.7,OBSERVED,24.7,OBSERVED,67.6,OBSERVED,3.0,OBSERVED,78.4,OBSERVED,3388.7826,IMPUTED_STATE_MEAN,3.864,OBSERVED,0.636,OBSERVED,25.227,OBSERVED,3.0,OBSERVED,90.0,OBSERVED,67.6,OBSERVED,3.0,OBSERVED,24.7,OBSERVED,8.7,OBSERVED,22.6,OBSERVED,78.4,OBSERVED,3102.4545,IMPUTED_STATE_MEAN,33.0,OBSERVED,23.2,OBSERVED,30.2,OBSERVED
515,Sri Potti Sriramulu Nellore,Andhra Pradesh,1.773,OBSERVED,39,OBSERVED,0.364,OBSERVED,8,OBSERVED,0,OBSERVED,2200000.0,OBSERVED,42.6,OBSERVED,10.2,OBSERVED,12.4,OBSERVED,76.0,OBSERVED,57.55,OBSERVED,21.45,OBSERVED,29.2,OBSERVED,17.2,OBSERVED,27.8,OBSERVED,72.3,OBSERVED,3.0,OBSERVED,81.8,OBSERVED,1104.0,OBSERVED,2.773,OBSERVED,0.682,OBSERVED,21.864,OBSERVED,3.0,OBSERVED,90.0,OBSERVED,72.3,OBSERVED,3.0,OBSERVED,27.8,OBSERVED,17.2,OBSERVED,29.2,OBSERVED,81.8,OBSERVED,1104.0,OBSERVED,25.1,OBSERVED,21.8,OBSERVED,21.1,OBSERVED
754,Sri Sathya Sai,Andhra Pradesh,1.773,OBSERVED,39,OBSERVED,0.364,OBSERVED,8,OBSERVED,0,OBSERVED,2200000.0,OBSERVED,42.6,OBSERVED,10.2,OBSERVED,12.4,OBSERVED,76.0,OBSERVED,58.35,INHERITED_FROM_502,15.5,INHERITED_FROM_502,36.0,INHERITED_FROM_502,19.3,INHERITED_FROM_502,40.6,INHERITED_FROM_502,73.2,INHERITED_FROM_502,3.0,INHERITED_FROM_502,71.3,INHERITED_FROM_502,2682.0,INHERITED_FROM_502,3.727,INHERITED_FROM_502,0.5,INHERITED_FROM_502,27.682,INHERITED_FROM_502,3.0,INHERITED_FROM_502,90.0,IMPUTED_STATE_MEAN,70.625,IMPUTED_STATE_MEAN,3.0,IMPUTED_STATE_MEAN,28.9417,IMPUTED_STATE_MEAN,16.25,IMPUTED_STATE_MEAN,30.05,IMPUTED_STATE_MEAN,75.975,IMPUTED_STATE_MEAN,3102.4545,IMPUTED_STATE_MEAN,28.6917,IMPUTED_STATE_MEAN,19.3083,IMPUTED_STATE_MEAN,21.3583,IMPUTED_STATE_MEAN
519,Srikakulam,Andhra Pradesh,1.773,OBSERVED,39,OBSERVED,0.364,OBSERVED,8,OBSERVED,0,OBSERVED,2200000.0,OBSERVED,42.6,OBSERVED,10.2,OBSERVED,12.4,OBSERVED,76.0,OBSERVED,56.45,OBSERVED,17.5,OBSERVED,19.7,OBSERVED,19.5,OBSERVED,21.4,OBSERVED,75.6,OBSERVED,3.0,OBSERVED,71.6,OBSERVED,3479.0,OBSERVED,3.909,OBSERVED,0.636,OBSERVED,22.182,OBSERVED,2.0,OBSERVED,90.0,OBSERVED,75.6,OBSERVED,3.0,OBSERVED,21.4,OBSERVED,19.5,OBSERVED,19.7,OBSERVED,71.6,OBSERVED,3479.0,OBSERVED,22.9,OBSERVED,17.4,OBSERVED,17.6,OBSERVED
752,Tirupati,Andhra Pradesh,1.773,OBSERVED,39,OBSERVED,0.364,OBSERVED,8,OBSERVED,0,OBSERVED,2200000.0,OBSERVED,42.6,OBSERVED,10.2,OBSERVED,12.4,OBSERVED,76.0,OBSERVED,58.55,INHERITED_FROM_503,19.8,INHERITED_FROM_503,27.1,INHERITED_FROM_503,14.8,INHERITED_FROM_503,27.9,INHERITED_FROM_503,70.7,INHERITED_FROM_503,3.0,INHERITED_FROM_503,74.6,INHERITED_FROM_503,2533.0,INHERITED_FROM_503,4.273,INHERITED_FROM_503,0.409,INHERITED_FROM_503,29.682,INHERITED_FROM_503,6.0,INHERITED_FROM_503,90.0,IMPUTED_STATE_MEAN,70.625,IMPUTED_STATE_MEAN,3.0,IMPUTED_STATE_MEAN,28.9417,IMPUTED_STATE_MEAN,16.25,IMPUTED_STATE_MEAN,30.05,IMPUTED_STATE_MEAN,75.975,IMPUTED_STATE_MEAN,3102.4545,IMPUTED_STATE_MEAN,28.6917,IMPUTED_STATE_MEAN,19.3083,IMPUTED_STATE_MEAN,21.3583,IMPUTED_STATE_MEAN
520,Visakhapatnam,Andhra Pradesh,1.445,OBSERVED,62,OBSERVED,2.214,OBSERVED,95,OBSERVED,1,OBSERVED,4290000.0,OBSERVED,59.32,OBSERVED,10.2,OBSERVED,12.4,OBSERVED,76.0,OBSERVED,59.6,OBSERVED,17.6,OBSERVED,31.0,OBSERVED,21.5,OBSERVED,33.5,OBSERVED,64.9,OBSERVED,3.0,OBSERVED,77.8,OBSERVED,2200.0,OBSERVED,1.772,OBSERVED,0.303,OBSERVED,13.357,OBSERVED,2.0,OBSERVED,90.0,OBSERVED,64.9,OBSERVED,3.0,OBSERVED,33.5,OBSERVED,21.5,OBSERVED,31.0,OBSERVED,77.8,OBSERVED,2200.0,OBSERVED,29.2,OBSERVED,17.0,OBSERVED,18.2,OBSERVED
521,Vizianagaram,Andhra Pradesh,1.773,OBSERVED,39,OBSERVED,0.364,OBSERVED,8,OBSERVED,1,OBSERVED,2200000.0,OBSERVED,42.6,OBSERVED,10.2,OBSERVED,12.4,OBSERVED,76.0,OBSERVED,57.55,OBSERVED,14.4,OBSERVED,36.4,OBSERVED,19.2,OBSERVED,32.2,OBSERVED,76.7,OBSERVED,3.0,OBSERVED,61.7,OBSERVED,1931.0,OBSERVED,2.636,OBSERVED,0.455,OBSERVED,21.364,OBSERVED,2.0,OBSERVED,90.0,OBSERVED,76.7,OBSERVED,3.0,OBSERVED,32.2,OBSERVED,19.2,OBSERVED,36.4,OBSERVED,61.7,OBSERVED,1931.0,OBSERVED,25.1,OBSERVED,14.3,OBSERVED,14.5,OBSERVED
523,West Godavari,Andhra Pradesh,1.773,OBSERVED,39,OBSERVED,0.364,OBSERVED,8,OBSERVED,0,OBSERVED,2200000.0,OBSERVED,42.6,OBSERVED,10.2,OBSERVED,12.4,OBSERVED,76.0,OBSERVED,60.7,OBSERVED,21.35,OBSERVED,31.4,OBSERVED,11.7,OBSERVED,22.5,OBSERVED,67.6,OBSERVED,3.0,OBSERVED,80.8,OBSERVED,2318.0,OBSERVED,3.182,OBSERVED,0.682,OBSERVED,29.227,OBSERVED,4.0,OBSERVED,90.0,OBSERVED,67.6,OBSERVED,3.0,OBSERVED,22.5,OBSERVED,11.7,OBSERVED,31.4,OBSERVED,80.8,OBSERVED,2318.0,OBSERVED,31.4,OBSERVED,23.8,OBSERVED,18.9,OBSERVED
504,Y.S.R.,Andhra Pradesh,1.773,OBSERVED,39,OBSERVED,0.364,OBSERVED,8,OBSERVED,0,OBSERVED,2200000.0,OBSERVED,42.6,OBSERVED,10.2,OBSERVED,12.4,OBSERVED,76.0,OBSERVED,59.5896,IMPUTED_STATE_MEAN,20.3708,IMPUTED_STATE_MEAN,30.3167,IMPUTED_STATE_MEAN,16.5917,IMPUTED_STATE_MEAN,29.3125,IMPUTED_STATE_MEAN,70.0792,IMPUTED_STATE_MEAN,3.0,IMPUTED_STATE_MEAN,76.2708,IMPUTED_STATE_MEAN,3388.7826,IMPUTED_STATE_MEAN,3.0012,IMPUTED_STATE_MEAN,0.5155,IMPUTED_STATE_MEAN,23.4058,IMPUTED_STATE_MEAN,3.125,IMPUTED_STATE_MEAN,90.0,IMPUTED_STATE_MEAN,70.625,IMPUTED_STATE_MEAN,3.0,IMPUTED_STATE_MEAN,28.9417,IMPUTED_STATE_MEAN,16.25,IMPUTED_STATE_MEAN,30.05,IMPUTED_STATE_MEAN,75.975,IMPUTED_STATE_MEAN,3102.4545,IMPUTED_STATE_MEAN,28.6917,IMPUTED_STATE_MEAN,19.3083,IMPUTED_STATE_MEAN,21.3583,IMPUTED_STATE_MEAN
551,North Goa,Goa,2.683,OBSERVED,22,OBSERVED,4.634,OBSERVED,38,OBSERVED,0,OBSERVED,820000.0,OBSERVED,31.56,OBSERVED,10.2,OBSERVED,12.4,OBSERVED,76.0,OBSERVED,90.0,OBSERVED,22.75,OBSERVED,24.2,OBSERVED,17.7,OBSERVED,25.8,OBSERVED,64.8,OBSERVED,3.0,OBSERVED,87.7,OBSERVED,3824.0,OBSERVED,1.341,OBSERVED,0.366,OBSERVED,12.683,OBSERVED,1.0,OBSERVED,90.0,OBSERVED,64.8,OBSERVED,3.0,OBSERVED,25.8,OBSERVED,17.7,OBSERVED,24.2,OBSERVED,87.7,OBSERVED,3824.0,OBSERVED,90.0,OBSERVED,20.6,OBSERVED,24.9,OBSERVED
552,South Goa,Goa,2.812,OBSERVED,18,OBSERVED,5.0,OBSERVED,32,OBSERVED,0,OBSERVED,640000.0,OBSERVED,30.12,OBSERVED,10.2,OBSERVED,12.4,OBSERVED,76.0,OBSERVED,90.0,OBSERVED,22.15,OBSERVED,28.3,OBSERVED,21.4,OBSERVED,21.0,OBSERVED,67.7,OBSERVED,3.0,OBSERVED,88.2,OBSERVED,3768.0,OBSERVED,1.25,OBSERVED,0.312,OBSERVED,11.094,OBSERVED,1.0,OBSERVED,90.0,OBSERVED,67.7,OBSERVED,3.0,OBSERVED,21.0,OBSERVED,21.4,OBSERVED,28.3,OBSERVED,88.2,OBSERVED,3768.0,OBSERVED,90.0,OBSERVED,21.1,OBSERVED,23.2,OBSERVED
524,Bagalkote,Karnataka,1.773,OBSERVED,39,OBSERVED,0.364,OBSERVED,8,OBSERVED,0,OBSERVED,2200000.0,OBSERVED,42.6,OBSERVED,10.2,OBSERVED,12.4,OBSERVED,76.0,OBSERVED,55.5,OBSERVED,12.3,OBSERVED,48.3,OBSERVED,16.9,OBSERVED,42.3,OBSERVED,22.3,OBSERVED,3.0,OBSERVED,51.3,OBSERVED,4576.0,OBSERVED,2.273,OBSERVED,0.318,OBSERVED,10.636,OBSERVED,6.0,OBSERVED,90.0,OBSERVED,22.3,OBSERVED,3.0,OBSERVED,42.3,OBSERVED,16.9,OBSERVED,48.3,OBSERVED,51.3,OBSERVED,4576.0,OBSERVED,21.0,OBSERVED,11.8,OBSERVED,12.8,OBSERVED
528,Ballari,Karnataka,1.773,OBSERVED,39,OBSERVED,0.364,OBSERVED,8,OBSERVED,0,OBSERVED,2200000.0,OBSERVED,42.6,OBSERVED,10.2,OBSERVED,12.4,OBSERVED,76.0,OBSERVED,55.45,OBSERVED,10.4,OBSERVED,36.1,OBSERVED,22.9,OBSERVED,36.5,OBSERVED,25.7,OBSERVED,3.0,OBSERVED,64.1,OBSERVED,12348.0,OBSERVED,3.409,OBSERVED,0.364,OBSERVED,12.364,OBSERVED,7.0,OBSERVED,90.0,OBSERVED,25.7,OBSERVED,3.0,OBSERVED,36.5,OBSERVED,22.9,OBSERVED,36.1,OBSERVED,64.1,OBSERVED,12348.0,OBSERVED,20.9,OBSERVED,9.2,OBSERVED,11.6,OBSERVED
527,Belagavi,Karnataka,1.004,OBSERVED,48,OBSERVED,0.397,OBSERVED,19,OBSERVED,0,OBSERVED,4780000.0,OBSERVED,63.24,OBSERVED,10.2,OBSERVED,12.4,OBSERVED,76.0,OBSERVED,56.1,OBSERVED,12.55,OBSERVED,32.8,OBSERVED,23.6,OBSERVED,36.9,OBSERVED,20.7,OBSERVED,3.0,OBSERVED,67.7,OBSERVED,3902.0,OBSERVED,3.222,OBSERVED,0.335,OBSERVED,11.485,OBSERVED,10.0,OBSERVED,90.0,OBSERVED,20.7,OBSERVED,3.0,OBSERVED,36.9,OBSERVED,23.6,OBSERVED,32.8,OBSERVED,67.7,OBSERVED,3902.0,OBSERVED,22.2,OBSERVED,12.9,OBSERVED,12.2,OBSERVED
526,Bengaluru Rural,Karnataka,1.717,OBSERVED,17,OBSERVED,0.303,OBSERVED,3,OBSERVED,0,OBSERVED,990000.0,OBSERVED,12.0,OBSERVED,10.2,OBSERVED,12.4,OBSERVED,76.0,OBSERVED,60.4,OBSERVED,15.65,OBSERVED,36.6,OBSERVED,16.2,OBSERVED,23.8,OBSERVED,34.9,OBSERVED,3.0,OBSERVED,88.8,OBSERVED,4836.0,OBSERVED,4.747,OBSERVED,0.101,OBSERVED,16.869,OBSERVED,4.0,OBSERVED,90.0,OBSERVED,34.9,OBSERVED,3.0,OBSERVED,23.8,OBSERVED,16.2,OBSERVED,36.6,OBSERVED,88.8,OBSERVED,4836.0,OBSERVED,30.8,OBSERVED,13.6,OBSERVED,17.7,OBSERVED
525,Bengaluru Urban,Karnataka,1.476,OBSERVED,142,OBSERVED,3.638,OBSERVED,350,OBSERVED,0,OBSERVED,9620000.0,OBSERVED,85.0,OBSERVED,10.2,OBSERVED,12.4,OBSERVED,76.0,OBSERVED,61.75,OBSERVED,20.35,OBSERVED,31.3,OBSERVED,19.2,OBSERVED,28.1,OBSERVED,28.8,OBSERVED,3.0,OBSERVED,90.4,OBSERVED,3633.0,OBSERVED,0.78,OBSERVED,0.031,OBSERVED,2.027,OBSERVED,6.0,OBSERVED,90.0,OBSERVED,28.8,OBSERVED,3.0,OBSERVED,28.1,OBSERVED,19.2,OBSERVED,31.3,OBSERVED,90.4,OBSERVED,3633.0,OBSERVED,33.5,OBSERVED,19.4,OBSERVED,21.3,OBSERVED
529,Bidar,Karnataka,1.773,OBSERVED,39,OBSERVED,0.364,OBSERVED,8,OBSERVED,0,OBSERVED,2200000.0,OBSERVED,42.6,OBSERVED,10.2,OBSERVED,12.4,OBSERVED,76.0,OBSERVED,57.05,OBSERVED,10.75,OBSERVED,36.8,OBSERVED,22.1,OBSERVED,36.1,OBSERVED,21.4,OBSERVED,3.0,OBSERVED,56.5,OBSERVED,4091.0,OBSERVED,2.409,OBSERVED,0.273,OBSERVED,12.682,OBSERVED,5.0,OBSERVED,90.0,OBSERVED,21.4,OBSERVED,3.0,OBSERVED,36.1,OBSERVED,22.1,OBSERVED,36.8,OBSERVED,56.5,OBSERVED,4091.0,OBSERVED,24.1,OBSERVED,9.0,OBSERVED,12.5,OBSERVED
531,Chamarajanagara,Karnataka,1.773,OBSERVED,39,OBSERVED,0.364,OBSERVED,8,OBSERVED,0,OBSERVED,2200000.0,OBSERVED,42.6,OBSERVED,10.2,OBSERVED,12.4,OBSERVED,76.0,OBSERVED,59.95,OBSERVED,14.45,OBSERVED,32.2,OBSERVED,18.0,OBSERVED,28.7,OBSERVED,34.4,OBSERVED,3.0,OBSERVED,75.2,OBSERVED,4270.0,OBSERVED,2.727,OBSERVED,0.136,OBSERVED,11.136,OBSERVED,4.0,OBSERVED,90.0,OBSERVED,34.4,OBSERVED,3.0,OBSERVED,28.7,OBSERVED,18.0,OBSERVED,32.2,OBSERVED,75.2,OBSERVED,4270.0,OBSERVED,29.9,OBSERVED,14.1,OBSERVED,14.8,OBSERVED
630,Chikkaballapura,Karnataka,1.773,OBSERVED,39,OBSERVED,0.364,OBSERVED,8,OBSERVED,0,OBSERVED,2200000.0,OBSERVED,42.6,OBSERVED,10.2,OBSERVED,12.4,OBSERVED,76.0,OBSERVED,61.25,OBSERVED,14.2,OBSERVED,31.3,OBSERVED,16.1,OBSERVED,25.2,OBSERVED,26.1,OBSERVED,3.0,OBSERVED,84.9,OBSERVED,4324.0,OBSERVED,2.727,OBSERVED,0.091,OBSERVED,9.045,OBSERVED,6.0,OBSERVED,90.0,OBSERVED,26.1,OBSERVED,3.0,OBSERVED,25.2,OBSERVED,16.1,OBSERVED,31.3,OBSERVED,84.9,OBSERVED,4324.0,OBSERVED,32.5,OBSERVED,11.9,OBSERVED,16.5,OBSERVED
532,Chikkamagaluru,Karnataka,1.773,OBSERVED,39,OBSERVED,0.364,OBSERVED,8,OBSERVED,0,OBSERVED,2200000.0,OBSERVED,42.6,OBSERVED,10.2,OBSERVED,12.4,OBSERVED,76.0,OBSERVED,59.35,OBSERVED,15.65,OBSERVED,27.3,OBSERVED,24.9,OBSERVED,25.4,OBSERVED,30.0,OBSERVED,3.0,OBSERVED,92.3,OBSERVED,4544.0,OBSERVED,4.182,OBSERVED,0.182,OBSERVED,17.045,OBSERVED,7.0,OBSERVED,90.0,OBSERVED,30.0,OBSERVED,3.0,OBSERVED,25.4,OBSERVED,24.9,OBSERVED,27.3,OBSERVED,92.3,OBSERVED,4544.0,OBSERVED,28.7,OBSERVED,15.6,OBSERVED,15.7,OBSERVED
533,Chitradurga,Karnataka,1.773,OBSERVED,39,OBSERVED,0.364,OBSERVED,8,OBSERVED,0,OBSERVED,2200000.0,OBSERVED,42.6,OBSERVED,10.2,OBSERVED,12.4,OBSERVED,76.0,OBSERVED,60.3,OBSERVED,14.75,OBSERVED,36.0,OBSERVED,17.9,OBSERVED,32.4,OBSERVED,35.3,OBSERVED,3.0,OBSERVED,63.1,OBSERVED,4234.0,OBSERVED,4.045,OBSERVED,0.455,OBSERVED,12.864,OBSERVED,6.0,OBSERVED,90.0,OBSERVED,35.3,OBSERVED,3.0,OBSERVED,32.4,OBSERVED,17.9,OBSERVED,36.0,OBSERVED,63.1,OBSERVED,4234.0,OBSERVED,30.6,OBSERVED,15.1,OBSERVED,14.4,OBSERVED
534,Dakshina Kannada,Karnataka,1.773,OBSERVED,39,OBSERVED,0.364,OBSERVED,8,OBSERVED,0,OBSERVED,2200000.0,OBSERVED,42.6,OBSERVED,10.2,OBSERVED,12.4,OBSERVED,76.0,OBSERVED,59.95,OBSERVED,15.1,OBSERVED,25.1,OBSERVED,30.5,OBSERVED,26.4,OBSERVED,36.3,OBSERVED,3.0,OBSERVED,97.1,OBSERVED,3699.0,OBSERVED,3.227,OBSERVED,0.273,OBSERVED,20.0,OBSERVED,5.0,OBSERVED,90.0,OBSERVED,36.3,OBSERVED,3.0,OBSERVED,26.4,OBSERVED,30.5,OBSERVED,25.1,OBSERVED,97.1,OBSERVED,3699.0,OBSERVED,29.9,OBSERVED,15.4,OBSERVED,14.8,OBSERVED
535,Davangere,Karnataka,1.773,OBSERVED,39,OBSERVED,0.364,OBSERVED,8,OBSERVED,0,OBSERVED,2200000.0,OBSERVED,42.6,OBSERVED,10.2,OBSERVED,12.4,OBSERVED,76.0,OBSERVED,59.75,OBSERVED,16.8,OBSERVED,38.4,OBSERVED,18.8,OBSERVED,32.8,OBSERVED,25.2,OBSERVED,3.0,OBSERVED,83.3,OBSERVED,7508.0,OBSERVED,4.909,OBSERVED,0.227,OBSERVED,13.682,OBSERVED,6.0,OBSERVED,90.0,OBSERVED,25.2,OBSERVED,3.0,OBSERVED,32.8,OBSERVED,18.8,OBSERVED,38.4,OBSERVED,83.3,OBSERVED,7508.0,OBSERVED,29.5,OBSERVED,16.1,OBSERVED,17.5,OBSERVED
536,Dharwad,Karnataka,1.773,OBSERVED,39,OBSERVED,0.364,OBSERVED,8,OBSERVED,0,OBSERVED,2200000.0,OBSERVED,42.6,OBSERVED,10.2,OBSERVED,12.4,OBSERVED,76.0,OBSERVED,56.85,OBSERVED,13.95,OBSERVED,45.2,OBSERVED,16.5,OBSERVED,40.4,OBSERVED,24.5,OBSERVED,3.0,OBSERVED,79.3,OBSERVED,3225.0,OBSERVED,1.455,OBSERVED,0.0,OBSERVED,8.818,OBSERVED,4.0,OBSERVED,90.0,OBSERVED,24.5,OBSERVED,3.0,OBSERVED,40.4,OBSERVED,16.5,OBSERVED,45.2,OBSERVED,79.3,OBSERVED,3225.0,OBSERVED,23.7,OBSERVED,13.8,OBSERVED,14.1,OBSERVED
537,Gadag,Karnataka,1.773,OBSERVED,39,OBSERVED,0.364,OBSERVED,8,OBSERVED,0,OBSERVED,2200000.0,OBSERVED,42.6,OBSERVED,10.2,OBSERVED,12.4,OBSERVED,76.0,OBSERVED,56.95,OBSERVED,12.65,OBSERVED,45.2,OBSERVED,18.2,OBSERVED,39.8,OBSERVED,28.3,OBSERVED,3.0,OBSERVED,55.2,OBSERVED,5726.0,OBSERVED,1.682,OBSERVED,0.091,OBSERVED,7.636,OBSERVED,5.0,OBSERVED,90.0,OBSERVED,28.3,OBSERVED,3.0,OBSERVED,39.8,OBSERVED,18.2,OBSERVED,45.2,OBSERVED,55.2,OBSERVED,5726.0,OBSERVED,23.9,OBSERVED,12.1,OBSERVED,13.2,OBSERVED
539,Hassan,Karnataka,1.773,OBSERVED,39,OBSERVED,0.364,OBSERVED,8,OBSERVED,0,OBSERVED,2200000.0,OBSERVED,42.6,OBSERVED,10.2,OBSERVED,12.4,OBSERVED,76.0,OBSERVED,59.75,OBSERVED,17.5,OBSERVED,27.1,OBSERVED,15.2,OBSERVED,23.8,OBSERVED,36.9,OBSERVED,3.0,OBSERVED,87.9,OBSERVED,3421.0,OBSERVED,6.227,OBSERVED,0.636,OBSERVED,20.727,OBSERVED,8.0,OBSERVED,90.0,OBSERVED,36.9,OBSERVED,3.0,OBSERVED,23.8,OBSERVED,15.2,OBSERVED,27.1,OBSERVED,87.9,OBSERVED,3421.0,OBSERVED,29.5,OBSERVED,16.3,OBSERVED,18.7,OBSERVED
540,Haveri,Karnataka,1.773,OBSERVED,39,OBSERVED,0.364,OBSERVED,8,OBSERVED,0,OBSERVED,2200000.0,OBSERVED,42.6,OBSERVED,10.2,OBSERVED,12.4,OBSERVED,76.0,OBSERVED,57.2,OBSERVED,13.95,OBSERVED,29.9,OBSERVED,17.7,OBSERVED,35.0,OBSERVED,28.8,OBSERVED,3.0,OBSERVED,68.9,OBSERVED,11573.0,OBSERVED,3.273,OBSERVED,0.227,OBSERVED,13.773,OBSERVED,7.0,OBSERVED,90.0,OBSERVED,28.8,OBSERVED,3.0,OBSERVED,35.0,OBSERVED,17.7,OBSERVED,29.9,OBSERVED,68.9,OBSERVED,11573.0,OBSERVED,24.4,OBSERVED,12.7,OBSERVED,15.2,OBSERVED
538,Kalaburagi,Karnataka,1.773,OBSERVED,39,OBSERVED,0.364,OBSERVED,8,OBSERVED,0,OBSERVED,2200000.0,OBSERVED,42.6,OBSERVED,10.2,OBSERVED,12.4,OBSERVED,76.0,OBSERVED,57.4,OBSERVED,13.25,OBSERVED,34.5,OBSERVED,25.0,OBSERVED,36.2,OBSERVED,17.4,OBSERVED,3.0,OBSERVED,36.5,OBSERVED,3738.0,OBSERVED,4.045,OBSERVED,0.727,OBSERVED,15.773,OBSERVED,7.0,OBSERVED,90.0,OBSERVED,17.4,OBSERVED,3.0,OBSERVED,36.2,OBSERVED,25.0,OBSERVED,34.5,OBSERVED,36.5,OBSERVED,3738.0,OBSERVED,24.8,OBSERVED,11.4,OBSERVED,15.1,OBSERVED
541,Kodagu,Karnataka,1.773,OBSERVED,39,OBSERVED,0.364,OBSERVED,8,OBSERVED,0,OBSERVED,2200000.0,OBSERVED,42.6,OBSERVED,10.2,OBSERVED,12.4,OBSERVED,76.0,OBSERVED,61.65,OBSERVED,18.35,OBSERVED,30.4,OBSERVED,21.7,OBSERVED,22.6,OBSERVED,45.6,OBSERVED,3.0,OBSERVED,93.9,OBSERVED,2830.0,OBSERVED,1.455,OBSERVED,0.273,OBSERVED,9.364,OBSERVED,3.0,OBSERVED,90.0,OBSERVED,45.6,OBSERVED,3.0,OBSERVED,22.6,OBSERVED,21.7,OBSERVED,30.4,OBSERVED,93.9,OBSERVED,2830.0,OBSERVED,33.3,OBSERVED,17.4,OBSERVED,19.3,OBSERVED
542,Kolar,Karnataka,1.773,OBSERVED,39,OBSERVED,0.364,OBSERVED,8,OBSERVED,0,OBSERVED,2200000.0,OBSERVED,42.6,OBSERVED,10.2,OBSERVED,12.4,OBSERVED,76.0,OBSERVED,58.95,OBSERVED,13.8,OBSERVED,31.1,OBSERVED,15.5,OBSERVED,15.7,OBSERVED,33.9,OBSERVED,3.0,OBSERVED,89.2,OBSERVED,3188.0,OBSERVED,2.818,OBSERVED,0.091,OBSERVED,12.5,OBSERVED,6.0,OBSERVED,90.0,OBSERVED,33.9,OBSERVED,3.0,OBSERVED,15.7,OBSERVED,15.5,OBSERVED,31.1,OBSERVED,89.2,OBSERVED,3188.0,OBSERVED,27.9,OBSERVED,12.5,OBSERVED,15.1,OBSERVED
543,Koppal,Karnataka,1.773,OBSERVED,39,OBSERVED,0.364,OBSERVED,8,OBSERVED,0,OBSERVED,2200000.0,OBSERVED,42.6,OBSERVED,10.2,OBSERVED,12.4,OBSERVED,76.0,OBSERVED,56.1,OBSERVED,12.05,OBSERVED,49.1,OBSERVED,23.1,OBSERVED,45.8,OBSERVED,20.6,OBSERVED,3.0,OBSERVED,58.8,OBSERVED,4909.0,OBSERVED,2.136,OBSERVED,0.364,OBSERVED,8.409,OBSERVED,4.0,OBSERVED,90.0,OBSERVED,20.6,OBSERVED,3.0,OBSERVED,45.8,OBSERVED,23.1,OBSERVED,49.1,OBSERVED,58.8,OBSERVED,4909.0,OBSERVED,22.2,OBSERVED,9.6,OBSERVED,14.5,OBSERVED
544,Mandya,Karnataka,1.773,OBSERVED,39,OBSERVED,0.364,OBSERVED,8,OBSERVED,0,OBSERVED,2200000.0,OBSERVED,42.6,OBSERVED,10.2,OBSERVED,12.4,OBSERVED,76.0,OBSERVED,59.9,OBSERVED,17.15,OBSERVED,24.3,OBSERVED,11.8,OBSERVED,16.7,OBSERVED,39.9,OBSERVED,3.0,OBSERVED,86.7,OBSERVED,4109.0,OBSERVED,5.182,OBSERVED,0.318,OBSERVED,17.5,OBSERVED,7.0,OBSERVED,90.0,OBSERVED,39.9,OBSERVED,3.0,OBSERVED,16.7,OBSERVED,11.8,OBSERVED,24.3,OBSERVED,86.7,OBSERVED,4109.0,OBSERVED,29.8,OBSERVED,16.1,OBSERVED,18.2,OBSERVED
545,Mysuru,Karnataka,1.733,OBSERVED,52,OBSERVED,1.4,OBSERVED,42,OBSERVED,0,OBSERVED,3000000.0,OBSERVED,49.0,OBSERVED,10.2,OBSERVED,12.4,OBSERVED,76.0,OBSERVED,58.7,OBSERVED,13.9,OBSERVED,27.5,OBSERVED,15.6,OBSERVED,28.2,OBSERVED,26.2,OBSERVED,3.0,OBSERVED,86.4,OBSERVED,4143.0,OBSERVED,4.667,OBSERVED,0.3,OBSERVED,14.6,OBSERVED,6.0,OBSERVED,90.0,OBSERVED,26.2,OBSERVED,3.0,OBSERVED,28.2,OBSERVED,15.6,OBSERVED,27.5,OBSERVED,86.4,OBSERVED,4143.0,OBSERVED,27.4,OBSERVED,13.8,OBSERVED,14.0,OBSERVED
546,Raichur,Karnataka,1.773,OBSERVED,39,OBSERVED,0.364,OBSERVED,8,OBSERVED,1,OBSERVED,2200000.0,OBSERVED,42.6,OBSERVED,10.2,OBSERVED,12.4,OBSERVED,76.0,OBSERVED,53.35,OBSERVED,9.05,OBSERVED,39.8,OBSERVED,23.2,OBSERVED,40.7,OBSERVED,17.8,OBSERVED,3.0,OBSERVED,53.0,OBSERVED,6277.0,OBSERVED,2.409,OBSERVED,0.227,OBSERVED,10.136,OBSERVED,5.0,OBSERVED,90.0,OBSERVED,17.8,OBSERVED,3.0,OBSERVED,40.7,OBSERVED,23.2,OBSERVED,39.8,OBSERVED,53.0,OBSERVED,6277.0,OBSERVED,16.7,OBSERVED,8.9,OBSERVED,9.2,OBSERVED
631,Ramanagara,Karnataka,1.773,OBSERVED,39,OBSERVED,0.364,OBSERVED,8,OBSERVED,0,OBSERVED,2200000.0,OBSERVED,42.6,OBSERVED,10.2,OBSERVED,12.4,OBSERVED,76.0,OBSERVED,59.95,OBSERVED,18.9,OBSERVED,15.6,OBSERVED,20.0,OBSERVED,19.8,OBSERVED,35.7,OBSERVED,3.0,OBSERVED,89.6,OBSERVED,4877.0,OBSERVED,2.727,OBSERVED,0.136,OBSERVED,10.455,OBSERVED,4.0,OBSERVED,90.0,OBSERVED,35.7,OBSERVED,3.0,OBSERVED,19.8,OBSERVED,20.0,OBSERVED,15.6,OBSERVED,89.6,OBSERVED,4877.0,OBSERVED,29.9,OBSERVED,18.2,OBSERVED,19.6,OBSERVED
547,Shivamogga,Karnataka,1.773,OBSERVED,39,OBSERVED,0.364,OBSERVED,8,OBSERVED,0,OBSERVED,2200000.0,OBSERVED,42.6,OBSERVED,10.2,OBSERVED,12.4,OBSERVED,76.0,OBSERVED,59.35,OBSERVED,16.0,OBSERVED,29.0,OBSERVED,23.2,OBSERVED,34.4,OBSERVED,26.5,OBSERVED,3.0,OBSERVED,85.4,OBSERVED,5284.0,OBSERVED,4.136,OBSERVED,0.227,OBSERVED,13.864,OBSERVED,7.0,OBSERVED,90.0,OBSERVED,26.5,OBSERVED,3.0,OBSERVED,34.4,OBSERVED,23.2,OBSERVED,29.0,OBSERVED,85.4,OBSERVED,5284.0,OBSERVED,28.7,OBSERVED,15.3,OBSERVED,16.7,OBSERVED
548,Tumakuru,Karnataka,1.773,OBSERVED,39,OBSERVED,0.364,OBSERVED,8,OBSERVED,0,OBSERVED,2200000.0,OBSERVED,42.6,OBSERVED,10.2,OBSERVED,12.4,OBSERVED,76.0,OBSERVED,62.0,OBSERVED,17.65,OBSERVED,40.3,OBSERVED,10.9,OBSERVED,26.7,OBSERVED,31.0,OBSERVED,3.0,OBSERVED,86.1,OBSERVED,4533.0,OBSERVED,6.5,OBSERVED,0.182,OBSERVED,22.136,OBSERVED,10.0,OBSERVED,90.0,OBSERVED,31.0,OBSERVED,3.0,OBSERVED,26.7,OBSERVED,10.9,OBSERVED,40.3,OBSERVED,86.1,OBSERVED,4533.0,OBSERVED,34.0,OBSERVED,15.4,OBSERVED,19.9,OBSERVED
549,Udupi,Karnataka,1.773,OBSERVED,39,OBSERVED,0.364,OBSERVED,8,OBSERVED,0,OBSERVED,2200000.0,OBSERVED,42.6,OBSERVED,10.2,OBSERVED,12.4,OBSERVED,76.0,OBSERVED,61.25,OBSERVED,17.2,OBSERVED,23.1,OBSERVED,17.6,OBSERVED,21.0,OBSERVED,50.9,OBSERVED,3.0,OBSERVED,94.5,OBSERVED,2886.0,OBSERVED,3.318,OBSERVED,0.318,OBSERVED,13.682,OBSERVED,3.0,OBSERVED,90.0,OBSERVED,50.9,OBSERVED,3.0,OBSERVED,21.0,OBSERVED,17.6,OBSERVED,23.1,OBSERVED,94.5,OBSERVED,2886.0,OBSERVED,32.5,OBSERVED,16.7,OBSERVED,17.7,OBSERVED
550,Uttara Kannada,Karnataka,1.773,OBSERVED,39,OBSERVED,0.364,OBSERVED,8,OBSERVED,0,OBSERVED,2200000.0,OBSERVED,42.6,OBSERVED,10.2,OBSERVED,12.4,OBSERVED,76.0,OBSERVED,57.55,OBSERVED,13.25,OBSERVED,29.6,OBSERVED,21.9,OBSERVED,33.3,OBSERVED,32.0,OBSERVED,3.0,OBSERVED,89.6,OBSERVED,5362.0,OBSERVED,3.636,OBSERVED,0.136,OBSERVED,15.591,OBSERVED,11.0,OBSERVED,90.0,OBSERVED,32.0,OBSERVED,3.0,OBSERVED,33.3,OBSERVED,21.9,OBSERVED,29.6,OBSERVED,89.6,OBSERVED,5362.0,OBSERVED,25.1,OBSERVED,12.7,OBSERVED,13.8,OBSERVED
738,Vijayanagar,Karnataka,1.773,OBSERVED,39,OBSERVED,0.364,OBSERVED,8,OBSERVED,0,OBSERVED,2200000.0,OBSERVED,42.6,OBSERVED,10.2,OBSERVED,12.4,OBSERVED,76.0,OBSERVED,55.45,INHERITED_FROM_528,10.4,INHERITED_FROM_528,36.1,INHERITED_FROM_528,22.9,INHERITED_FROM_528,36.5,INHERITED_FROM_528,25.7,INHERITED_FROM_528,3.0,INHERITED_FROM_528,64.1,INHERITED_FROM_528,12348.0,INHERITED_FROM_528,3.409,INHERITED_FROM_528,0.364,INHERITED_FROM_528,12.364,INHERITED_FROM_528,7.0,INHERITED_FROM_528,90.0,IMPUTED_STATE_MEAN,29.1667,IMPUTED_STATE_MEAN,3.0,IMPUTED_STATE_MEAN,31.2967,IMPUTED_STATE_MEAN,19.23,IMPUTED_STATE_MEAN,34.58,IMPUTED_STATE_MEAN,74.5967,IMPUTED_STATE_MEAN,4854.3333,IMPUTED_STATE_MEAN,26.88,IMPUTED_STATE_MEAN,13.5433,IMPUTED_STATE_MEAN,15.45,IMPUTED_STATE_MEAN
530,Vijayapura,Karnataka,1.773,OBSERVED,39,OBSERVED,0.364,OBSERVED,8,OBSERVED,0,OBSERVED,2200000.0,OBSERVED,42.6,OBSERVED,10.2,OBSERVED,12.4,OBSERVED,76.0,OBSERVED,55.5,OBSERVED,12.95,OBSERVED,45.9,OBSERVED,15.0,OBSERVED,39.0,OBSERVED,21.2,OBSERVED,3.0,OBSERVED,44.8,OBSERVED,3198.0,OBSERVED,3.091,OBSERVED,0.364,OBSERVED,14.045,OBSERVED,5.0,OBSERVED,90.0,OBSERVED,21.2,OBSERVED,3.0,OBSERVED,39.0,OBSERVED,15.0,OBSERVED,45.9,OBSERVED,44.8,OBSERVED,3198.0,OBSERVED,21.0,OBSERVED,11.6,OBSERVED,14.3,OBSERVED
635,Yadgir,Karnataka,1.773,OBSERVED,39,OBSERVED,0.364,OBSERVED,8,OBSERVED,1,OBSERVED,2200000.0,OBSERVED,42.6,OBSERVED,10.2,OBSERVED,12.4,OBSERVED,76.0,OBSERVED,54.0,OBSERVED,10.4,OBSERVED,57.6,OBSERVED,17.7,OBSERVED,45.2,OBSERVED,16.7,OBSERVED,3.0,OBSERVED,37.4,OBSERVED,4386.0,OBSERVED,2.091,OBSERVED,0.227,OBSERVED,8.0,OBSERVED,3.0,OBSERVED,90.0,OBSERVED,16.7,OBSERVED,3.0,OBSERVED,45.2,OBSERVED,17.7,OBSERVED,57.6,OBSERVED,37.4,OBSERVED,4386.0,OBSERVED,18.0,OBSERVED,7.7,OBSERVED,13.1,OBSERVED
554,Alappuzha,Kerala,1.773,OBSERVED,39,OBSERVED,0.364,OBSERVED,8,OBSERVED,0,OBSERVED,2200000.0,OBSERVED,42.6,OBSERVED,10.2,OBSERVED,12.4,OBSERVED,94.0,OBSERVED,90.0,OBSERVED,25.3,OBSERVED,20.1,OBSERVED,14.4,OBSERVED,20.4,OBSERVED,60.4,OBSERVED,3.0,OBSERVED,99.2,OBSERVED,9472.0,OBSERVED,2.545,OBSERVED,0.727,OBSERVED,14.727,OBSERVED,4.0,OBSERVED,90.0,OBSERVED,60.4,OBSERVED,3.0,OBSERVED,20.4,OBSERVED,14.4,OBSERVED,20.1,OBSERVED,99.2,OBSERVED,9472.0,OBSERVED,90.0,OBSERVED,25.2,OBSERVED,25.4,OBSERVED
555,Ernakulam,Kerala,2.561,OBSERVED,84,OBSERVED,1.982,OBSERVED,65,OBSERVED,0,OBSERVED,3280000.0,OBSERVED,51.24,OBSERVED,10.2,OBSERVED,12.4,OBSERVED,94.0,OBSERVED,90.0,OBSERVED,25.65,OBSERVED,22.0,OBSERVED,17.1,OBSERVED,19.4,OBSERVED,46.2,OBSERVED,3.0,OBSERVED,99.3,OBSERVED,4940.0,OBSERVED,2.134,OBSERVED,0.701,OBSERVED,10.976,OBSERVED,2.0,OBSERVED,90.0,OBSERVED,46.2,OBSERVED,3.0,OBSERVED,19.4,OBSERVED,17.1,OBSERVED,22.0,OBSERVED,99.3,OBSERVED,4940.0,OBSERVED,90.0,OBSERVED,25.8,OBSERVED,25.5,OBSERVED
556,Idukki,Kerala,1.773,OBSERVED,39,OBSERVED,0.364,OBSERVED,8,OBSERVED,0,OBSERVED,2200000.0,OBSERVED,42.6,OBSERVED,10.2,OBSERVED,12.4,OBSERVED,94.0,OBSERVED,90.0,OBSERVED,23.35,OBSERVED,24.3,OBSERVED,14.5,OBSERVED,23.6,OBSERVED,58.1,OBSERVED,3.0,OBSERVED,97.5,OBSERVED,4942.0,OBSERVED,1.818,OBSERVED,0.636,OBSERVED,12.545,OBSERVED,3.0,OBSERVED,90.0,OBSERVED,58.1,OBSERVED,3.0,OBSERVED,23.6,OBSERVED,14.5,OBSERVED,24.3,OBSERVED,97.5,OBSERVED,4942.0,OBSERVED,90.0,OBSERVED,22.8,OBSERVED,23.9,OBSERVED
557,Kannur,Kerala,1.773,OBSERVED,39,OBSERVED,0.364,OBSERVED,8,OBSERVED,0,OBSERVED,2200000.0,OBSERVED,42.6,OBSERVED,10.2,OBSERVED,12.4,OBSERVED,94.0,OBSERVED,90.0,OBSERVED,24.4,OBSERVED,19.4,OBSERVED,14.0,OBSERVED,17.9,OBSERVED,47.9,OBSERVED,3.0,OBSERVED,99.5,OBSERVED,6125.0,OBSERVED,3.682,OBSERVED,0.455,OBSERVED,16.455,OBSERVED,4.0,OBSERVED,90.0,OBSERVED,47.9,OBSERVED,3.0,OBSERVED,17.9,OBSERVED,14.0,OBSERVED,19.4,OBSERVED,99.5,OBSERVED,6125.0,OBSERVED,90.0,OBSERVED,23.8,OBSERVED,25.0,OBSERVED
558,Kasaragod,Kerala,1.773,OBSERVED,39,OBSERVED,0.364,OBSERVED,8,OBSERVED,0,OBSERVED,2200000.0,OBSERVED,42.6,OBSERVED,10.2,OBSERVED,12.4,OBSERVED,94.0,OBSERVED,90.0,OBSERVED,21.35,OBSERVED,25.3,OBSERVED,12.6,OBSERVED,21.4,OBSERVED,44.0,OBSERVED,3.0,OBSERVED,98.9,OBSERVED,3778.0,OBSERVED,1.818,OBSERVED,0.409,OBSERVED,10.0,OBSERVED,2.0,OBSERVED,90.0,OBSERVED,44.0,OBSERVED,3.0,OBSERVED,21.4,OBSERVED,12.6,OBSERVED,25.3,OBSERVED,98.9,OBSERVED,3778.0,OBSERVED,90.0,OBSERVED,20.4,OBSERVED,22.3,OBSERVED
559,Kollam,Kerala,1.773,OBSERVED,39,OBSERVED,0.364,OBSERVED,8,OBSERVED,0,OBSERVED,2200000.0,OBSERVED,42.6,OBSERVED,10.2,OBSERVED,12.4,OBSERVED,94.0,OBSERVED,90.0,OBSERVED,28.2,OBSERVED,15.5,OBSERVED,21.4,OBSERVED,17.0,OBSERVED,56.0,OBSERVED,3.0,OBSERVED,97.5,OBSERVED,6836.0,OBSERVED,2.273,OBSERVED,0.727,OBSERVED,16.727,OBSERVED,6.0,OBSERVED,90.0,OBSERVED,56.0,OBSERVED,3.0,OBSERVED,17.0,OBSERVED,21.4,OBSERVED,15.5,OBSERVED,97.5,OBSERVED,6836.0,OBSERVED,90.0,OBSERVED,26.2,OBSERVED,30.2,OBSERVED
560,Kottayam,Kerala,1.773,OBSERVED,39,OBSERVED,0.364,OBSERVED,8,OBSERVED,0,OBSERVED,2200000.0,OBSERVED,42.6,OBSERVED,10.2,OBSERVED,12.4,OBSERVED,94.0,OBSERVED,90.0,OBSERVED,29.05,OBSERVED,23.4,OBSERVED,8.4,OBSERVED,17.3,OBSERVED,53.2,OBSERVED,3.0,OBSERVED,98.6,OBSERVED,6260.0,OBSERVED,2.455,OBSERVED,0.773,OBSERVED,13.318,OBSERVED,3.0,OBSERVED,90.0,OBSERVED,53.2,OBSERVED,3.0,OBSERVED,17.3,OBSERVED,8.4,OBSERVED,23.4,OBSERVED,98.6,OBSERVED,6260.0,OBSERVED,90.0,OBSERVED,28.7,OBSERVED,29.4,OBSERVED
561,Kozhikode,Kerala,1.773,OBSERVED,39,OBSERVED,0.364,OBSERVED,8,OBSERVED,0,OBSERVED,2200000.0,OBSERVED,42.6,OBSERVED,10.2,OBSERVED,12.4,OBSERVED,94.0,OBSERVED,90.0,OBSERVED,23.2,OBSERVED,21.3,OBSERVED,14.1,OBSERVED,18.9,OBSERVED,61.1,OBSERVED,3.0,OBSERVED,99.6,OBSERVED,4734.0,OBSERVED,2.773,OBSERVED,0.727,OBSERVED,16.091,OBSERVED,4.0,OBSERVED,90.0,OBSERVED,61.1,OBSERVED,3.0,OBSERVED,18.9,OBSERVED,14.1,OBSERVED,21.3,OBSERVED,99.6,OBSERVED,4734.0,OBSERVED,90.0,OBSERVED,22.5,OBSERVED,23.9,OBSERVED
562,Malappuram,Kerala,1.776,OBSERVED,73,OBSERVED,0.389,OBSERVED,16,OBSERVED,0,OBSERVED,4110000.0,OBSERVED,57.88,OBSERVED,10.2,OBSERVED,12.4,OBSERVED,94.0,OBSERVED,90.0,OBSERVED,22.7,OBSERVED,29.4,OBSERVED,18.2,OBSERVED,21.4,OBSERVED,42.8,OBSERVED,3.0,OBSERVED,99.9,OBSERVED,6760.0,OBSERVED,2.044,OBSERVED,0.511,OBSERVED,12.506,OBSERVED,2.0,OBSERVED,90.0,OBSERVED,42.8,OBSERVED,3.0,OBSERVED,21.4,OBSERVED,18.2,OBSERVED,29.4,OBSERVED,99.9,OBSERVED,6760.0,OBSERVED,90.0,OBSERVED,21.4,OBSERVED,24.0,OBSERVED
563,Palakkad,Kerala,1.773,OBSERVED,39,OBSERVED,0.364,OBSERVED,8,OBSERVED,0,OBSERVED,2200000.0,OBSERVED,42.6,OBSERVED,10.2,OBSERVED,12.4,OBSERVED,94.0,OBSERVED,90.0,OBSERVED,25.45,OBSERVED,29.7,OBSERVED,21.7,OBSERVED,27.7,OBSERVED,53.8,OBSERVED,3.0,OBSERVED,99.0,OBSERVED,6211.0,OBSERVED,3.364,OBSERVED,0.818,OBSERVED,20.045,OBSERVED,4.0,OBSERVED,90.0,OBSERVED,53.8,OBSERVED,3.0,OBSERVED,27.7,OBSERVED,21.7,OBSERVED,29.7,OBSERVED,99.0,OBSERVED,6211.0,OBSERVED,90.0,OBSERVED,24.6,OBSERVED,26.3,OBSERVED
564,Pathanamthitta,Kerala,1.773,OBSERVED,39,OBSERVED,0.364,OBSERVED,8,OBSERVED,0,OBSERVED,2200000.0,OBSERVED,42.6,OBSERVED,10.2,OBSERVED,12.4,OBSERVED,94.0,OBSERVED,90.0,OBSERVED,33.4,OBSERVED,22.7,OBSERVED,11.4,OBSERVED,11.2,OBSERVED,50.1,OBSERVED,3.0,OBSERVED,98.9,OBSERVED,7467.0,OBSERVED,1.909,OBSERVED,0.591,OBSERVED,10.455,OBSERVED,2.0,OBSERVED,90.0,OBSERVED,50.1,OBSERVED,3.0,OBSERVED,11.2,OBSERVED,11.4,OBSERVED,22.7,OBSERVED,98.9,OBSERVED,7467.0,OBSERVED,90.0,OBSERVED,32.1,OBSERVED,34.7,OBSERVED
565,Thiruvananthapuram,Kerala,2.788,OBSERVED,92,OBSERVED,0.394,OBSERVED,13,OBSERVED,0,OBSERVED,3300000.0,OBSERVED,51.4,OBSERVED,10.2,OBSERVED,12.4,OBSERVED,94.0,OBSERVED,90.0,OBSERVED,31.15,OBSERVED,19.5,OBSERVED,17.4,OBSERVED,15.2,OBSERVED,48.7,OBSERVED,3.0,OBSERVED,95.4,OBSERVED,8788.0,OBSERVED,1.848,OBSERVED,0.576,OBSERVED,12.727,OBSERVED,2.0,OBSERVED,90.0,OBSERVED,48.7,OBSERVED,3.0,OBSERVED,15.2,OBSERVED,17.4,OBSERVED,19.5,OBSERVED,95.4,OBSERVED,8788.0,OBSERVED,90.0,OBSERVED,26.1,OBSERVED,36.2,OBSERVED
566,Thrissur,Kerala,1.773,OBSERVED,39,OBSERVED,0.364,OBSERVED,8,OBSERVED,0,OBSERVED,2200000.0,OBSERVED,42.6,OBSERVED,10.2,OBSERVED,12.4,OBSERVED,94.0,OBSERVED,90.0,OBSERVED,30.0,OBSERVED,22.0,OBSERVED,9.6,OBSERVED,17.3,OBSERVED,48.7,OBSERVED,3.0,OBSERVED,99.5,OBSERVED,5053.0,OBSERVED,3.409,OBSERVED,1.091,OBSERVED,18.773,OBSERVED,3.0,OBSERVED,90.0,OBSERVED,48.7,OBSERVED,3.0,OBSERVED,17.3,OBSERVED,9.6,OBSERVED,22.0,OBSERVED,99.5,OBSERVED,5053.0,OBSERVED,90.0,OBSERVED,28.3,OBSERVED,31.7,OBSERVED
567,Wayanad,Kerala,1.773,OBSERVED,39,OBSERVED,0.364,OBSERVED,8,OBSERVED,1,OBSERVED,2200000.0,OBSERVED,42.6,OBSERVED,10.2,OBSERVED,12.4,OBSERVED,94.0,OBSERVED,90.0,OBSERVED,18.1,OBSERVED,31.3,OBSERVED,16.1,OBSERVED,22.5,OBSERVED,64.8,OBSERVED,3.0,OBSERVED,97.6,OBSERVED,4232.0,OBSERVED,0.955,OBSERVED,0.364,OBSERVED,0.0,OBSERVED,2.0,OBSERVED,90.0,OBSERVED,64.8,OBSERVED,3.0,OBSERVED,22.5,OBSERVED,16.1,OBSERVED,31.3,OBSERVED,97.6,OBSERVED,4232.0,OBSERVED,90.0,OBSERVED,18.3,OBSERVED,17.9,OBSERVED
598,Karaikal,Puducherry,4.0,OBSERVED,8,OBSERVED,0.5,OBSERVED,1,OBSERVED,0,OBSERVED,200000.0,OBSERVED,26.6,OBSERVED,10.2,OBSERVED,12.4,OBSERVED,76.0,OBSERVED,90.0,OBSERVED,22.6,OBSERVED,25.5,OBSERVED,15.3,OBSERVED,19.7,OBSERVED,26.9,OBSERVED,3.0,OBSERVED,84.3,OBSERVED,2788.0,OBSERVED,4.5,OBSERVED,0.5,OBSERVED,8.5,OBSERVED,0.0,OBSERVED,90.0,OBSERVED,26.9,OBSERVED,3.0,OBSERVED,19.7,OBSERVED,15.3,OBSERVED,25.5,OBSERVED,84.3,OBSERVED,2788.0,OBSERVED,90.0,OBSERVED,22.4,OBSERVED,22.8,OBSERVED
599,Mahe,Puducherry,1.773,OBSERVED,39,OBSERVED,0.364,OBSERVED,8,OBSERVED,0,OBSERVED,2200000.0,OBSERVED,42.6,OBSERVED,10.2,OBSERVED,12.4,OBSERVED,76.0,OBSERVED,90.0,OBSERVED,27.85,OBSERVED,48.2,OBSERVED,7.3,OBSERVED,32.6,OBSERVED,23.6,OBSERVED,3.0,OBSERVED,99.8,OBSERVED,8288.0,OBSERVED,0.0,OBSERVED,0.0,OBSERVED,0.0,OBSERVED,0.0,OBSERVED,90.0,OBSERVED,23.6,OBSERVED,3.0,OBSERVED,32.6,OBSERVED,7.3,OBSERVED,48.2,OBSERVED,99.8,OBSERVED,8288.0,OBSERVED,90.0,OBSERVED,27.1,OBSERVED,28.6,OBSERVED
600,Puducherry,Puducherry,2.526,OBSERVED,24,OBSERVED,2.632,OBSERVED,25,OBSERVED,0,OBSERVED,950000.0,OBSERVED,32.6,OBSERVED,10.2,OBSERVED,12.4,OBSERVED,76.0,OBSERVED,90.0,OBSERVED,20.05,OBSERVED,17.0,OBSERVED,11.6,OBSERVED,13.1,OBSERVED,31.3,OBSERVED,3.0,OBSERVED,84.6,OBSERVED,3317.0,OBSERVED,1.579,OBSERVED,0.211,OBSERVED,3.789,OBSERVED,0.0,OBSERVED,90.0,OBSERVED,31.3,OBSERVED,3.0,OBSERVED,13.1,OBSERVED,11.6,OBSERVED,17.0,OBSERVED,84.6,OBSERVED,3317.0,OBSERVED,90.0,OBSERVED,19.1,OBSERVED,21.0,OBSERVED
601,Yanam,Puducherry,1.773,OBSERVED,39,OBSERVED,0.364,OBSERVED,8,OBSERVED,0,OBSERVED,2200000.0,OBSERVED,42.6,OBSERVED,10.2,OBSERVED,12.4,OBSERVED,76.0,OBSERVED,90.0,OBSERVED,23.35,OBSERVED,25.0,OBSERVED,12.4,OBSERVED,18.7,OBSERVED,29.2,OBSERVED,3.0,OBSERVED,84.1,OBSERVED,2763.0,OBSERVED,0.0,OBSERVED,0.0,OBSERVED,0.0,OBSERVED,0.0,OBSERVED,90.0,OBSERVED,29.2,OBSERVED,3.0,OBSERVED,18.7,OBSERVED,12.4,OBSERVED,25.0,OBSERVED,84.1,OBSERVED,2763.0,OBSERVED,90.0,OBSERVED,22.0,OBSERVED,24.7,OBSERVED
610,Ariyalur,Tamil Nadu,1.773,OBSERVED,39,OBSERVED,0.364,OBSERVED,8,OBSERVED,0,OBSERVED,2200000.0,OBSERVED,42.6,OBSERVED,10.2,OBSERVED,12.4,OBSERVED,82.0,OBSERVED,90.0,INHERITED_FROM_581,22.1,INHERITED_FROM_581,29.1,INHERITED_FROM_581,15.9,INHERITED_FROM_581,22.3,INHERITED_FROM_581,75.5,INHERITED_FROM_581,3.0,INHERITED_FROM_581,57.4,INHERITED_FROM_581,3707.0,INHERITED_FROM_581,2.318,INHERITED_FROM_581,0.455,INHERITED_FROM_581,9.227,INHERITED_FROM_581,7.0,INHERITED_FROM_581,90.0,IMPUTED_STATE_MEAN,67.8,IMPUTED_STATE_MEAN,3.0,IMPUTED_STATE_MEAN,22.3258,IMPUTED_STATE_MEAN,14.8419,IMPUTED_STATE_MEAN,25.3161,IMPUTED_STATE_MEAN,72.1194,IMPUTED_STATE_MEAN,3327.4839,IMPUTED_STATE_MEAN,90.0,IMPUTED_STATE_MEAN,20.5419,IMPUTED_STATE_MEAN,22.2452,IMPUTED_STATE_MEAN
730,Chengalpattu,Tamil Nadu,1.773,OBSERVED,39,OBSERVED,0.364,OBSERVED,8,OBSERVED,0,OBSERVED,2200000.0,OBSERVED,42.6,OBSERVED,10.2,OBSERVED,12.4,OBSERVED,82.0,OBSERVED,90.0,INHERITED_FROM_574,23.6,INHERITED_FROM_574,20.6,INHERITED_FROM_574,15.7,INHERITED_FROM_574,19.8,INHERITED_FROM_574,59.7,INHERITED_FROM_574,3.0,INHERITED_FROM_574,75.9,INHERITED_FROM_574,3531.0,INHERITED_FROM_574,2.0,INHERITED_FROM_574,0.591,INHERITED_FROM_574,16.545,INHERITED_FROM_574,8.0,INHERITED_FROM_574,90.0,IMPUTED_STATE_MEAN,67.8,IMPUTED_STATE_MEAN,3.0,IMPUTED_STATE_MEAN,22.3258,IMPUTED_STATE_MEAN,14.8419,IMPUTED_STATE_MEAN,25.3161,IMPUTED_STATE_MEAN,72.1194,IMPUTED_STATE_MEAN,3327.4839,IMPUTED_STATE_MEAN,90.0,IMPUTED_STATE_MEAN,20.5419,IMPUTED_STATE_MEAN,22.2452,IMPUTED_STATE_MEAN
568,Chennai,Tamil Nadu,2.473,OBSERVED,115,OBSERVED,6.237,OBSERVED,290,OBSERVED,0,OBSERVED,4650000.0,OBSERVED,85.0,OBSERVED,10.2,OBSERVED,12.4,OBSERVED,82.0,OBSERVED,90.0,OBSERVED,24.65,OBSERVED,20.4,OBSERVED,18.3,OBSERVED,21.9,OBSERVED,58.2,OBSERVED,3.0,OBSERVED,90.4,OBSERVED,3951.0,OBSERVED,1.8864,IMPUTED_STATE_MEAN,0.6026,IMPUTED_STATE_MEAN,13.6474,IMPUTED_STATE_MEAN,8.8824,IMPUTED_STATE_MEAN,90.0,OBSERVED,58.2,OBSERVED,3.0,OBSERVED,21.9,OBSERVED,18.3,OBSERVED,20.4,OBSERVED,90.4,OBSERVED,3951.0,OBSERVED,90.0,OBSERVED,27.2,OBSERVED,22.1,OBSERVED
569,Coimbatore,Tamil Nadu,2.254,OBSERVED,78,OBSERVED,1.59,OBSERVED,55,OBSERVED,0,OBSERVED,3460000.0,OBSERVED,52.68,OBSERVED,10.2,OBSERVED,12.4,OBSERVED,82.0,OBSERVED,90.0,OBSERVED,18.7,OBSERVED,23.0,OBSERVED,7.0,OBSERVED,18.5,OBSERVED,61.0,OBSERVED,3.0,OBSERVED,78.5,OBSERVED,5609.0,OBSERVED,1.012,OBSERVED,0.347,OBSERVED,9.48,OBSERVED,9.0,OBSERVED,90.0,OBSERVED,61.0,OBSERVED,3.0,OBSERVED,18.5,OBSERVED,7.0,OBSERVED,23.0,OBSERVED,78.5,OBSERVED,5609.0,OBSERVED,90.0,OBSERVED,19.1,OBSERVED,18.3,OBSERVED
570,Cuddalore,Tamil Nadu,1.773,OBSERVED,39,OBSERVED,0.364,OBSERVED,8,OBSERVED,0,OBSERVED,2200000.0,OBSERVED,42.6,OBSERVED,10.2,OBSERVED,12.4,OBSERVED,82.0,OBSERVED,90.0,OBSERVED,20.6,OBSERVED,20.2,OBSERVED,13.9,OBSERVED,18.0,OBSERVED,64.4,OBSERVED,3.0,OBSERVED,61.3,OBSERVED,3803.0,OBSERVED,2.136,OBSERVED,0.591,OBSERVED,14.5,OBSERVED,8.0,OBSERVED,90.0,OBSERVED,64.4,OBSERVED,3.0,OBSERVED,18.0,OBSERVED,13.9,OBSERVED,20.2,OBSERVED,61.3,OBSERVED,3803.0,OBSERVED,90.0,OBSERVED,20.5,OBSERVED,20.7,OBSERVED
571,Dharmapuri,Tamil Nadu,1.773,OBSERVED,39,OBSERVED,0.364,OBSERVED,8,OBSERVED,0,OBSERVED,2200000.0,OBSERVED,42.6,OBSERVED,10.2,OBSERVED,12.4,OBSERVED,82.0,OBSERVED,90.0,OBSERVED,16.75,OBSERVED,28.7,OBSERVED,16.9,OBSERVED,23.2,OBSERVED,75.5,OBSERVED,3.0,OBSERVED,72.4,OBSERVED,2808.0,OBSERVED,1.273,OBSERVED,0.364,OBSERVED,9.909,OBSERVED,4.0,OBSERVED,90.0,OBSERVED,75.5,OBSERVED,3.0,OBSERVED,23.2,OBSERVED,16.9,OBSERVED,28.7,OBSERVED,72.4,OBSERVED,2808.0,OBSERVED,90.0,OBSERVED,15.4,OBSERVED,18.1,OBSERVED
572,Dindigul,Tamil Nadu,1.773,OBSERVED,39,OBSERVED,0.364,OBSERVED,8,OBSERVED,0,OBSERVED,2200000.0,OBSERVED,42.6,OBSERVED,10.2,OBSERVED,12.4,OBSERVED,82.0,OBSERVED,90.0,OBSERVED,23.6,OBSERVED,27.1,OBSERVED,21.1,OBSERVED,28.4,OBSERVED,71.9,OBSERVED,3.0,OBSERVED,61.0,OBSERVED,2828.0,OBSERVED,1.955,OBSERVED,0.636,OBSERVED,14.136,OBSERVED,12.0,OBSERVED,90.0,OBSERVED,71.9,OBSERVED,3.0,OBSERVED,28.4,OBSERVED,21.1,OBSERVED,27.1,OBSERVED,61.0,OBSERVED,2828.0,OBSERVED,90.0,OBSERVED,22.1,OBSERVED,25.1,OBSERVED
573,Erode,Tamil Nadu,1.773,OBSERVED,39,OBSERVED,0.364,OBSERVED,8,OBSERVED,0,OBSERVED,2200000.0,OBSERVED,42.6,OBSERVED,10.2,OBSERVED,12.4,OBSERVED,82.0,OBSERVED,90.0,OBSERVED,16.35,OBSERVED,19.4,OBSERVED,20.9,OBSERVED,26.9,OBSERVED,77.7,OBSERVED,3.0,OBSERVED,67.6,OBSERVED,2401.0,OBSERVED,1.727,OBSERVED,0.636,OBSERVED,14.136,OBSERVED,8.0,OBSERVED,90.0,OBSERVED,77.7,OBSERVED,3.0,OBSERVED,26.9,OBSERVED,20.9,OBSERVED,19.4,OBSERVED,67.6,OBSERVED,2401.0,OBSERVED,90.0,OBSERVED,16.6,OBSERVED,16.1,OBSERVED
729,Kallakurichi,Tamil Nadu,1.773,OBSERVED,39,OBSERVED,0.364,OBSERVED,8,OBSERVED,0,OBSERVED,2200000.0,OBSERVED,42.6,OBSERVED,10.2,OBSERVED,12.4,OBSERVED,82.0,OBSERVED,90.0,INHERITED_FROM_596,18.8,INHERITED_FROM_596,23.9,INHERITED_FROM_596,12.4,INHERITED_FROM_596,20.5,INHERITED_FROM_596,77.6,INHERITED_FROM_596,3.0,INHERITED_FROM_596,53.8,INHERITED_FROM_596,3255.0,INHERITED_FROM_596,3.091,INHERITED_FROM_596,1.0,INHERITED_FROM_596,25.318,INHERITED_FROM_596,9.0,INHERITED_FROM_596,90.0,IMPUTED_STATE_MEAN,67.8,IMPUTED_STATE_MEAN,3.0,IMPUTED_STATE_MEAN,22.3258,IMPUTED_STATE_MEAN,14.8419,IMPUTED_STATE_MEAN,25.3161,IMPUTED_STATE_MEAN,72.1194,IMPUTED_STATE_MEAN,3327.4839,IMPUTED_STATE_MEAN,90.0,IMPUTED_STATE_MEAN,20.5419,IMPUTED_STATE_MEAN,22.2452,IMPUTED_STATE_MEAN
574,Kancheepuram,Tamil Nadu,1.773,OBSERVED,39,OBSERVED,5.0,OBSERVED,110,OBSERVED,0,OBSERVED,2200000.0,OBSERVED,42.6,OBSERVED,10.2,OBSERVED,12.4,OBSERVED,82.0,OBSERVED,90.0,OBSERVED,23.6,OBSERVED,20.6,OBSERVED,15.7,OBSERVED,19.8,OBSERVED,59.7,OBSERVED,3.0,OBSERVED,75.9,OBSERVED,3531.0,OBSERVED,2.0,OBSERVED,0.591,OBSERVED,16.545,OBSERVED,8.0,OBSERVED,90.0,OBSERVED,59.7,OBSERVED,3.0,OBSERVED,19.8,OBSERVED,15.7,OBSERVED,20.6,OBSERVED,75.9,OBSERVED,3531.0,OBSERVED,90.0,OBSERVED,22.9,OBSERVED,24.3,OBSERVED
575,Kanniyakumari,Tamil Nadu,1.773,OBSERVED,39,OBSERVED,0.364,OBSERVED,8,OBSERVED,0,OBSERVED,2200000.0,OBSERVED,42.6,OBSERVED,10.2,OBSERVED,12.4,OBSERVED,82.0,OBSERVED,90.0,OBSERVED,27.1,OBSERVED,17.3,OBSERVED,11.4,OBSERVED,14.5,OBSERVED,64.1,OBSERVED,3.0,OBSERVED,96.2,OBSERVED,3170.0,OBSERVED,1.8864,IMPUTED_STATE_MEAN,0.6026,IMPUTED_STATE_MEAN,13.6474,IMPUTED_STATE_MEAN,8.8824,IMPUTED_STATE_MEAN,90.0,OBSERVED,64.1,OBSERVED,3.0,OBSERVED,14.5,OBSERVED,11.4,OBSERVED,17.3,OBSERVED,96.2,OBSERVED,3170.0,OBSERVED,90.0,OBSERVED,29.0,OBSERVED,25.2,OBSERVED
576,Karur,Tamil Nadu,1.773,OBSERVED,39,OBSERVED,0.364,OBSERVED,8,OBSERVED,0,OBSERVED,2200000.0,OBSERVED,42.6,OBSERVED,10.2,OBSERVED,12.4,OBSERVED,82.0,OBSERVED,90.0,OBSERVED,26.15,OBSERVED,33.6,OBSERVED,18.4,OBSERVED,36.3,OBSERVED,74.6,OBSERVED,3.0,OBSERVED,63.6,OBSERVED,2586.0,OBSERVED,1.045,OBSERVED,0.364,OBSERVED,7.636,OBSERVED,6.0,OBSERVED,90.0,OBSERVED,74.6,OBSERVED,3.0,OBSERVED,36.3,OBSERVED,18.4,OBSERVED,33.6,OBSERVED,63.6,OBSERVED,2586.0,OBSERVED,90.0,OBSERVED,23.4,OBSERVED,28.9,OBSERVED
577,Krishnagiri,Tamil Nadu,1.773,OBSERVED,39,OBSERVED,0.364,OBSERVED,8,OBSERVED,0,OBSERVED,2200000.0,OBSERVED,42.6,OBSERVED,10.2,OBSERVED,12.4,OBSERVED,82.0,OBSERVED,90.0,OBSERVED,14.5,OBSERVED,29.0,OBSERVED,10.4,OBSERVED,19.3,OBSERVED,73.6,OBSERVED,3.0,OBSERVED,75.9,OBSERVED,2081.0,OBSERVED,1.318,OBSERVED,0.455,OBSERVED,10.818,OBSERVED,6.0,OBSERVED,90.0,OBSERVED,73.6,OBSERVED,3.0,OBSERVED,19.3,OBSERVED,10.4,OBSERVED,29.0,OBSERVED,75.9,OBSERVED,2081.0,OBSERVED,90.0,OBSERVED,14.0,OBSERVED,15.0,OBSERVED
578,Madurai,Tamil Nadu,1.776,OBSERVED,54,OBSERVED,0.395,OBSERVED,12,OBSERVED,0,OBSERVED,3040000.0,OBSERVED,49.32,OBSERVED,10.2,OBSERVED,12.4,OBSERVED,82.0,OBSERVED,90.0,OBSERVED,21.95,OBSERVED,32.4,OBSERVED,9.5,OBSERVED,21.5,OBSERVED,66.3,OBSERVED,3.0,OBSERVED,80.1,OBSERVED,3317.0,OBSERVED,1.25,OBSERVED,0.428,OBSERVED,10.329,OBSERVED,6.0,OBSERVED,90.0,OBSERVED,66.3,OBSERVED,3.0,OBSERVED,21.5,OBSERVED,9.5,OBSERVED,32.4,OBSERVED,80.1,OBSERVED,3317.0,OBSERVED,90.0,OBSERVED,21.2,OBSERVED,22.7,OBSERVED
735,Mayiladuthurai,Tamil Nadu,1.773,OBSERVED,39,OBSERVED,0.364,OBSERVED,8,OBSERVED,0,OBSERVED,2200000.0,OBSERVED,42.6,OBSERVED,10.2,OBSERVED,12.4,OBSERVED,82.0,OBSERVED,90.0,INHERITED_FROM_579,19.65,INHERITED_FROM_579,32.3,INHERITED_FROM_579,12.5,INHERITED_FROM_579,24.3,INHERITED_FROM_579,70.9,INHERITED_FROM_579,3.0,INHERITED_FROM_579,69.6,INHERITED_FROM_579,4655.0,INHERITED_FROM_579,1.773,INHERITED_FROM_579,0.5,INHERITED_FROM_579,11.727,INHERITED_FROM_579,12.0,INHERITED_FROM_579,90.0,IMPUTED_STATE_MEAN,67.8,IMPUTED_STATE_MEAN,3.0,IMPUTED_STATE_MEAN,22.3258,IMPUTED_STATE_MEAN,14.8419,IMPUTED_STATE_MEAN,25.3161,IMPUTED_STATE_MEAN,72.1194,IMPUTED_STATE_MEAN,3327.4839,IMPUTED_STATE_MEAN,90.0,IMPUTED_STATE_MEAN,20.5419,IMPUTED_STATE_MEAN,22.2452,IMPUTED_STATE_MEAN
579,Nagapattinam,Tamil Nadu,1.773,OBSERVED,39,OBSERVED,0.364,OBSERVED,8,OBSERVED,0,OBSERVED,2200000.0,OBSERVED,42.6,OBSERVED,10.2,OBSERVED,12.4,OBSERVED,82.0,OBSERVED,90.0,OBSERVED,19.65,OBSERVED,32.3,OBSERVED,12.5,OBSERVED,24.3,OBSERVED,70.9,OBSERVED,3.0,OBSERVED,69.6,OBSERVED,4655.0,OBSERVED,1.773,OBSERVED,0.5,OBSERVED,11.727,OBSERVED,12.0,OBSERVED,90.0,OBSERVED,70.9,OBSERVED,3.0,OBSERVED,24.3,OBSERVED,12.5,OBSERVED,32.3,OBSERVED,69.6,OBSERVED,4655.0,OBSERVED,90.0,OBSERVED,19.4,OBSERVED,19.9,OBSERVED
580,Namakkal,Tamil Nadu,1.773,OBSERVED,39,OBSERVED,0.364,OBSERVED,8,OBSERVED,0,OBSERVED,2200000.0,OBSERVED,42.6,OBSERVED,10.2,OBSERVED,12.4,OBSERVED,82.0,OBSERVED,90.0,OBSERVED,21.85,OBSERVED,25.2,OBSERVED,10.3,OBSERVED,15.7,OBSERVED,68.8,OBSERVED,3.0,OBSERVED,75.2,OBSERVED,3435.0,OBSERVED,1.682,OBSERVED,0.682,OBSERVED,10.909,OBSERVED,8.0,OBSERVED,90.0,OBSERVED,68.8,OBSERVED,3.0,OBSERVED,15.7,OBSERVED,10.3,OBSERVED,25.2,OBSERVED,75.2,OBSERVED,3435.0,OBSERVED,90.0,OBSERVED,19.7,OBSERVED,24.0,OBSERVED
581,Perambalur,Tamil Nadu,1.773,OBSERVED,39,OBSERVED,0.364,OBSERVED,8,OBSERVED,0,OBSERVED,2200000.0,OBSERVED,42.6,OBSERVED,10.2,OBSERVED,12.4,OBSERVED,82.0,OBSERVED,90.0,OBSERVED,22.1,OBSERVED,29.1,OBSERVED,15.9,OBSERVED,22.3,OBSERVED,75.5,OBSERVED,3.0,OBSERVED,57.4,OBSERVED,3707.0,OBSERVED,2.318,OBSERVED,0.455,OBSERVED,9.227,OBSERVED,7.0,OBSERVED,90.0,OBSERVED,75.5,OBSERVED,3.0,OBSERVED,22.3,OBSERVED,15.9,OBSERVED,29.1,OBSERVED,57.4,OBSERVED,3707.0,OBSERVED,90.0,OBSERVED,21.0,OBSERVED,23.2,OBSERVED
582,Pudukkottai,Tamil Nadu,1.773,OBSERVED,39,OBSERVED,0.364,OBSERVED,8,OBSERVED,0,OBSERVED,2200000.0,OBSERVED,42.6,OBSERVED,10.2,OBSERVED,12.4,OBSERVED,82.0,OBSERVED,90.0,OBSERVED,20.75,OBSERVED,32.2,OBSERVED,9.5,OBSERVED,21.6,OBSERVED,72.9,OBSERVED,3.0,OBSERVED,55.2,OBSERVED,2610.0,OBSERVED,1.909,OBSERVED,0.591,OBSERVED,10.909,OBSERVED,12.0,OBSERVED,90.0,OBSERVED,72.9,OBSERVED,3.0,OBSERVED,21.6,OBSERVED,9.5,OBSERVED,32.2,OBSERVED,55.2,OBSERVED,2610.0,OBSERVED,90.0,OBSERVED,18.5,OBSERVED,23.0,OBSERVED
583,Ramanathapuram,Tamil Nadu,1.773,OBSERVED,39,OBSERVED,0.364,OBSERVED,8,OBSERVED,1,OBSERVED,2200000.0,OBSERVED,42.6,OBSERVED,10.2,OBSERVED,12.4,OBSERVED,82.0,OBSERVED,90.0,OBSERVED,18.7,OBSERVED,26.4,OBSERVED,17.7,OBSERVED,21.6,OBSERVED,69.7,OBSERVED,3.0,OBSERVED,78.6,OBSERVED,3729.0,OBSERVED,1.8864,IMPUTED_STATE_MEAN,0.6026,IMPUTED_STATE_MEAN,13.6474,IMPUTED_STATE_MEAN,8.8824,IMPUTED_STATE_MEAN,90.0,OBSERVED,69.7,OBSERVED,3.0,OBSERVED,21.6,OBSERVED,17.7,OBSERVED,26.4,OBSERVED,78.6,OBSERVED,3729.0,OBSERVED,90.0,OBSERVED,17.2,OBSERVED,20.2,OBSERVED
731,Ranipet,Tamil Nadu,1.773,OBSERVED,39,OBSERVED,0.364,OBSERVED,8,OBSERVED,0,OBSERVED,2200000.0,OBSERVED,42.6,OBSERVED,10.2,OBSERVED,12.4,OBSERVED,82.0,OBSERVED,90.0,INHERITED_FROM_595,20.9,INHERITED_FROM_595,29.8,INHERITED_FROM_595,13.1,INHERITED_FROM_595,19.7,INHERITED_FROM_595,71.4,INHERITED_FROM_595,3.0,INHERITED_FROM_595,76.2,INHERITED_FROM_595,2272.0,INHERITED_FROM_595,2.5,INHERITED_FROM_595,0.909,INHERITED_FROM_595,20.636,INHERITED_FROM_595,10.0,INHERITED_FROM_595,90.0,IMPUTED_STATE_MEAN,67.8,IMPUTED_STATE_MEAN,3.0,IMPUTED_STATE_MEAN,22.3258,IMPUTED_STATE_MEAN,14.8419,IMPUTED_STATE_MEAN,25.3161,IMPUTED_STATE_MEAN,72.1194,IMPUTED_STATE_MEAN,3327.4839,IMPUTED_STATE_MEAN,90.0,IMPUTED_STATE_MEAN,20.5419,IMPUTED_STATE_MEAN,22.2452,IMPUTED_STATE_MEAN
584,Salem,Tamil Nadu,1.293,OBSERVED,45,OBSERVED,0.374,OBSERVED,13,OBSERVED,0,OBSERVED,3480000.0,OBSERVED,52.84,OBSERVED,10.2,OBSERVED,12.4,OBSERVED,82.0,OBSERVED,90.0,OBSERVED,20.35,OBSERVED,23.6,OBSERVED,10.1,OBSERVED,20.8,OBSERVED,67.5,OBSERVED,3.0,OBSERVED,64.5,OBSERVED,3965.0,OBSERVED,1.695,OBSERVED,0.575,OBSERVED,11.437,OBSERVED,9.0,OBSERVED,90.0,OBSERVED,67.5,OBSERVED,3.0,OBSERVED,20.8,OBSERVED,10.1,OBSERVED,23.6,OBSERVED,64.5,OBSERVED,3965.0,OBSERVED,90.0,OBSERVED,18.0,OBSERVED,22.7,OBSERVED
585,Sivaganga,Tamil Nadu,1.773,OBSERVED,39,OBSERVED,0.364,OBSERVED,8,OBSERVED,0,OBSERVED,2200000.0,OBSERVED,42.6,OBSERVED,10.2,OBSERVED,12.4,OBSERVED,82.0,OBSERVED,90.0,OBSERVED,24.45,OBSERVED,27.6,OBSERVED,22.8,OBSERVED,28.4,OBSERVED,67.7,OBSERVED,3.0,OBSERVED,74.4,OBSERVED,3143.0,OBSERVED,1.636,OBSERVED,0.545,OBSERVED,12.5,OBSERVED,10.0,OBSERVED,90.0,OBSERVED,67.7,OBSERVED,3.0,OBSERVED,28.4,OBSERVED,22.8,OBSERVED,27.6,OBSERVED,74.4,OBSERVED,3143.0,OBSERVED,90.0,OBSERVED,22.7,OBSERVED,26.2,OBSERVED
733,Tenkasi,Tamil Nadu,1.773,OBSERVED,39,OBSERVED,0.364,OBSERVED,8,OBSERVED,0,OBSERVED,2200000.0,OBSERVED,42.6,OBSERVED,10.2,OBSERVED,12.4,OBSERVED,82.0,OBSERVED,90.0,INHERITED_FROM_592,21.65,INHERITED_FROM_592,29.4,INHERITED_FROM_592,12.0,INHERITED_FROM_592,22.7,INHERITED_FROM_592,61.3,INHERITED_FROM_592,3.0,INHERITED_FROM_592,79.8,INHERITED_FROM_592,3281.0,INHERITED_FROM_592,2.273,INHERITED_FROM_592,0.864,INHERITED_FROM_592,17.409,INHERITED_FROM_592,13.0,INHERITED_FROM_592,90.0,IMPUTED_STATE_MEAN,67.8,IMPUTED_STATE_MEAN,3.0,IMPUTED_STATE_MEAN,22.3258,IMPUTED_STATE_MEAN,14.8419,IMPUTED_STATE_MEAN,25.3161,IMPUTED_STATE_MEAN,72.1194,IMPUTED_STATE_MEAN,3327.4839,IMPUTED_STATE_MEAN,90.0,IMPUTED_STATE_MEAN,20.5419,IMPUTED_STATE_MEAN,22.2452,IMPUTED_STATE_MEAN
586,Thanjavur,Tamil Nadu,1.773,OBSERVED,39,OBSERVED,0.364,OBSERVED,8,OBSERVED,0,OBSERVED,2200000.0,OBSERVED,42.6,OBSERVED,10.2,OBSERVED,12.4,OBSERVED,82.0,OBSERVED,90.0,OBSERVED,26.15,OBSERVED,19.6,OBSERVED,8.3,OBSERVED,21.9,OBSERVED,70.6,OBSERVED,3.0,OBSERVED,79.6,OBSERVED,3425.0,OBSERVED,2.227,OBSERVED,0.636,OBSERVED,14.045,OBSERVED,13.0,OBSERVED,90.0,OBSERVED,70.6,OBSERVED,3.0,OBSERVED,21.9,OBSERVED,8.3,OBSERVED,19.6,OBSERVED,79.6,OBSERVED,3425.0,OBSERVED,90.0,OBSERVED,23.3,OBSERVED,29.0,OBSERVED
587,The Nilgiris,Tamil Nadu,1.773,OBSERVED,39,OBSERVED,0.364,OBSERVED,8,OBSERVED,0,OBSERVED,2200000.0,OBSERVED,42.6,OBSERVED,10.2,OBSERVED,12.4,OBSERVED,82.0,OBSERVED,90.0,OBSERVED,14.3,OBSERVED,26.7,OBSERVED,17.3,OBSERVED,23.2,OBSERVED,74.5,OBSERVED,3.0,OBSERVED,83.6,OBSERVED,3438.0,OBSERVED,1.182,OBSERVED,0.182,OBSERVED,8.818,OBSERVED,6.0,OBSERVED,90.0,OBSERVED,74.5,OBSERVED,3.0,OBSERVED,23.2,OBSERVED,17.3,OBSERVED,26.7,OBSERVED,83.6,OBSERVED,3438.0,OBSERVED,90.0,OBSERVED,13.6,OBSERVED,15.0,OBSERVED
588,Theni,Tamil Nadu,1.773,OBSERVED,39,OBSERVED,0.364,OBSERVED,8,OBSERVED,0,OBSERVED,2200000.0,OBSERVED,42.6,OBSERVED,10.2,OBSERVED,12.4,OBSERVED,82.0,OBSERVED,90.0,OBSERVED,23.0,OBSERVED,20.2,OBSERVED,15.5,OBSERVED,18.8,OBSERVED,67.4,OBSERVED,3.0,OBSERVED,74.4,OBSERVED,1773.0,OBSERVED,1.0,OBSERVED,0.364,OBSERVED,7.364,OBSERVED,6.0,OBSERVED,90.0,OBSERVED,67.4,OBSERVED,3.0,OBSERVED,18.8,OBSERVED,15.5,OBSERVED,20.2,OBSERVED,74.4,OBSERVED,1773.0,OBSERVED,90.0,OBSERVED,22.9,OBSERVED,23.1,OBSERVED
589,Thiruvallur,Tamil Nadu,1.773,OBSERVED,39,OBSERVED,0.364,OBSERVED,8,OBSERVED,0,OBSERVED,2200000.0,OBSERVED,42.6,OBSERVED,10.2,OBSERVED,12.4,OBSERVED,82.0,OBSERVED,90.0,OBSERVED,22.95,OBSERVED,18.1,OBSERVED,17.0,OBSERVED,20.6,OBSERVED,57.4,OBSERVED,3.0,OBSERVED,75.6,OBSERVED,3668.0,OBSERVED,1.545,OBSERVED,0.636,OBSERVED,13.773,OBSERVED,11.0,OBSERVED,90.0,OBSERVED,57.4,OBSERVED,3.0,OBSERVED,20.6,OBSERVED,17.0,OBSERVED,18.1,OBSERVED,75.6,OBSERVED,3668.0,OBSERVED,90.0,OBSERVED,22.5,OBSERVED,23.4,OBSERVED
590,Thiruvarur,Tamil Nadu,1.773,OBSERVED,39,OBSERVED,0.364,OBSERVED,8,OBSERVED,0,OBSERVED,2200000.0,OBSERVED,42.6,OBSERVED,10.2,OBSERVED,12.4,OBSERVED,82.0,OBSERVED,90.0,OBSERVED,26.2,OBSERVED,19.8,OBSERVED,18.4,OBSERVED,21.5,OBSERVED,75.2,OBSERVED,3.0,OBSERVED,71.0,OBSERVED,4590.0,OBSERVED,1.455,OBSERVED,0.455,OBSERVED,8.864,OBSERVED,7.0,OBSERVED,90.0,OBSERVED,75.2,OBSERVED,3.0,OBSERVED,21.5,OBSERVED,18.4,OBSERVED,19.8,OBSERVED,71.0,OBSERVED,4590.0,OBSERVED,90.0,OBSERVED,26.5,OBSERVED,25.9,OBSERVED
594,Thoothukkudi,Tamil Nadu,1.773,OBSERVED,39,OBSERVED,0.364,OBSERVED,8,OBSERVED,0,OBSERVED,2200000.0,OBSERVED,42.6,OBSERVED,10.2,OBSERVED,12.4,OBSERVED,82.0,OBSERVED,90.0,OBSERVED,23.7,OBSERVED,20.3,OBSERVED,18.4,OBSERVED,21.0,OBSERVED,57.8,OBSERVED,3.0,OBSERVED,79.4,OBSERVED,3180.0,OBSERVED,1.636,OBSERVED,0.545,OBSERVED,11.318,OBSERVED,9.0,OBSERVED,90.0,OBSERVED,57.8,OBSERVED,3.0,OBSERVED,21.0,OBSERVED,18.4,OBSERVED,20.3,OBSERVED,79.4,OBSERVED,3180.0,OBSERVED,90.0,OBSERVED,22.0,OBSERVED,25.4,OBSERVED
591,Tiruchirappalli,Tamil Nadu,1.765,OBSERVED,48,OBSERVED,0.368,OBSERVED,10,OBSERVED,0,OBSERVED,2720000.0,OBSERVED,46.76,OBSERVED,10.2,OBSERVED,12.4,OBSERVED,82.0,OBSERVED,90.0,OBSERVED,24.6,OBSERVED,27.6,OBSERVED,20.9,OBSERVED,27.4,OBSERVED,67.8,OBSERVED,3.0,OBSERVED,67.1,OBSERVED,2593.0,OBSERVED,1.8864,IMPUTED_STATE_MEAN,0.6026,IMPUTED_STATE_MEAN,13.6474,IMPUTED_STATE_MEAN,8.8824,IMPUTED_STATE_MEAN,90.0,OBSERVED,67.8,OBSERVED,3.0,OBSERVED,27.4,OBSERVED,20.9,OBSERVED,27.6,OBSERVED,67.1,OBSERVED,2593.0,OBSERVED,90.0,OBSERVED,22.7,OBSERVED,26.5,OBSERVED
592,Tirunelveli,Tamil Nadu,1.773,OBSERVED,39,OBSERVED,0.364,OBSERVED,8,OBSERVED,0,OBSERVED,2200000.0,OBSERVED,42.6,OBSERVED,10.2,OBSERVED,12.4,OBSERVED,82.0,OBSERVED,90.0,OBSERVED,21.65,OBSERVED,29.4,OBSERVED,12.0,OBSERVED,22.7,OBSERVED,61.3,OBSERVED,3.0,OBSERVED,79.8,OBSERVED,3281.0,OBSERVED,2.273,OBSERVED,0.864,OBSERVED,17.409,OBSERVED,13.0,OBSERVED,90.0,OBSERVED,61.3,OBSERVED,3.0,OBSERVED,22.7,OBSERVED,12.0,OBSERVED,29.4,OBSERVED,79.8,OBSERVED,3281.0,OBSERVED,90.0,OBSERVED,21.0,OBSERVED,22.3,OBSERVED
732,Tirupathur,Tamil Nadu,1.773,OBSERVED,39,OBSERVED,0.364,OBSERVED,8,OBSERVED,0,OBSERVED,2200000.0,OBSERVED,42.6,OBSERVED,10.2,OBSERVED,12.4,OBSERVED,82.0,OBSERVED,90.0,INHERITED_FROM_595,20.9,INHERITED_FROM_595,29.8,INHERITED_FROM_595,13.1,INHERITED_FROM_595,19.7,INHERITED_FROM_595,71.4,INHERITED_FROM_595,3.0,INHERITED_FROM_595,76.2,INHERITED_FROM_595,2272.0,INHERITED_FROM_595,2.5,INHERITED_FROM_595,0.909,INHERITED_FROM_595,20.636,INHERITED_FROM_595,10.0,INHERITED_FROM_595,90.0,IMPUTED_STATE_MEAN,67.8,IMPUTED_STATE_MEAN,3.0,IMPUTED_STATE_MEAN,22.3258,IMPUTED_STATE_MEAN,14.8419,IMPUTED_STATE_MEAN,25.3161,IMPUTED_STATE_MEAN,72.1194,IMPUTED_STATE_MEAN,3327.4839,IMPUTED_STATE_MEAN,90.0,IMPUTED_STATE_MEAN,20.5419,IMPUTED_STATE_MEAN,22.2452,IMPUTED_STATE_MEAN
634,Tiruppur,Tamil Nadu,1.773,OBSERVED,39,OBSERVED,0.364,OBSERVED,8,OBSERVED,0,OBSERVED,2200000.0,OBSERVED,42.6,OBSERVED,10.2,OBSERVED,12.4,OBSERVED,82.0,OBSERVED,90.0,OBSERVED,18.45,OBSERVED,21.5,OBSERVED,15.3,OBSERVED,23.1,OBSERVED,59.9,OBSERVED,3.0,OBSERVED,75.9,OBSERVED,5017.0,OBSERVED,1.364,OBSERVED,0.591,OBSERVED,11.0,OBSERVED,8.0,OBSERVED,90.0,OBSERVED,59.9,OBSERVED,3.0,OBSERVED,23.1,OBSERVED,15.3,OBSERVED,21.5,OBSERVED,75.9,OBSERVED,5017.0,OBSERVED,90.0,OBSERVED,18.3,OBSERVED,18.6,OBSERVED
593,Tiruvannamalai,Tamil Nadu,1.773,OBSERVED,39,OBSERVED,0.364,OBSERVED,8,OBSERVED,0,OBSERVED,2200000.0,OBSERVED,42.6,OBSERVED,10.2,OBSERVED,12.4,OBSERVED,82.0,OBSERVED,90.0,OBSERVED,20.3,OBSERVED,30.6,OBSERVED,14.8,OBSERVED,25.0,OBSERVED,69.6,OBSERVED,3.0,OBSERVED,61.7,OBSERVED,2724.0,OBSERVED,3.318,OBSERVED,0.818,OBSERVED,18.636,OBSERVED,7.0,OBSERVED,90.0,OBSERVED,69.6,OBSERVED,3.0,OBSERVED,25.0,OBSERVED,14.8,OBSERVED,30.6,OBSERVED,61.7,OBSERVED,2724.0,OBSERVED,90.0,OBSERVED,18.8,OBSERVED,21.8,OBSERVED
595,Vellore,Tamil Nadu,1.773,OBSERVED,39,OBSERVED,0.364,OBSERVED,8,OBSERVED,0,OBSERVED,2200000.0,OBSERVED,42.6,OBSERVED,10.2,OBSERVED,12.4,OBSERVED,82.0,OBSERVED,90.0,OBSERVED,20.9,OBSERVED,29.8,OBSERVED,13.1,OBSERVED,19.7,OBSERVED,71.4,OBSERVED,3.0,OBSERVED,76.2,OBSERVED,2272.0,OBSERVED,2.5,OBSERVED,0.909,OBSERVED,20.636,OBSERVED,10.0,OBSERVED,90.0,OBSERVED,71.4,OBSERVED,3.0,OBSERVED,19.7,OBSERVED,13.1,OBSERVED,29.8,OBSERVED,76.2,OBSERVED,2272.0,OBSERVED,90.0,OBSERVED,20.4,OBSERVED,21.4,OBSERVED
596,Viluppuram,Tamil Nadu,1.773,OBSERVED,39,OBSERVED,0.364,OBSERVED,8,OBSERVED,0,OBSERVED,2200000.0,OBSERVED,42.6,OBSERVED,10.2,OBSERVED,12.4,OBSERVED,82.0,OBSERVED,90.0,OBSERVED,18.8,OBSERVED,23.9,OBSERVED,12.4,OBSERVED,20.5,OBSERVED,77.6,OBSERVED,3.0,OBSERVED,53.8,OBSERVED,3255.0,OBSERVED,3.091,OBSERVED,1.0,OBSERVED,25.318,OBSERVED,9.0,OBSERVED,90.0,OBSERVED,77.6,OBSERVED,3.0,OBSERVED,20.5,OBSERVED,12.4,OBSERVED,23.9,OBSERVED,53.8,OBSERVED,3255.0,OBSERVED,90.0,OBSERVED,17.7,OBSERVED,19.9,OBSERVED
597,Virudhunagar,Tamil Nadu,1.773,OBSERVED,39,OBSERVED,0.364,OBSERVED,8,OBSERVED,1,OBSERVED,2200000.0,OBSERVED,42.6,OBSERVED,10.2,OBSERVED,12.4,OBSERVED,82.0,OBSERVED,90.0,OBSERVED,20.4,OBSERVED,29.2,OBSERVED,14.4,OBSERVED,23.7,OBSERVED,51.3,OBSERVED,3.0,OBSERVED,59.8,OBSERVED,2607.0,OBSERVED,1.364,OBSERVED,0.5,OBSERVED,11.136,OBSERVED,9.0,OBSERVED,90.0,OBSERVED,51.3,OBSERVED,3.0,OBSERVED,23.7,OBSERVED,14.4,OBSERVED,29.2,OBSERVED,59.8,OBSERVED,2607.0,OBSERVED,90.0,OBSERVED,19.2,OBSERVED,21.6,OBSERVED
501,Adilabad,Telangana,1.773,OBSERVED,39,OBSERVED,0.364,OBSERVED,8,OBSERVED,0,OBSERVED,2200000.0,OBSERVED,42.6,OBSERVED,10.2,OBSERVED,12.4,OBSERVED,76.0,OBSERVED,90.0,OBSERVED,11.8,OBSERVED,45.7,OBSERVED,29.5,OBSERVED,52.0,OBSERVED,63.6,OBSERVED,3.0,OBSERVED,50.8,OBSERVED,4105.0,OBSERVED,3.182,OBSERVED,0.591,OBSERVED,21.364,OBSERVED,2.0,OBSERVED,90.0,OBSERVED,63.6,OBSERVED,3.0,OBSERVED,52.0,OBSERVED,29.5,OBSERVED,45.7,OBSERVED,50.8,OBSERVED,4105.0,OBSERVED,90.0,OBSERVED,10.8,OBSERVED,12.8,OBSERVED
690,Bhadradri Kothagudem,Telangana,1.773,OBSERVED,39,OBSERVED,0.364,OBSERVED,8,OBSERVED,1,OBSERVED,2200000.0,OBSERVED,42.6,OBSERVED,10.2,OBSERVED,12.4,OBSERVED,76.0,OBSERVED,90.0,OBSERVED,18.35,OBSERVED,28.4,OBSERVED,21.8,OBSERVED,25.3,OBSERVED,59.4,OBSERVED,3.0,OBSERVED,75.3,OBSERVED,3255.0,OBSERVED,3.136,INHERITED_FROM_509,0.591,INHERITED_FROM_509,26.864,INHERITED_FROM_509,3.0,INHERITED_FROM_509,90.0,OBSERVED,59.4,OBSERVED,3.0,OBSERVED,25.3,OBSERVED,21.8,OBSERVED,28.4,OBSERVED,75.3,OBSERVED,3255.0,OBSERVED,90.0,OBSERVED,18.3,OBSERVED,18.4,OBSERVED
686,Hanumakonda,Telangana,1.773,OBSERVED,39,OBSERVED,0.364,OBSERVED,8,OBSERVED,0,OBSERVED,2200000.0,OBSERVED,42.6,OBSERVED,10.2,OBSERVED,12.4,OBSERVED,76.0,OBSERVED,90.0,OBSERVED,18.05,OBSERVED,29.5,OBSERVED,29.5,OBSERVED,36.0,OBSERVED,62.0,OBSERVED,3.0,OBSERVED,81.2,OBSERVED,2825.0,OBSERVED,3.136,INHERITED_FROM_522,0.636,INHERITED_FROM_522,27.5,INHERITED_FROM_522,2.0,INHERITED_FROM_522,90.0,OBSERVED,62.0,OBSERVED,3.0,OBSERVED,36.0,OBSERVED,29.5,OBSERVED,29.5,OBSERVED,81.2,OBSERVED,2825.0,OBSERVED,90.0,OBSERVED,17.1,OBSERVED,19.0,OBSERVED
507,Hyderabad,Telangana,3.249,OBSERVED,128,OBSERVED,10.66,OBSERVED,420,OBSERVED,0,OBSERVED,3940000.0,OBSERVED,85.0,OBSERVED,10.2,OBSERVED,12.4,OBSERVED,76.0,OBSERVED,90.0,OBSERVED,24.0,OBSERVED,30.4,OBSERVED,17.7,OBSERVED,18.9,OBSERVED,48.9,OBSERVED,3.0,OBSERVED,84.4,OBSERVED,2815.0,OBSERVED,0.254,OBSERVED,0.0,OBSERVED,1.345,OBSERVED,5.0,OBSERVED,90.0,OBSERVED,48.9,OBSERVED,3.0,OBSERVED,18.9,OBSERVED,17.7,OBSERVED,30.4,OBSERVED,84.4,OBSERVED,2815.0,OBSERVED,90.0,OBSERVED,21.2,OBSERVED,26.8,OBSERVED
681,Jagitial,Telangana,1.773,OBSERVED,39,OBSERVED,0.364,OBSERVED,8,OBSERVED,0,OBSERVED,2200000.0,OBSERVED,42.6,OBSERVED,10.2,OBSERVED,12.4,OBSERVED,76.0,OBSERVED,90.0,OBSERVED,17.5,OBSERVED,29.9,OBSERVED,17.5,OBSERVED,32.3,OBSERVED,59.2,OBSERVED,3.0,OBSERVED,76.5,OBSERVED,3494.0,OBSERVED,3.182,INHERITED_FROM_508,0.727,INHERITED_FROM_508,26.364,INHERITED_FROM_508,4.0,INHERITED_FROM_508,90.0,OBSERVED,59.2,OBSERVED,3.0,OBSERVED,32.3,OBSERVED,17.5,OBSERVED,29.9,OBSERVED,76.5,OBSERVED,3494.0,OBSERVED,90.0,OBSERVED,15.5,OBSERVED,19.5,OBSERVED
689,Jangoan,Telangana,1.773,OBSERVED,39,OBSERVED,0.364,OBSERVED,8,OBSERVED,0,OBSERVED,2200000.0,OBSERVED,42.6,OBSERVED,10.2,OBSERVED,12.4,OBSERVED,76.0,OBSERVED,90.0,OBSERVED,16.35,OBSERVED,33.4,OBSERVED,22.9,OBSERVED,30.9,OBSERVED,71.7,OBSERVED,3.0,OBSERVED,84.3,OBSERVED,4741.0,OBSERVED,3.136,INHERITED_FROM_522,0.636,INHERITED_FROM_522,27.5,INHERITED_FROM_522,2.0,INHERITED_FROM_522,90.0,OBSERVED,71.7,OBSERVED,3.0,OBSERVED,30.9,OBSERVED,22.9,OBSERVED,33.4,OBSERVED,84.3,OBSERVED,4741.0,OBSERVED,90.0,OBSERVED,14.4,OBSERVED,18.3,OBSERVED
687,Jayashankar Bhupalapally,Telangana,1.773,OBSERVED,39,OBSERVED,0.364,OBSERVED,8,OBSERVED,1,OBSERVED,2200000.0,OBSERVED,42.6,OBSERVED,10.2,OBSERVED,12.4,OBSERVED,76.0,OBSERVED,90.0,OBSERVED,15.45,OBSERVED,32.5,OBSERVED,31.8,OBSERVED,36.7,OBSERVED,71.5,OBSERVED,3.0,OBSERVED,65.6,OBSERVED,5993.0,OBSERVED,3.136,INHERITED_FROM_522,0.636,INHERITED_FROM_522,27.5,INHERITED_FROM_522,2.0,INHERITED_FROM_522,90.0,OBSERVED,71.5,OBSERVED,3.0,OBSERVED,36.7,OBSERVED,31.8,OBSERVED,32.5,OBSERVED,65.6,OBSERVED,5993.0,OBSERVED,90.0,OBSERVED,13.5,OBSERVED,17.4,OBSERVED
695,Jogulamba Gadwal,Telangana,1.773,OBSERVED,39,OBSERVED,0.364,OBSERVED,8,OBSERVED,0,OBSERVED,2200000.0,OBSERVED,42.6,OBSERVED,10.2,OBSERVED,12.4,OBSERVED,76.0,OBSERVED,90.0,OBSERVED,11.8,OBSERVED,49.7,OBSERVED,17.3,OBSERVED,41.7,OBSERVED,61.8,OBSERVED,3.0,OBSERVED,73.7,OBSERVED,2832.0,OBSERVED,2.9719,IMPUTED_STATE_MEAN,0.5272,IMPUTED_STATE_MEAN,24.0194,IMPUTED_STATE_MEAN,3.28,IMPUTED_STATE_MEAN,90.0,OBSERVED,61.8,OBSERVED,3.0,OBSERVED,41.7,OBSERVED,17.3,OBSERVED,49.7,OBSERVED,73.7,OBSERVED,2832.0,OBSERVED,90.0,OBSERVED,9.3,OBSERVED,14.3,OBSERVED
685,Kamareddy,Telangana,1.773,OBSERVED,39,OBSERVED,0.364,OBSERVED,8,OBSERVED,0,OBSERVED,2200000.0,OBSERVED,42.6,OBSERVED,10.2,OBSERVED,12.4,OBSERVED,76.0,OBSERVED,90.0,OBSERVED,15.2,OBSERVED,33.4,OBSERVED,34.5,OBSERVED,43.9,OBSERVED,66.5,OBSERVED,3.0,OBSERVED,68.2,OBSERVED,5957.0,OBSERVED,2.273,INHERITED_FROM_516,0.636,INHERITED_FROM_516,18.727,INHERITED_FROM_516,4.0,INHERITED_FROM_516,90.0,OBSERVED,66.5,OBSERVED,3.0,OBSERVED,43.9,OBSERVED,34.5,OBSERVED,33.4,OBSERVED,68.2,OBSERVED,5957.0,OBSERVED,90.0,OBSERVED,12.9,OBSERVED,17.5,OBSERVED
508,Karimnagar,Telangana,1.773,OBSERVED,39,OBSERVED,0.364,OBSERVED,8,OBSERVED,0,OBSERVED,2200000.0,OBSERVED,42.6,OBSERVED,10.2,OBSERVED,12.4,OBSERVED,76.0,OBSERVED,90.0,OBSERVED,18.4,OBSERVED,30.3,OBSERVED,13.9,OBSERVED,27.5,OBSERVED,58.6,OBSERVED,3.0,OBSERVED,78.8,OBSERVED,4573.0,OBSERVED,3.182,OBSERVED,0.727,OBSERVED,26.364,OBSERVED,4.0,OBSERVED,90.0,OBSERVED,58.6,OBSERVED,3.0,OBSERVED,27.5,OBSERVED,13.9,OBSERVED,30.3,OBSERVED,78.8,OBSERVED,4573.0,OBSERVED,90.0,OBSERVED,16.8,OBSERVED,20.0,OBSERVED
509,Khammam,Telangana,1.773,OBSERVED,39,OBSERVED,0.364,OBSERVED,8,OBSERVED,0,OBSERVED,2200000.0,OBSERVED,42.6,OBSERVED,10.2,OBSERVED,12.4,OBSERVED,76.0,OBSERVED,90.0,OBSERVED,17.7,OBSERVED,22.2,OBSERVED,24.7,OBSERVED,26.2,OBSERVED,60.4,OBSERVED,3.0,OBSERVED,84.5,OBSERVED,3771.0,OBSERVED,3.136,OBSERVED,0.591,OBSERVED,26.864,OBSERVED,3.0,OBSERVED,90.0,OBSERVED,60.4,OBSERVED,3.0,OBSERVED,26.2,OBSERVED,24.7,OBSERVED,22.2,OBSERVED,84.5,OBSERVED,3771.0,OBSERVED,90.0,OBSERVED,17.7,OBSERVED,17.7,OBSERVED
699,Kumuram Bheem Asifabad,Telangana,1.773,OBSERVED,39,OBSERVED,0.364,OBSERVED,8,OBSERVED,1,OBSERVED,2200000.0,OBSERVED,42.6,OBSERVED,10.2,OBSERVED,12.4,OBSERVED,76.0,OBSERVED,90.0,OBSERVED,10.0,OBSERVED,38.1,OBSERVED,35.7,OBSERVED,41.1,OBSERVED,63.6,OBSERVED,3.0,OBSERVED,54.0,OBSERVED,4121.0,OBSERVED,3.182,INHERITED_FROM_501,0.591,INHERITED_FROM_501,21.364,INHERITED_FROM_501,2.0,INHERITED_FROM_501,90.0,OBSERVED,63.6,OBSERVED,3.0,OBSERVED,41.1,OBSERVED,35.7,OBSERVED,38.1,OBSERVED,54.0,OBSERVED,4121.0,OBSERVED,90.0,OBSERVED,8.4,OBSERVED,11.6,OBSERVED
688,Mahabubabad,Telangana,1.773,OBSERVED,39,OBSERVED,0.364,OBSERVED,8,OBSERVED,0,OBSERVED,2200000.0,OBSERVED,42.6,OBSERVED,10.2,OBSERVED,12.4,OBSERVED,76.0,OBSERVED,90.0,OBSERVED,15.3,OBSERVED,33.0,OBSERVED,19.3,OBSERVED,26.3,OBSERVED,69.3,OBSERVED,3.0,OBSERVED,68.6,OBSERVED,3234.0,OBSERVED,3.136,INHERITED_FROM_522,0.636,INHERITED_FROM_522,27.5,INHERITED_FROM_522,2.0,INHERITED_FROM_522,90.0,OBSERVED,69.3,OBSERVED,3.0,OBSERVED,26.3,OBSERVED,19.3,OBSERVED,33.0,OBSERVED,68.6,OBSERVED,3234.0,OBSERVED,90.0,OBSERVED,14.1,OBSERVED,16.5,OBSERVED
512,Mahabubnagar,Telangana,1.773,OBSERVED,39,OBSERVED,0.364,OBSERVED,8,OBSERVED,0,OBSERVED,2200000.0,OBSERVED,42.6,OBSERVED,10.2,OBSERVED,12.4,OBSERVED,76.0,OBSERVED,90.0,OBSERVED,12.5,OBSERVED,42.6,OBSERVED,17.8,OBSERVED,33.0,OBSERVED,70.3,OBSERVED,3.0,OBSERVED,73.7,OBSERVED,2369.0,OBSERVED,2.9719,IMPUTED_STATE_MEAN,0.5272,IMPUTED_STATE_MEAN,24.0194,IMPUTED_STATE_MEAN,3.28,IMPUTED_STATE_MEAN,90.0,OBSERVED,70.3,OBSERVED,3.0,OBSERVED,33.0,OBSERVED,17.8,OBSERVED,42.6,OBSERVED,73.7,OBSERVED,2369.0,OBSERVED,90.0,OBSERVED,10.8,OBSERVED,14.2,OBSERVED
684,Mancherial,Telangana,1.773,OBSERVED,39,OBSERVED,0.364,OBSERVED,8,OBSERVED,0,OBSERVED,2200000.0,OBSERVED,42.6,OBSERVED,10.2,OBSERVED,12.4,OBSERVED,76.0,OBSERVED,90.0,OBSERVED,15.15,OBSERVED,25.9,OBSERVED,22.1,OBSERVED,27.4,OBSERVED,64.4,OBSERVED,3.0,OBSERVED,78.1,OBSERVED,3041.0,OBSERVED,3.182,INHERITED_FROM_501,0.591,INHERITED_FROM_501,21.364,INHERITED_FROM_501,2.0,INHERITED_FROM_501,90.0,OBSERVED,64.4,OBSERVED,3.0,OBSERVED,27.4,OBSERVED,22.1,OBSERVED,25.9,OBSERVED,78.1,OBSERVED,3041.0,OBSERVED,90.0,OBSERVED,14.2,OBSERVED,16.1,OBSERVED
513,Medak,Telangana,1.773,OBSERVED,39,OBSERVED,0.364,OBSERVED,8,OBSERVED,0,OBSERVED,2200000.0,OBSERVED,42.6,OBSERVED,10.2,OBSERVED,12.4,OBSERVED,76.0,OBSERVED,90.0,OBSERVED,16.75,OBSERVED,36.4,OBSERVED,21.3,OBSERVED,42.0,OBSERVED,61.2,OBSERVED,3.0,OBSERVED,78.2,OBSERVED,6139.0,OBSERVED,3.045,OBSERVED,0.364,OBSERVED,22.227,OBSERVED,4.0,OBSERVED,90.0,OBSERVED,61.2,OBSERVED,3.0,OBSERVED,42.0,OBSERVED,21.3,OBSERVED,36.4,OBSERVED,78.2,OBSERVED,6139.0,OBSERVED,90.0,OBSERVED,14.0,OBSERVED,19.5,OBSERVED
700,Medchal Malkajgiri,Telangana,1.773,OBSERVED,39,OBSERVED,12.727,OBSERVED,280,OBSERVED,0,OBSERVED,2200000.0,OBSERVED,42.6,OBSERVED,10.2,OBSERVED,12.4,OBSERVED,76.0,OBSERVED,90.0,OBSERVED,17.55,OBSERVED,33.4,OBSERVED,12.0,OBSERVED,25.0,OBSERVED,53.8,OBSERVED,3.0,OBSERVED,86.2,OBSERVED,3534.0,OBSERVED,2.9719,IMPUTED_STATE_MEAN,0.5272,IMPUTED_STATE_MEAN,24.0194,IMPUTED_STATE_MEAN,3.28,IMPUTED_STATE_MEAN,90.0,OBSERVED,53.8,OBSERVED,3.0,OBSERVED,25.0,OBSERVED,12.0,OBSERVED,33.4,OBSERVED,86.2,OBSERVED,3534.0,OBSERVED,90.0,OBSERVED,16.5,OBSERVED,18.6,OBSERVED
720,Mulugu,Telangana,1.773,OBSERVED,39,OBSERVED,0.364,OBSERVED,8,OBSERVED,0,OBSERVED,2200000.0,OBSERVED,42.6,OBSERVED,10.2,OBSERVED,12.4,OBSERVED,76.0,OBSERVED,90.0,INHERITED_FROM_522,16.85,INHERITED_FROM_522,36.1,INHERITED_FROM_522,19.0,INHERITED_FROM_522,37.9,INHERITED_FROM_522,72.0,INHERITED_FROM_522,3.0,INHERITED_FROM_522,74.3,INHERITED_FROM_522,3713.0,INHERITED_FROM_522,3.136,INHERITED_FROM_522,0.636,INHERITED_FROM_522,27.5,INHERITED_FROM_522,2.0,INHERITED_FROM_522,90.0,IMPUTED_STATE_MEAN,62.2935,IMPUTED_STATE_MEAN,3.0,IMPUTED_STATE_MEAN,32.7677,IMPUTED_STATE_MEAN,22.1419,IMPUTED_STATE_MEAN,33.1774,IMPUTED_STATE_MEAN,74.6097,IMPUTED_STATE_MEAN,3925.6774,IMPUTED_STATE_MEAN,90.0,IMPUTED_STATE_MEAN,14.1226,IMPUTED_STATE_MEAN,17.5774,IMPUTED_STATE_MEAN
694,Nagarkurnool,Telangana,1.773,OBSERVED,39,OBSERVED,0.364,OBSERVED,8,OBSERVED,0,OBSERVED,2200000.0,OBSERVED,42.6,OBSERVED,10.2,OBSERVED,12.4,OBSERVED,76.0,OBSERVED,90.0,OBSERVED,13.5,OBSERVED,35.1,OBSERVED,27.3,OBSERVED,30.9,OBSERVED,68.6,OBSERVED,3.0,OBSERVED,73.2,OBSERVED,2975.0,OBSERVED,2.9719,IMPUTED_STATE_MEAN,0.5272,IMPUTED_STATE_MEAN,24.0194,IMPUTED_STATE_MEAN,3.28,IMPUTED_STATE_MEAN,90.0,OBSERVED,68.6,OBSERVED,3.0,OBSERVED,30.9,OBSERVED,27.3,OBSERVED,35.1,OBSERVED,73.2,OBSERVED,2975.0,OBSERVED,90.0,OBSERVED,12.5,OBSERVED,14.5,OBSERVED
514,Nalgonda,Telangana,1.773,OBSERVED,39,OBSERVED,0.364,OBSERVED,8,OBSERVED,0,OBSERVED,2200000.0,OBSERVED,42.6,OBSERVED,10.2,OBSERVED,12.4,OBSERVED,76.0,OBSERVED,90.0,OBSERVED,15.4,OBSERVED,31.7,OBSERVED,29.8,OBSERVED,28.0,OBSERVED,64.8,OBSERVED,3.0,OBSERVED,76.4,OBSERVED,4320.0,OBSERVED,3.273,OBSERVED,0.182,OBSERVED,28.455,OBSERVED,5.0,OBSERVED,90.0,OBSERVED,64.8,OBSERVED,3.0,OBSERVED,28.0,OBSERVED,29.8,OBSERVED,31.7,OBSERVED,76.4,OBSERVED,4320.0,OBSERVED,90.0,OBSERVED,13.8,OBSERVED,17.0,OBSERVED
721,Narayanpet,Telangana,1.773,OBSERVED,39,OBSERVED,0.364,OBSERVED,8,OBSERVED,0,OBSERVED,2200000.0,OBSERVED,42.6,OBSERVED,10.2,OBSERVED,12.4,OBSERVED,76.0,OBSERVED,90.0,INHERITED_FROM_512,12.5,INHERITED_FROM_512,42.6,INHERITED_FROM_512,17.8,INHERITED_FROM_512,33.0,INHERITED_FROM_512,70.3,INHERITED_FROM_512,3.0,INHERITED_FROM_512,73.7,INHERITED_FROM_512,2369.0,INHERITED_FROM_512,2.9719,IMPUTED_STATE_MEAN,0.5272,IMPUTED_STATE_MEAN,24.0194,IMPUTED_STATE_MEAN,3.28,IMPUTED_STATE_MEAN,90.0,IMPUTED_STATE_MEAN,62.2935,IMPUTED_STATE_MEAN,3.0,IMPUTED_STATE_MEAN,32.7677,IMPUTED_STATE_MEAN,22.1419,IMPUTED_STATE_MEAN,33.1774,IMPUTED_STATE_MEAN,74.6097,IMPUTED_STATE_MEAN,3925.6774,IMPUTED_STATE_MEAN,90.0,IMPUTED_STATE_MEAN,14.1226,IMPUTED_STATE_MEAN,17.5774,IMPUTED_STATE_MEAN
680,Nirmal,Telangana,1.773,OBSERVED,39,OBSERVED,0.364,OBSERVED,8,OBSERVED,0,OBSERVED,2200000.0,OBSERVED,42.6,OBSERVED,10.2,OBSERVED,12.4,OBSERVED,76.0,OBSERVED,90.0,OBSERVED,13.75,OBSERVED,31.7,OBSERVED,18.1,OBSERVED,33.4,OBSERVED,49.9,OBSERVED,3.0,OBSERVED,63.6,OBSERVED,5080.0,OBSERVED,3.182,INHERITED_FROM_501,0.591,INHERITED_FROM_501,21.364,INHERITED_FROM_501,2.0,INHERITED_FROM_501,90.0,OBSERVED,49.9,OBSERVED,3.0,OBSERVED,33.4,OBSERVED,18.1,OBSERVED,31.7,OBSERVED,63.6,OBSERVED,5080.0,OBSERVED,90.0,OBSERVED,11.7,OBSERVED,15.8,OBSERVED
516,Nizamabad,Telangana,1.773,OBSERVED,39,OBSERVED,0.364,OBSERVED,8,OBSERVED,0,OBSERVED,2200000.0,OBSERVED,42.6,OBSERVED,10.2,OBSERVED,12.4,OBSERVED,76.0,OBSERVED,90.0,OBSERVED,14.55,OBSERVED,30.5,OBSERVED,26.2,OBSERVED,38.4,OBSERVED,52.3,OBSERVED,3.0,OBSERVED,72.5,OBSERVED,5262.0,OBSERVED,2.273,OBSERVED,0.636,OBSERVED,18.727,OBSERVED,4.0,OBSERVED,90.0,OBSERVED,52.3,OBSERVED,3.0,OBSERVED,38.4,OBSERVED,26.2,OBSERVED,30.5,OBSERVED,72.5,OBSERVED,5262.0,OBSERVED,90.0,OBSERVED,13.5,OBSERVED,15.6,OBSERVED
682,Peddapalli,Telangana,1.773,OBSERVED,39,OBSERVED,0.364,OBSERVED,8,OBSERVED,0,OBSERVED,2200000.0,OBSERVED,42.6,OBSERVED,10.2,OBSERVED,12.4,OBSERVED,76.0,OBSERVED,90.0,OBSERVED,15.25,OBSERVED,27.5,OBSERVED,28.8,OBSERVED,33.1,OBSERVED,59.1,OBSERVED,3.0,OBSERVED,77.8,OBSERVED,3850.0,OBSERVED,3.182,INHERITED_FROM_508,0.727,INHERITED_FROM_508,26.364,INHERITED_FROM_508,4.0,INHERITED_FROM_508,90.0,OBSERVED,59.1,OBSERVED,3.0,OBSERVED,33.1,OBSERVED,28.8,OBSERVED,27.5,OBSERVED,77.8,OBSERVED,3850.0,OBSERVED,90.0,OBSERVED,13.7,OBSERVED,16.8,OBSERVED
683,Rajanna Sircilla,Telangana,1.773,OBSERVED,39,OBSERVED,0.364,OBSERVED,8,OBSERVED,0,OBSERVED,2200000.0,OBSERVED,42.6,OBSERVED,10.2,OBSERVED,12.4,OBSERVED,76.0,OBSERVED,90.0,OBSERVED,16.75,OBSERVED,22.4,OBSERVED,19.4,OBSERVED,26.1,OBSERVED,62.8,OBSERVED,3.0,OBSERVED,77.4,OBSERVED,3065.0,OBSERVED,3.182,INHERITED_FROM_508,0.727,INHERITED_FROM_508,26.364,INHERITED_FROM_508,4.0,INHERITED_FROM_508,90.0,OBSERVED,62.8,OBSERVED,3.0,OBSERVED,26.1,OBSERVED,19.4,OBSERVED,22.4,OBSERVED,77.4,OBSERVED,3065.0,OBSERVED,90.0,OBSERVED,13.2,OBSERVED,20.3,OBSERVED
518,Ranga Reddy,Telangana,1.773,OBSERVED,39,OBSERVED,0.364,OBSERVED,8,OBSERVED,0,OBSERVED,2200000.0,OBSERVED,42.6,OBSERVED,10.2,OBSERVED,12.4,OBSERVED,76.0,OBSERVED,90.0,OBSERVED,17.45,OBSERVED,37.8,OBSERVED,13.9,OBSERVED,29.5,OBSERVED,58.3,OBSERVED,3.0,OBSERVED,81.1,OBSERVED,3499.0,OBSERVED,2.9719,IMPUTED_STATE_MEAN,0.5272,IMPUTED_STATE_MEAN,24.0194,IMPUTED_STATE_MEAN,3.28,IMPUTED_STATE_MEAN,90.0,OBSERVED,58.3,OBSERVED,3.0,OBSERVED,29.5,OBSERVED,13.9,OBSERVED,37.8,OBSERVED,81.1,OBSERVED,3499.0,OBSERVED,90.0,OBSERVED,15.3,OBSERVED,19.6,OBSERVED
691,Sangareddy,Telangana,1.773,OBSERVED,39,OBSERVED,0.364,OBSERVED,8,OBSERVED,0,OBSERVED,2200000.0,OBSERVED,42.6,OBSERVED,10.2,OBSERVED,12.4,OBSERVED,76.0,OBSERVED,90.0,OBSERVED,13.8,OBSERVED,32.9,OBSERVED,25.0,OBSERVED,35.1,OBSERVED,58.1,OBSERVED,3.0,OBSERVED,68.0,OBSERVED,4718.0,OBSERVED,3.045,INHERITED_FROM_513,0.364,INHERITED_FROM_513,22.227,INHERITED_FROM_513,4.0,INHERITED_FROM_513,90.0,OBSERVED,58.1,OBSERVED,3.0,OBSERVED,35.1,OBSERVED,25.0,OBSERVED,32.9,OBSERVED,68.0,OBSERVED,4718.0,OBSERVED,90.0,OBSERVED,11.3,OBSERVED,16.3,OBSERVED
692,Siddipet,Telangana,1.773,OBSERVED,39,OBSERVED,0.364,OBSERVED,8,OBSERVED,0,OBSERVED,2200000.0,OBSERVED,42.6,OBSERVED,10.2,OBSERVED,12.4,OBSERVED,76.0,OBSERVED,90.0,OBSERVED,17.35,OBSERVED,28.1,OBSERVED,19.3,OBSERVED,29.6,OBSERVED,60.9,OBSERVED,3.0,OBSERVED,84.1,OBSERVED,5528.0,OBSERVED,3.045,INHERITED_FROM_513,0.364,INHERITED_FROM_513,22.227,INHERITED_FROM_513,4.0,INHERITED_FROM_513,90.0,OBSERVED,60.9,OBSERVED,3.0,OBSERVED,29.6,OBSERVED,19.3,OBSERVED,28.1,OBSERVED,84.1,OBSERVED,5528.0,OBSERVED,90.0,OBSERVED,14.7,OBSERVED,20.0,OBSERVED
696,Suryapet,Telangana,1.773,OBSERVED,39,OBSERVED,0.364,OBSERVED,8,OBSERVED,0,OBSERVED,2200000.0,OBSERVED,42.6,OBSERVED,10.2,OBSERVED,12.4,OBSERVED,76.0,OBSERVED,90.0,OBSERVED,20.8,OBSERVED,29.1,OBSERVED,24.9,OBSERVED,30.1,OBSERVED,63.1,OBSERVED,3.0,OBSERVED,77.9,OBSERVED,3615.0,OBSERVED,3.273,INHERITED_FROM_514,0.182,INHERITED_FROM_514,28.455,INHERITED_FROM_514,5.0,INHERITED_FROM_514,90.0,OBSERVED,63.1,OBSERVED,3.0,OBSERVED,30.1,OBSERVED,24.9,OBSERVED,29.1,OBSERVED,77.9,OBSERVED,3615.0,OBSERVED,90.0,OBSERVED,17.7,OBSERVED,23.9,OBSERVED
698,Vikarabad,Telangana,1.773,OBSERVED,39,OBSERVED,0.364,OBSERVED,8,OBSERVED,0,OBSERVED,2200000.0,OBSERVED,42.6,OBSERVED,10.2,OBSERVED,12.4,OBSERVED,76.0,OBSERVED,90.0,OBSERVED,12.55,OBSERVED,32.1,OBSERVED,20.0,OBSERVED,37.1,OBSERVED,59.6,OBSERVED,3.0,OBSERVED,66.7,OBSERVED,3201.0,OBSERVED,2.9719,IMPUTED_STATE_MEAN,0.5272,IMPUTED_STATE_MEAN,24.0194,IMPUTED_STATE_MEAN,3.28,IMPUTED_STATE_MEAN,90.0,OBSERVED,59.6,OBSERVED,3.0,OBSERVED,37.1,OBSERVED,20.0,OBSERVED,32.1,OBSERVED,66.7,OBSERVED,3201.0,OBSERVED,90.0,OBSERVED,10.8,OBSERVED,14.3,OBSERVED
693,Wanaparthy,Telangana,1.773,OBSERVED,39,OBSERVED,0.364,OBSERVED,8,OBSERVED,0,OBSERVED,2200000.0,OBSERVED,42.6,OBSERVED,10.2,OBSERVED,12.4,OBSERVED,76.0,OBSERVED,90.0,OBSERVED,15.2,OBSERVED,40.4,OBSERVED,15.1,OBSERVED,33.2,OBSERVED,70.1,OBSERVED,3.0,OBSERVED,75.9,OBSERVED,2989.0,OBSERVED,2.9719,IMPUTED_STATE_MEAN,0.5272,IMPUTED_STATE_MEAN,24.0194,IMPUTED_STATE_MEAN,3.28,IMPUTED_STATE_MEAN,90.0,OBSERVED,70.1,OBSERVED,3.0,OBSERVED,33.2,OBSERVED,15.1,OBSERVED,40.4,OBSERVED,75.9,OBSERVED,2989.0,OBSERVED,90.0,OBSERVED,13.9,OBSERVED,16.5,OBSERVED
522,Warangal,Telangana,1.773,OBSERVED,39,OBSERVED,0.364,OBSERVED,8,OBSERVED,0,OBSERVED,2200000.0,OBSERVED,42.6,OBSERVED,10.2,OBSERVED,12.4,OBSERVED,76.0,OBSERVED,90.0,OBSERVED,16.85,OBSERVED,36.1,OBSERVED,19.0,OBSERVED,37.9,OBSERVED,72.0,OBSERVED,3.0,OBSERVED,74.3,OBSERVED,3713.0,OBSERVED,3.136,OBSERVED,0.636,OBSERVED,27.5,OBSERVED,2.0,OBSERVED,90.0,OBSERVED,72.0,OBSERVED,3.0,OBSERVED,37.9,OBSERVED,19.0,OBSERVED,36.1,OBSERVED,74.3,OBSERVED,3713.0,OBSERVED,90.0,OBSERVED,15.6,OBSERVED,18.1,OBSERVED
697,Yadadri Bhuvanagiri,Telangana,1.773,OBSERVED,39,OBSERVED,0.364,OBSERVED,8,OBSERVED,0,OBSERVED,2200000.0,OBSERVED,42.6,OBSERVED,10.2,OBSERVED,12.4,OBSERVED,76.0,OBSERVED,90.0,OBSERVED,16.3,OBSERVED,38.3,OBSERVED,10.3,OBSERVED,27.2,OBSERVED,65.3,OBSERVED,3.0,OBSERVED,81.9,OBSERVED,3082.0,OBSERVED,3.273,INHERITED_FROM_514,0.182,INHERITED_FROM_514,28.455,INHERITED_FROM_514,5.0,INHERITED_FROM_514,90.0,OBSERVED,65.3,OBSERVED,3.0,OBSERVED,27.2,OBSERVED,10.3,OBSERVED,38.3,OBSERVED,81.9,OBSERVED,3082.0,OBSERVED,90.0,OBSERVED,14.6,OBSERVED,18.0,OBSERVED
