dropped_indicator,pillar,spearman_rho,rank_disruption,top_10_overlap,top_20_overlap
nfhs_hypertension_combined_pct,P1,0.8392,0.1608,9,15
rhs_hospital_presence,P3,0.9461,0.0539,4,14
nfhs_insurance_pct,P2,0.9509,0.0491,5,15
census_literacy_rate_pct,P7,0.9627,0.0373,9,16
niti_aspirational_district_flag,P6,0.9757,0.0243,7,15
nfhs_diabetes_combined_pct,P1,0.9771,0.0229,8,15
mca21_pharma_density_per_100k,P5,0.9804,0.0196,10,19
nfhs_wasting_pct,P1,0.9846,0.0154,8,16
nfhs_stunting_pct,P1,0.985,0.015,8,18
rhs_chc_density_per_100k,P3,0.9862,0.0138,9,17
nfhs_sanitation_pct,P2,0.9865,0.0135,8,17
nfhs_underweight_pct,P1,0.9887,0.0113,9,19
rhs_subcentre_density_per_100k,P3,0.9895,0.0105,9,18
jan_aushadhi_density_per_100k,P4,0.9925,0.0075,10,20
rhs_phc_density_per_100k,P3,0.9958,0.0042,9,19
nfhs_oope_delivery_rs,P2,0.9981,0.0019,10,18
census_urban_population_pct,P1,0.9997,0.0003,10,20
census_population_age_0_6_pct,P1,1.0,0.0,10,20
nfhs_clean_fuel_pct,P2,1.0,0.0,10,20
census_decadal_growth_pct,P7,1.0,0.0,10,20
