lgd_district_code,Variant 1: Baseline AHP + Entropy + Saturation (λ=0.15),Variant 2: Equal Pillar Weights,Variant 3: Equal Indicator Weights,Variant 4: Robust Normalization (IQR),Variant 5: No Saturation Dampener (λ=0.0),Variant 6: Low Saturation (λ=0.10),Variant 7: High Saturation (λ=0.20),Variant 8: Geometric Aggregation,Variant 9: Exclude Child Nutrition Proxies,Variant 10: P6 Aspirational Neutral (Weight=0),mean_rank,std_dev_rank,min_rank,max_rank,rank_spread,district_name,state_name,baseline_rank
521,82,17,42,82,88,84,82,61,102,106,74.6,25.95,17,106,89,Vizianagaram,Andhra Pradesh,82
743,82,17,42,82,88,84,82,61,102,106,74.6,25.95,17,106,89,Parvathipuram Manyam,Andhra Pradesh,82
745,93,22,75,93,97,95,92,81,106,111,86.5,23.67,22,111,89,Alluri Sitharama Raju,Andhra Pradesh,93
501,26,75,16,26,28,26,26,59,85,20,38.7,23.45,16,85,69,Adilabad,Telangana,26
520,107,40,93,107,100,102,109,87,116,125,98.6,22.05,22,125,103,Visakhapatnam,Andhra Pradesh,107
568,71,56,69,71,12,52,81,28,41,66,54.7,20.71,12,81,69,Chennai,Tamil Nadu,71
700,132,147,148,132,83,117,147,105,104,128,124.3,20.66,20,148,128,Medchal Malkajgiri,Telangana,132
685,23,63,22,23,24,23,23,56,78,17,35.2,20.65,17,78,61,Kamareddy,Telangana,23
558,78,21,95,78,81,78,77,54,48,78,68.8,20.44,20,95,75,Kasaragod,Kerala,78
546,127,69,115,127,130,129,127,110,139,147,122.0,20.26,20,147,127,Raichur,Karnataka,127
564,62,19,88,62,64,63,62,46,19,59,54.4,20.17,19,88,69,Pathanamthitta,Kerala,62
699,4,10,2,4,4,4,4,7,64,38,14.1,19.45,2,64,62,Kumuram Bheem Asifabad,Telangana,4
597,22,3,15,22,23,22,22,2,24,74,22.9,18.74,2,74,72,Virudhunagar,Tamil Nadu,22
635,126,76,114,126,128,128,126,114,146,146,123.0,18.72,18,146,128,Yadgir,Karnataka,126
507,128,127,144,128,87,113,145,121,92,124,120.9,18.19,18,145,127,Hyderabad,Telangana,128
574,86,84,110,86,56,82,93,48,60,83,78.8,17.76,17,110,93,Kancheepuram,Tamil Nadu,86
695,36,70,25,36,38,37,36,63,79,32,45.2,17.41,17,79,62,Jogulamba Gadwal,Telangana,36
569,84,58,107,84,86,83,85,49,52,82,77.0,17.25,17,107,90,Coimbatore,Tamil Nadu,84
588,80,57,102,80,85,80,79,52,47,80,74.2,16.05,16,102,86,Theni,Tamil Nadu,80
567,17,1,30,17,18,17,17,5,25,62,20.9,15.83,1,62,61,Wayanad,Kerala,17
690,12,11,3,12,13,12,12,14,30,60,17.9,15.38,3,60,57,Bhadradri Kothagudem,Telangana,12
686,32,62,19,32,34,32,32,60,61,27,39.1,14.9,14,62,48,Hanumakonda,Telangana,32
577,77,49,101,77,80,77,76,50,59,77,72.3,14.84,14,101,87,Krishnagiri,Tamil Nadu,77
682,35,66,17,35,37,35,35,57,62,31,41.0,14.69,14,66,52,Peddapalli,Telangana,35
587,79,51,105,79,82,79,78,53,69,79,75.4,14.55,14,105,91,The Nilgiris,Tamil Nadu,79
599,116,130,137,116,118,118,116,147,91,115,120.4,14.28,14,147,133,Mahe,Puducherry,116
694,40,67,32,40,42,41,40,66,73,36,47.7,14.09,14,73,59,Nagarkurnool,Telangana,40
601,134,136,146,134,136,136,132,148,94,132,132.8,13.95,13,148,135,Yanam,Puducherry,134
513,50,82,38,50,51,50,50,72,77,47,56.7,13.94,13,82,69,Medak,Telangana,50
600,136,128,147,136,129,133,139,141,93,134,131.6,13.92,13,147,134,Puducherry,Puducherry,136
598,81,54,48,81,84,81,80,88,56,81,73.4,13.87,13,88,75,Karaikal,Puducherry,81
570,70,53,89,70,73,71,70,43,43,70,65.2,13.74,13,89,76,Cuddalore,Tamil Nadu,70
557,51,16,60,51,52,51,51,39,22,48,44.1,13.51,13,60,47,Kannur,Kerala,51
634,73,55,92,73,75,73,72,45,49,72,67.9,13.38,13,92,79,Tiruppur,Tamil Nadu,73
584,76,61,96,76,79,76,75,55,46,76,71.6,13.35,13,96,83,Salem,Tamil Nadu,76
511,101,115,99,101,104,101,99,142,120,98,108.0,13.32,13,142,129,Kurnool,Andhra Pradesh,101
522,31,59,23,31,33,31,31,58,55,25,37.7,13.21,13,59,46,Warangal,Telangana,31
571,75,52,100,75,77,75,74,51,66,75,72.0,13.14,13,100,87,Dharmapuri,Tamil Nadu,75
721,43,64,35,43,44,43,42,68,74,40,49.6,12.91,12,74,62,Narayanpet,Telangana,43
512,43,64,35,43,44,43,42,68,74,40,49.6,12.91,12,74,62,Mahabubnagar,Telangana,43
578,68,50,90,68,69,69,68,47,45,68,64.2,12.79,12,90,78,Madurai,Tamil Nadu,68
552,96,101,123,96,72,87,103,96,84,91,94.9,12.72,12,123,111,South Goa,Goa,96
514,48,73,34,48,49,48,47,70,70,45,53.2,12.37,12,73,61,Nalgonda,Telangana,48
560,39,15,56,39,41,40,39,33,12,35,34.9,12.18,12,56,44,Kottayam,Kerala,39
687,2,5,1,2,2,2,2,4,38,26,8.4,12.15,1,38,37,Jayashankar Bhupalapally,Telangana,2
562,57,20,63,57,59,58,57,44,44,54,51.3,11.97,11,63,52,Malappuram,Kerala,57
590,54,45,82,54,55,55,54,41,34,51,52.5,11.93,11,82,71,Thiruvarur,Tamil Nadu,54
580,58,44,81,58,60,59,58,42,36,55,55.1,11.81,11,81,70,Namakkal,Tamil Nadu,58
551,99,102,122,99,78,92,105,92,83,96,96.8,11.53,11,122,111,North Goa,Goa,99
696,46,71,29,46,47,46,45,67,53,43,49.3,11.43,11,71,60,Suryapet,Telangana,46
689,37,60,33,37,39,38,37,64,58,33,43.6,11.4,11,64,53,Jangoan,Telangana,37
681,49,72,27,49,50,49,48,65,54,46,50.9,11.26,11,72,61,Jagitial,Telangana,49
693,47,68,37,47,48,47,46,71,65,44,52.0,10.96,10,71,61,Wanaparthy,Telangana,47
555,41,12,41,41,25,36,49,29,23,37,33.4,10.45,10,49,39,Ernakulam,Kerala,41
581,52,46,80,52,53,53,52,40,42,49,51.9,10.37,10,80,70,Perambalur,Tamil Nadu,52
720,56,80,45,56,58,57,56,74,72,53,60.7,10.34,10,80,70,Mulugu,Telangana,56
683,59,74,39,59,61,60,59,75,50,56,59.2,9.88,9,75,66,Rajanna Sircilla,Telangana,59
554,27,13,52,27,30,27,27,27,17,21,26.8,9.83,9,52,43,Alappuzha,Kerala,27
509,60,77,40,60,62,61,60,76,57,57,61.0,9.79,9,77,68,Khammam,Telangana,60
508,61,81,44,61,63,62,61,73,51,58,61.5,9.72,9,81,72,Karimnagar,Telangana,61
556,34,14,55,34,36,34,34,34,26,30,33.1,9.58,9,55,46,Idukki,Kerala,34
575,42,39,54,42,43,42,41,35,14,39,39.1,9.55,9,54,45,Kanniyakumari,Tamil Nadu,42
516,66,92,59,66,68,67,66,77,81,65,70.7,9.25,9,92,83,Nizamabad,Telangana,66
565,28,6,31,28,29,28,28,26,5,22,23.1,9.07,5,31,26,Thiruvananthapuram,Kerala,28
539,106,110,77,106,109,107,106,107,105,103,103.6,9.06,9,110,101,Hassan,Karnataka,106
502,91,93,73,91,95,93,90,89,112,89,91.6,8.91,8,112,104,Ananthapuramu,Andhra Pradesh,91
754,91,93,73,91,95,93,90,89,112,89,91.6,8.91,8,112,104,Sri Sathya Sai,Andhra Pradesh,91
594,53,48,70,53,54,54,53,37,37,50,50.9,8.9,8,70,62,Thoothukkudi,Tamil Nadu,53
755,90,100,86,90,94,91,89,91,117,88,93.6,8.59,8,117,109,Nandyal,Andhra Pradesh,90
506,120,124,126,120,122,122,120,146,115,119,123.4,8.04,8,146,138,Guntur,Andhra Pradesh,120
730,55,47,61,55,56,56,55,38,35,52,51.0,8.0,8,61,53,Chengalpattu,Tamil Nadu,55
