district_lgd_code,district_name,state_name,year,govt_procurement_value_inr_cr,govt_procurement_quantity_units,facility_drug_issue_value_inr_cr,facility_drug_issue_quantity_units,pmbi_jan_aushadhi_sales_inr_lakh,gem_medicine_procurement_value_inr_cr,cppp_awarded_tender_value_inr_cr,state_gst_medicines_inr_cr,nppa_price_compliance_pct,data_source_flags,provenance_status,confidence_level
745,Alluri Sitharama Raju,Andhra Pradesh,2024,0.0,0,0.0,0,0.0,0.0,0.0,0.0,100.0,INITIALIZED_PENDING_INGESTION,STRUCTURE_READY,PENDING_DOWNLOAD
744,Anakapalli,Andhra Pradesh,2024,0.0,0,0.0,0,0.0,0.0,0.0,0.0,100.0,INITIALIZED_PENDING_INGESTION,STRUCTURE_READY,PENDING_DOWNLOAD
502,Ananthapuramu,Andhra Pradesh,2024,0.0,0,0.0,0,0.0,0.0,0.0,0.0,100.0,INITIALIZED_PENDING_INGESTION,STRUCTURE_READY,PENDING_DOWNLOAD
753,Annamayya,Andhra Pradesh,2024,0.0,0,0.0,0,0.0,0.0,0.0,0.0,100.0,INITIALIZED_PENDING_INGESTION,STRUCTURE_READY,PENDING_DOWNLOAD
750,Bapatla,Andhra Pradesh,2024,0.0,0,0.0,0,0.0,0.0,0.0,0.0,100.0,INITIALIZED_PENDING_INGESTION,STRUCTURE_READY,PENDING_DOWNLOAD
503,Chittoor,Andhra Pradesh,2024,0.0,0,0.0,0,0.0,0.0,0.0,0.0,100.0,INITIALIZED_PENDING_INGESTION,STRUCTURE_READY,PENDING_DOWNLOAD
747,Dr. B.R. Ambedkar Konaseema,Andhra Pradesh,2024,0.0,0,0.0,0,0.0,0.0,0.0,0.0,100.0,INITIALIZED_PENDING_INGESTION,STRUCTURE_READY,PENDING_DOWNLOAD
505,East Godavari,Andhra Pradesh,2024,0.0,0,0.0,0,0.0,0.0,0.0,0.0,100.0,INITIALIZED_PENDING_INGESTION,STRUCTURE_READY,PENDING_DOWNLOAD
748,Eluru,Andhra Pradesh,2024,0.0,0,0.0,0,0.0,0.0,0.0,0.0,100.0,INITIALIZED_PENDING_INGESTION,STRUCTURE_READY,PENDING_DOWNLOAD
506,Guntur,Andhra Pradesh,2024,0.0,0,0.0,0,0.0,0.0,0.0,0.0,100.0,INITIALIZED_PENDING_INGESTION,STRUCTURE_READY,PENDING_DOWNLOAD
746,Kakinada,Andhra Pradesh,2024,0.0,0,0.0,0,0.0,0.0,0.0,0.0,100.0,INITIALIZED_PENDING_INGESTION,STRUCTURE_READY,PENDING_DOWNLOAD
510,Krishna,Andhra Pradesh,2024,0.0,0,0.0,0,0.0,0.0,0.0,0.0,100.0,INITIALIZED_PENDING_INGESTION,STRUCTURE_READY,PENDING_DOWNLOAD
511,Kurnool,Andhra Pradesh,2024,0.0,0,0.0,0,0.0,0.0,0.0,0.0,100.0,INITIALIZED_PENDING_INGESTION,STRUCTURE_READY,PENDING_DOWNLOAD
755,Nandyal,Andhra Pradesh,2024,0.0,0,0.0,0,0.0,0.0,0.0,0.0,100.0,INITIALIZED_PENDING_INGESTION,STRUCTURE_READY,PENDING_DOWNLOAD
749,Ntr,Andhra Pradesh,2024,0.0,0,0.0,0,0.0,0.0,0.0,0.0,100.0,INITIALIZED_PENDING_INGESTION,STRUCTURE_READY,PENDING_DOWNLOAD
751,Palnadu,Andhra Pradesh,2024,0.0,0,0.0,0,0.0,0.0,0.0,0.0,100.0,INITIALIZED_PENDING_INGESTION,STRUCTURE_READY,PENDING_DOWNLOAD
743,Parvathipuram Manyam,Andhra Pradesh,2024,0.0,0,0.0,0,0.0,0.0,0.0,0.0,100.0,INITIALIZED_PENDING_INGESTION,STRUCTURE_READY,PENDING_DOWNLOAD
517,Prakasam,Andhra Pradesh,2024,0.0,0,0.0,0,0.0,0.0,0.0,0.0,100.0,INITIALIZED_PENDING_INGESTION,STRUCTURE_READY,PENDING_DOWNLOAD
515,Sri Potti Sriramulu Nellore,Andhra Pradesh,2024,0.0,0,0.0,0,0.0,0.0,0.0,0.0,100.0,INITIALIZED_PENDING_INGESTION,STRUCTURE_READY,PENDING_DOWNLOAD
754,Sri Sathya Sai,Andhra Pradesh,2024,0.0,0,0.0,0,0.0,0.0,0.0,0.0,100.0,INITIALIZED_PENDING_INGESTION,STRUCTURE_READY,PENDING_DOWNLOAD
519,Srikakulam,Andhra Pradesh,2024,0.0,0,0.0,0,0.0,0.0,0.0,0.0,100.0,INITIALIZED_PENDING_INGESTION,STRUCTURE_READY,PENDING_DOWNLOAD
752,Tirupati,Andhra Pradesh,2024,0.0,0,0.0,0,0.0,0.0,0.0,0.0,100.0,INITIALIZED_PENDING_INGESTION,STRUCTURE_READY,PENDING_DOWNLOAD
520,Visakhapatnam,Andhra Pradesh,2024,0.0,0,0.0,0,0.0,0.0,0.0,0.0,100.0,INITIALIZED_PENDING_INGESTION,STRUCTURE_READY,PENDING_DOWNLOAD
521,Vizianagaram,Andhra Pradesh,2024,0.0,0,0.0,0,0.0,0.0,0.0,0.0,100.0,INITIALIZED_PENDING_INGESTION,STRUCTURE_READY,PENDING_DOWNLOAD
523,West Godavari,Andhra Pradesh,2024,0.0,0,0.0,0,0.0,0.0,0.0,0.0,100.0,INITIALIZED_PENDING_INGESTION,STRUCTURE_READY,PENDING_DOWNLOAD
504,Y.S.R.,Andhra Pradesh,2024,0.0,0,0.0,0,0.0,0.0,0.0,0.0,100.0,INITIALIZED_PENDING_INGESTION,STRUCTURE_READY,PENDING_DOWNLOAD
551,North Goa,Goa,2024,0.0,0,0.0,0,0.0,0.0,0.0,0.0,100.0,INITIALIZED_PENDING_INGESTION,STRUCTURE_READY,PENDING_DOWNLOAD
552,South Goa,Goa,2024,0.0,0,0.0,0,0.0,0.0,0.0,0.0,100.0,INITIALIZED_PENDING_INGESTION,STRUCTURE_READY,PENDING_DOWNLOAD
524,Bagalkote,Karnataka,2024,0.0,0,0.0,0,0.0,0.0,0.0,0.0,100.0,INITIALIZED_PENDING_INGESTION,STRUCTURE_READY,PENDING_DOWNLOAD
528,Ballari,Karnataka,2024,0.0,0,0.0,0,0.0,0.0,0.0,0.0,100.0,INITIALIZED_PENDING_INGESTION,STRUCTURE_READY,PENDING_DOWNLOAD
527,Belagavi,Karnataka,2024,0.0,0,0.0,0,0.0,0.0,0.0,0.0,100.0,INITIALIZED_PENDING_INGESTION,STRUCTURE_READY,PENDING_DOWNLOAD
526,Bengaluru Rural,Karnataka,2024,0.0,0,0.0,0,0.0,0.0,0.0,0.0,100.0,INITIALIZED_PENDING_INGESTION,STRUCTURE_READY,PENDING_DOWNLOAD
525,Bengaluru Urban,Karnataka,2024,0.0,0,0.0,0,0.0,0.0,0.0,0.0,100.0,INITIALIZED_PENDING_INGESTION,STRUCTURE_READY,PENDING_DOWNLOAD
529,Bidar,Karnataka,2024,0.0,0,0.0,0,0.0,0.0,0.0,0.0,100.0,INITIALIZED_PENDING_INGESTION,STRUCTURE_READY,PENDING_DOWNLOAD
531,Chamarajanagara,Karnataka,2024,0.0,0,0.0,0,0.0,0.0,0.0,0.0,100.0,INITIALIZED_PENDING_INGESTION,STRUCTURE_READY,PENDING_DOWNLOAD
630,Chikkaballapura,Karnataka,2024,0.0,0,0.0,0,0.0,0.0,0.0,0.0,100.0,INITIALIZED_PENDING_INGESTION,STRUCTURE_READY,PENDING_DOWNLOAD
532,Chikkamagaluru,Karnataka,2024,0.0,0,0.0,0,0.0,0.0,0.0,0.0,100.0,INITIALIZED_PENDING_INGESTION,STRUCTURE_READY,PENDING_DOWNLOAD
533,Chitradurga,Karnataka,2024,0.0,0,0.0,0,0.0,0.0,0.0,0.0,100.0,INITIALIZED_PENDING_INGESTION,STRUCTURE_READY,PENDING_DOWNLOAD
534,Dakshina Kannada,Karnataka,2024,0.0,0,0.0,0,0.0,0.0,0.0,0.0,100.0,INITIALIZED_PENDING_INGESTION,STRUCTURE_READY,PENDING_DOWNLOAD
535,Davangere,Karnataka,2024,0.0,0,0.0,0,0.0,0.0,0.0,0.0,100.0,INITIALIZED_PENDING_INGESTION,STRUCTURE_READY,PENDING_DOWNLOAD
536,Dharwad,Karnataka,2024,0.0,0,0.0,0,0.0,0.0,0.0,0.0,100.0,INITIALIZED_PENDING_INGESTION,STRUCTURE_READY,PENDING_DOWNLOAD
537,Gadag,Karnataka,2024,0.0,0,0.0,0,0.0,0.0,0.0,0.0,100.0,INITIALIZED_PENDING_INGESTION,STRUCTURE_READY,PENDING_DOWNLOAD
539,Hassan,Karnataka,2024,0.0,0,0.0,0,0.0,0.0,0.0,0.0,100.0,INITIALIZED_PENDING_INGESTION,STRUCTURE_READY,PENDING_DOWNLOAD
540,Haveri,Karnataka,2024,0.0,0,0.0,0,0.0,0.0,0.0,0.0,100.0,INITIALIZED_PENDING_INGESTION,STRUCTURE_READY,PENDING_DOWNLOAD
538,Kalaburagi,Karnataka,2024,0.0,0,0.0,0,0.0,0.0,0.0,0.0,100.0,INITIALIZED_PENDING_INGESTION,STRUCTURE_READY,PENDING_DOWNLOAD
541,Kodagu,Karnataka,2024,0.0,0,0.0,0,0.0,0.0,0.0,0.0,100.0,INITIALIZED_PENDING_INGESTION,STRUCTURE_READY,PENDING_DOWNLOAD
542,Kolar,Karnataka,2024,0.0,0,0.0,0,0.0,0.0,0.0,0.0,100.0,INITIALIZED_PENDING_INGESTION,STRUCTURE_READY,PENDING_DOWNLOAD
543,Koppal,Karnataka,2024,0.0,0,0.0,0,0.0,0.0,0.0,0.0,100.0,INITIALIZED_PENDING_INGESTION,STRUCTURE_READY,PENDING_DOWNLOAD
544,Mandya,Karnataka,2024,0.0,0,0.0,0,0.0,0.0,0.0,0.0,100.0,INITIALIZED_PENDING_INGESTION,STRUCTURE_READY,PENDING_DOWNLOAD
545,Mysuru,Karnataka,2024,0.0,0,0.0,0,0.0,0.0,0.0,0.0,100.0,INITIALIZED_PENDING_INGESTION,STRUCTURE_READY,PENDING_DOWNLOAD
546,Raichur,Karnataka,2024,0.0,0,0.0,0,0.0,0.0,0.0,0.0,100.0,INITIALIZED_PENDING_INGESTION,STRUCTURE_READY,PENDING_DOWNLOAD
631,Ramanagara,Karnataka,2024,0.0,0,0.0,0,0.0,0.0,0.0,0.0,100.0,INITIALIZED_PENDING_INGESTION,STRUCTURE_READY,PENDING_DOWNLOAD
547,Shivamogga,Karnataka,2024,0.0,0,0.0,0,0.0,0.0,0.0,0.0,100.0,INITIALIZED_PENDING_INGESTION,STRUCTURE_READY,PENDING_DOWNLOAD
548,Tumakuru,Karnataka,2024,0.0,0,0.0,0,0.0,0.0,0.0,0.0,100.0,INITIALIZED_PENDING_INGESTION,STRUCTURE_READY,PENDING_DOWNLOAD
549,Udupi,Karnataka,2024,0.0,0,0.0,0,0.0,0.0,0.0,0.0,100.0,INITIALIZED_PENDING_INGESTION,STRUCTURE_READY,PENDING_DOWNLOAD
550,Uttara Kannada,Karnataka,2024,0.0,0,0.0,0,0.0,0.0,0.0,0.0,100.0,INITIALIZED_PENDING_INGESTION,STRUCTURE_READY,PENDING_DOWNLOAD
738,Vijayanagar,Karnataka,2024,0.0,0,0.0,0,0.0,0.0,0.0,0.0,100.0,INITIALIZED_PENDING_INGESTION,STRUCTURE_READY,PENDING_DOWNLOAD
530,Vijayapura,Karnataka,2024,0.0,0,0.0,0,0.0,0.0,0.0,0.0,100.0,INITIALIZED_PENDING_INGESTION,STRUCTURE_READY,PENDING_DOWNLOAD
635,Yadgir,Karnataka,2024,0.0,0,0.0,0,0.0,0.0,0.0,0.0,100.0,INITIALIZED_PENDING_INGESTION,STRUCTURE_READY,PENDING_DOWNLOAD
554,Alappuzha,Kerala,2024,0.0,0,0.0,0,0.0,0.0,0.0,0.0,100.0,INITIALIZED_PENDING_INGESTION,STRUCTURE_READY,PENDING_DOWNLOAD
555,Ernakulam,Kerala,2024,0.0,0,0.0,0,0.0,0.0,0.0,0.0,100.0,INITIALIZED_PENDING_INGESTION,STRUCTURE_READY,PENDING_DOWNLOAD
556,Idukki,Kerala,2024,0.0,0,0.0,0,0.0,0.0,0.0,0.0,100.0,INITIALIZED_PENDING_INGESTION,STRUCTURE_READY,PENDING_DOWNLOAD
557,Kannur,Kerala,2024,0.0,0,0.0,0,0.0,0.0,0.0,0.0,100.0,INITIALIZED_PENDING_INGESTION,STRUCTURE_READY,PENDING_DOWNLOAD
558,Kasaragod,Kerala,2024,0.0,0,0.0,0,0.0,0.0,0.0,0.0,100.0,INITIALIZED_PENDING_INGESTION,STRUCTURE_READY,PENDING_DOWNLOAD
559,Kollam,Kerala,2024,0.0,0,0.0,0,0.0,0.0,0.0,0.0,100.0,INITIALIZED_PENDING_INGESTION,STRUCTURE_READY,PENDING_DOWNLOAD
560,Kottayam,Kerala,2024,0.0,0,0.0,0,0.0,0.0,0.0,0.0,100.0,INITIALIZED_PENDING_INGESTION,STRUCTURE_READY,PENDING_DOWNLOAD
561,Kozhikode,Kerala,2024,0.0,0,0.0,0,0.0,0.0,0.0,0.0,100.0,INITIALIZED_PENDING_INGESTION,STRUCTURE_READY,PENDING_DOWNLOAD
562,Malappuram,Kerala,2024,0.0,0,0.0,0,0.0,0.0,0.0,0.0,100.0,INITIALIZED_PENDING_INGESTION,STRUCTURE_READY,PENDING_DOWNLOAD
563,Palakkad,Kerala,2024,0.0,0,0.0,0,0.0,0.0,0.0,0.0,100.0,INITIALIZED_PENDING_INGESTION,STRUCTURE_READY,PENDING_DOWNLOAD
564,Pathanamthitta,Kerala,2024,0.0,0,0.0,0,0.0,0.0,0.0,0.0,100.0,INITIALIZED_PENDING_INGESTION,STRUCTURE_READY,PENDING_DOWNLOAD
565,Thiruvananthapuram,Kerala,2024,0.0,0,0.0,0,0.0,0.0,0.0,0.0,100.0,INITIALIZED_PENDING_INGESTION,STRUCTURE_READY,PENDING_DOWNLOAD
566,Thrissur,Kerala,2024,0.0,0,0.0,0,0.0,0.0,0.0,0.0,100.0,INITIALIZED_PENDING_INGESTION,STRUCTURE_READY,PENDING_DOWNLOAD
567,Wayanad,Kerala,2024,0.0,0,0.0,0,0.0,0.0,0.0,0.0,100.0,INITIALIZED_PENDING_INGESTION,STRUCTURE_READY,PENDING_DOWNLOAD
598,Karaikal,Puducherry,2024,0.0,0,0.0,0,0.0,0.0,0.0,0.0,100.0,INITIALIZED_PENDING_INGESTION,STRUCTURE_READY,PENDING_DOWNLOAD
599,Mahe,Puducherry,2024,0.0,0,0.0,0,0.0,0.0,0.0,0.0,100.0,INITIALIZED_PENDING_INGESTION,STRUCTURE_READY,PENDING_DOWNLOAD
600,Puducherry,Puducherry,2024,0.0,0,0.0,0,0.0,0.0,0.0,0.0,100.0,INITIALIZED_PENDING_INGESTION,STRUCTURE_READY,PENDING_DOWNLOAD
601,Yanam,Puducherry,2024,0.0,0,0.0,0,0.0,0.0,0.0,0.0,100.0,INITIALIZED_PENDING_INGESTION,STRUCTURE_READY,PENDING_DOWNLOAD
610,Ariyalur,Tamil Nadu,2024,0.0,0,0.0,0,0.0,0.0,0.0,0.0,100.0,INITIALIZED_PENDING_INGESTION,STRUCTURE_READY,PENDING_DOWNLOAD
730,Chengalpattu,Tamil Nadu,2024,0.0,0,0.0,0,0.0,0.0,0.0,0.0,100.0,INITIALIZED_PENDING_INGESTION,STRUCTURE_READY,PENDING_DOWNLOAD
568,Chennai,Tamil Nadu,2024,0.0,0,0.0,0,0.0,0.0,0.0,0.0,100.0,INITIALIZED_PENDING_INGESTION,STRUCTURE_READY,PENDING_DOWNLOAD
569,Coimbatore,Tamil Nadu,2024,0.0,0,0.0,0,0.0,0.0,0.0,0.0,100.0,INITIALIZED_PENDING_INGESTION,STRUCTURE_READY,PENDING_DOWNLOAD
570,Cuddalore,Tamil Nadu,2024,0.0,0,0.0,0,0.0,0.0,0.0,0.0,100.0,INITIALIZED_PENDING_INGESTION,STRUCTURE_READY,PENDING_DOWNLOAD
571,Dharmapuri,Tamil Nadu,2024,0.0,0,0.0,0,0.0,0.0,0.0,0.0,100.0,INITIALIZED_PENDING_INGESTION,STRUCTURE_READY,PENDING_DOWNLOAD
572,Dindigul,Tamil Nadu,2024,0.0,0,0.0,0,0.0,0.0,0.0,0.0,100.0,INITIALIZED_PENDING_INGESTION,STRUCTURE_READY,PENDING_DOWNLOAD
573,Erode,Tamil Nadu,2024,0.0,0,0.0,0,0.0,0.0,0.0,0.0,100.0,INITIALIZED_PENDING_INGESTION,STRUCTURE_READY,PENDING_DOWNLOAD
729,Kallakurichi,Tamil Nadu,2024,0.0,0,0.0,0,0.0,0.0,0.0,0.0,100.0,INITIALIZED_PENDING_INGESTION,STRUCTURE_READY,PENDING_DOWNLOAD
574,Kancheepuram,Tamil Nadu,2024,0.0,0,0.0,0,0.0,0.0,0.0,0.0,100.0,INITIALIZED_PENDING_INGESTION,STRUCTURE_READY,PENDING_DOWNLOAD
575,Kanniyakumari,Tamil Nadu,2024,0.0,0,0.0,0,0.0,0.0,0.0,0.0,100.0,INITIALIZED_PENDING_INGESTION,STRUCTURE_READY,PENDING_DOWNLOAD
576,Karur,Tamil Nadu,2024,0.0,0,0.0,0,0.0,0.0,0.0,0.0,100.0,INITIALIZED_PENDING_INGESTION,STRUCTURE_READY,PENDING_DOWNLOAD
577,Krishnagiri,Tamil Nadu,2024,0.0,0,0.0,0,0.0,0.0,0.0,0.0,100.0,INITIALIZED_PENDING_INGESTION,STRUCTURE_READY,PENDING_DOWNLOAD
578,Madurai,Tamil Nadu,2024,0.0,0,0.0,0,0.0,0.0,0.0,0.0,100.0,INITIALIZED_PENDING_INGESTION,STRUCTURE_READY,PENDING_DOWNLOAD
735,Mayiladuthurai,Tamil Nadu,2024,0.0,0,0.0,0,0.0,0.0,0.0,0.0,100.0,INITIALIZED_PENDING_INGESTION,STRUCTURE_READY,PENDING_DOWNLOAD
579,Nagapattinam,Tamil Nadu,2024,0.0,0,0.0,0,0.0,0.0,0.0,0.0,100.0,INITIALIZED_PENDING_INGESTION,STRUCTURE_READY,PENDING_DOWNLOAD
580,Namakkal,Tamil Nadu,2024,0.0,0,0.0,0,0.0,0.0,0.0,0.0,100.0,INITIALIZED_PENDING_INGESTION,STRUCTURE_READY,PENDING_DOWNLOAD
581,Perambalur,Tamil Nadu,2024,0.0,0,0.0,0,0.0,0.0,0.0,0.0,100.0,INITIALIZED_PENDING_INGESTION,STRUCTURE_READY,PENDING_DOWNLOAD
582,Pudukkottai,Tamil Nadu,2024,0.0,0,0.0,0,0.0,0.0,0.0,0.0,100.0,INITIALIZED_PENDING_INGESTION,STRUCTURE_READY,PENDING_DOWNLOAD
583,Ramanathapuram,Tamil Nadu,2024,0.0,0,0.0,0,0.0,0.0,0.0,0.0,100.0,INITIALIZED_PENDING_INGESTION,STRUCTURE_READY,PENDING_DOWNLOAD
731,Ranipet,Tamil Nadu,2024,0.0,0,0.0,0,0.0,0.0,0.0,0.0,100.0,INITIALIZED_PENDING_INGESTION,STRUCTURE_READY,PENDING_DOWNLOAD
584,Salem,Tamil Nadu,2024,0.0,0,0.0,0,0.0,0.0,0.0,0.0,100.0,INITIALIZED_PENDING_INGESTION,STRUCTURE_READY,PENDING_DOWNLOAD
585,Sivaganga,Tamil Nadu,2024,0.0,0,0.0,0,0.0,0.0,0.0,0.0,100.0,INITIALIZED_PENDING_INGESTION,STRUCTURE_READY,PENDING_DOWNLOAD
733,Tenkasi,Tamil Nadu,2024,0.0,0,0.0,0,0.0,0.0,0.0,0.0,100.0,INITIALIZED_PENDING_INGESTION,STRUCTURE_READY,PENDING_DOWNLOAD
586,Thanjavur,Tamil Nadu,2024,0.0,0,0.0,0,0.0,0.0,0.0,0.0,100.0,INITIALIZED_PENDING_INGESTION,STRUCTURE_READY,PENDING_DOWNLOAD
587,The Nilgiris,Tamil Nadu,2024,0.0,0,0.0,0,0.0,0.0,0.0,0.0,100.0,INITIALIZED_PENDING_INGESTION,STRUCTURE_READY,PENDING_DOWNLOAD
588,Theni,Tamil Nadu,2024,0.0,0,0.0,0,0.0,0.0,0.0,0.0,100.0,INITIALIZED_PENDING_INGESTION,STRUCTURE_READY,PENDING_DOWNLOAD
589,Thiruvallur,Tamil Nadu,2024,0.0,0,0.0,0,0.0,0.0,0.0,0.0,100.0,INITIALIZED_PENDING_INGESTION,STRUCTURE_READY,PENDING_DOWNLOAD
590,Thiruvarur,Tamil Nadu,2024,0.0,0,0.0,0,0.0,0.0,0.0,0.0,100.0,INITIALIZED_PENDING_INGESTION,STRUCTURE_READY,PENDING_DOWNLOAD
594,Thoothukkudi,Tamil Nadu,2024,0.0,0,0.0,0,0.0,0.0,0.0,0.0,100.0,INITIALIZED_PENDING_INGESTION,STRUCTURE_READY,PENDING_DOWNLOAD
591,Tiruchirappalli,Tamil Nadu,2024,0.0,0,0.0,0,0.0,0.0,0.0,0.0,100.0,INITIALIZED_PENDING_INGESTION,STRUCTURE_READY,PENDING_DOWNLOAD
592,Tirunelveli,Tamil Nadu,2024,0.0,0,0.0,0,0.0,0.0,0.0,0.0,100.0,INITIALIZED_PENDING_INGESTION,STRUCTURE_READY,PENDING_DOWNLOAD
732,Tirupathur,Tamil Nadu,2024,0.0,0,0.0,0,0.0,0.0,0.0,0.0,100.0,INITIALIZED_PENDING_INGESTION,STRUCTURE_READY,PENDING_DOWNLOAD
634,Tiruppur,Tamil Nadu,2024,0.0,0,0.0,0,0.0,0.0,0.0,0.0,100.0,INITIALIZED_PENDING_INGESTION,STRUCTURE_READY,PENDING_DOWNLOAD
593,Tiruvannamalai,Tamil Nadu,2024,0.0,0,0.0,0,0.0,0.0,0.0,0.0,100.0,INITIALIZED_PENDING_INGESTION,STRUCTURE_READY,PENDING_DOWNLOAD
595,Vellore,Tamil Nadu,2024,0.0,0,0.0,0,0.0,0.0,0.0,0.0,100.0,INITIALIZED_PENDING_INGESTION,STRUCTURE_READY,PENDING_DOWNLOAD
596,Viluppuram,Tamil Nadu,2024,0.0,0,0.0,0,0.0,0.0,0.0,0.0,100.0,INITIALIZED_PENDING_INGESTION,STRUCTURE_READY,PENDING_DOWNLOAD
597,Virudhunagar,Tamil Nadu,2024,0.0,0,0.0,0,0.0,0.0,0.0,0.0,100.0,INITIALIZED_PENDING_INGESTION,STRUCTURE_READY,PENDING_DOWNLOAD
501,Adilabad,Telangana,2024,0.0,0,0.0,0,0.0,0.0,0.0,0.0,100.0,INITIALIZED_PENDING_INGESTION,STRUCTURE_READY,PENDING_DOWNLOAD
690,Bhadradri Kothagudem,Telangana,2024,0.0,0,0.0,0,0.0,0.0,0.0,0.0,100.0,INITIALIZED_PENDING_INGESTION,STRUCTURE_READY,PENDING_DOWNLOAD
686,Hanumakonda,Telangana,2024,0.0,0,0.0,0,0.0,0.0,0.0,0.0,100.0,INITIALIZED_PENDING_INGESTION,STRUCTURE_READY,PENDING_DOWNLOAD
507,Hyderabad,Telangana,2024,0.0,0,0.0,0,0.0,0.0,0.0,0.0,100.0,INITIALIZED_PENDING_INGESTION,STRUCTURE_READY,PENDING_DOWNLOAD
681,Jagitial,Telangana,2024,0.0,0,0.0,0,0.0,0.0,0.0,0.0,100.0,INITIALIZED_PENDING_INGESTION,STRUCTURE_READY,PENDING_DOWNLOAD
689,Jangoan,Telangana,2024,0.0,0,0.0,0,0.0,0.0,0.0,0.0,100.0,INITIALIZED_PENDING_INGESTION,STRUCTURE_READY,PENDING_DOWNLOAD
687,Jayashankar Bhupalapally,Telangana,2024,0.0,0,0.0,0,0.0,0.0,0.0,0.0,100.0,INITIALIZED_PENDING_INGESTION,STRUCTURE_READY,PENDING_DOWNLOAD
695,Jogulamba Gadwal,Telangana,2024,0.0,0,0.0,0,0.0,0.0,0.0,0.0,100.0,INITIALIZED_PENDING_INGESTION,STRUCTURE_READY,PENDING_DOWNLOAD
685,Kamareddy,Telangana,2024,0.0,0,0.0,0,0.0,0.0,0.0,0.0,100.0,INITIALIZED_PENDING_INGESTION,STRUCTURE_READY,PENDING_DOWNLOAD
508,Karimnagar,Telangana,2024,0.0,0,0.0,0,0.0,0.0,0.0,0.0,100.0,INITIALIZED_PENDING_INGESTION,STRUCTURE_READY,PENDING_DOWNLOAD
509,Khammam,Telangana,2024,0.0,0,0.0,0,0.0,0.0,0.0,0.0,100.0,INITIALIZED_PENDING_INGESTION,STRUCTURE_READY,PENDING_DOWNLOAD
699,Kumuram Bheem Asifabad,Telangana,2024,0.0,0,0.0,0,0.0,0.0,0.0,0.0,100.0,INITIALIZED_PENDING_INGESTION,STRUCTURE_READY,PENDING_DOWNLOAD
688,Mahabubabad,Telangana,2024,0.0,0,0.0,0,0.0,0.0,0.0,0.0,100.0,INITIALIZED_PENDING_INGESTION,STRUCTURE_READY,PENDING_DOWNLOAD
512,Mahabubnagar,Telangana,2024,0.0,0,0.0,0,0.0,0.0,0.0,0.0,100.0,INITIALIZED_PENDING_INGESTION,STRUCTURE_READY,PENDING_DOWNLOAD
684,Mancherial,Telangana,2024,0.0,0,0.0,0,0.0,0.0,0.0,0.0,100.0,INITIALIZED_PENDING_INGESTION,STRUCTURE_READY,PENDING_DOWNLOAD
513,Medak,Telangana,2024,0.0,0,0.0,0,0.0,0.0,0.0,0.0,100.0,INITIALIZED_PENDING_INGESTION,STRUCTURE_READY,PENDING_DOWNLOAD
700,Medchal Malkajgiri,Telangana,2024,0.0,0,0.0,0,0.0,0.0,0.0,0.0,100.0,INITIALIZED_PENDING_INGESTION,STRUCTURE_READY,PENDING_DOWNLOAD
720,Mulugu,Telangana,2024,0.0,0,0.0,0,0.0,0.0,0.0,0.0,100.0,INITIALIZED_PENDING_INGESTION,STRUCTURE_READY,PENDING_DOWNLOAD
694,Nagarkurnool,Telangana,2024,0.0,0,0.0,0,0.0,0.0,0.0,0.0,100.0,INITIALIZED_PENDING_INGESTION,STRUCTURE_READY,PENDING_DOWNLOAD
514,Nalgonda,Telangana,2024,0.0,0,0.0,0,0.0,0.0,0.0,0.0,100.0,INITIALIZED_PENDING_INGESTION,STRUCTURE_READY,PENDING_DOWNLOAD
721,Narayanpet,Telangana,2024,0.0,0,0.0,0,0.0,0.0,0.0,0.0,100.0,INITIALIZED_PENDING_INGESTION,STRUCTURE_READY,PENDING_DOWNLOAD
680,Nirmal,Telangana,2024,0.0,0,0.0,0,0.0,0.0,0.0,0.0,100.0,INITIALIZED_PENDING_INGESTION,STRUCTURE_READY,PENDING_DOWNLOAD
516,Nizamabad,Telangana,2024,0.0,0,0.0,0,0.0,0.0,0.0,0.0,100.0,INITIALIZED_PENDING_INGESTION,STRUCTURE_READY,PENDING_DOWNLOAD
682,Peddapalli,Telangana,2024,0.0,0,0.0,0,0.0,0.0,0.0,0.0,100.0,INITIALIZED_PENDING_INGESTION,STRUCTURE_READY,PENDING_DOWNLOAD
683,Rajanna Sircilla,Telangana,2024,0.0,0,0.0,0,0.0,0.0,0.0,0.0,100.0,INITIALIZED_PENDING_INGESTION,STRUCTURE_READY,PENDING_DOWNLOAD
518,Ranga Reddy,Telangana,2024,0.0,0,0.0,0,0.0,0.0,0.0,0.0,100.0,INITIALIZED_PENDING_INGESTION,STRUCTURE_READY,PENDING_DOWNLOAD
691,Sangareddy,Telangana,2024,0.0,0,0.0,0,0.0,0.0,0.0,0.0,100.0,INITIALIZED_PENDING_INGESTION,STRUCTURE_READY,PENDING_DOWNLOAD
692,Siddipet,Telangana,2024,0.0,0,0.0,0,0.0,0.0,0.0,0.0,100.0,INITIALIZED_PENDING_INGESTION,STRUCTURE_READY,PENDING_DOWNLOAD
696,Suryapet,Telangana,2024,0.0,0,0.0,0,0.0,0.0,0.0,0.0,100.0,INITIALIZED_PENDING_INGESTION,STRUCTURE_READY,PENDING_DOWNLOAD
698,Vikarabad,Telangana,2024,0.0,0,0.0,0,0.0,0.0,0.0,0.0,100.0,INITIALIZED_PENDING_INGESTION,STRUCTURE_READY,PENDING_DOWNLOAD
693,Wanaparthy,Telangana,2024,0.0,0,0.0,0,0.0,0.0,0.0,0.0,100.0,INITIALIZED_PENDING_INGESTION,STRUCTURE_READY,PENDING_DOWNLOAD
522,Warangal,Telangana,2024,0.0,0,0.0,0,0.0,0.0,0.0,0.0,100.0,INITIALIZED_PENDING_INGESTION,STRUCTURE_READY,PENDING_DOWNLOAD
697,Yadadri Bhuvanagiri,Telangana,2024,0.0,0,0.0,0,0.0,0.0,0.0,0.0,100.0,INITIALIZED_PENDING_INGESTION,STRUCTURE_READY,PENDING_DOWNLOAD
